../2026-10-05-review/corpus-v3/01-text/ascii_table.sake	1	1	3
../2026-10-05-review/corpus-v3/01-text/ascii_table.sake	2	1	3
../2026-10-05-review/corpus-v3/01-text/ascii_table.sake	3	1	9
../2026-10-05-review/corpus-v3/01-text/ascii_table.sake	4	1	9
../2026-10-05-review/corpus-v3/01-text/bwt_rle.sake	1	0	0
../2026-10-05-review/corpus-v3/01-text/bwt_rle.sake	2	1	2
../2026-10-05-review/corpus-v3/01-text/bwt_rle.sake	3	1	9
../2026-10-05-review/corpus-v3/01-text/bwt_rle.sake	4	1	11
../2026-10-05-review/corpus-v3/01-text/case_convert.sake	1	0	0
../2026-10-05-review/corpus-v3/01-text/case_convert.sake	2	1	2
../2026-10-05-review/corpus-v3/01-text/case_convert.sake	3	1	8
../2026-10-05-review/corpus-v3/01-text/case_convert.sake	4	1	8
../2026-10-05-review/corpus-v3/01-text/classic_ciphers.sake	1	0	0
../2026-10-05-review/corpus-v3/01-text/classic_ciphers.sake	2	1	1
../2026-10-05-review/corpus-v3/01-text/classic_ciphers.sake	3	1	5
../2026-10-05-review/corpus-v3/01-text/classic_ciphers.sake	4	1	5
../2026-10-05-review/corpus-v3/01-text/columnize.sake	1	0	0
../2026-10-05-review/corpus-v3/01-text/columnize.sake	2	1	1
../2026-10-05-review/corpus-v3/01-text/columnize.sake	3	1	2
../2026-10-05-review/corpus-v3/01-text/columnize.sake	4	1	2
../2026-10-05-review/corpus-v3/01-text/csv_report.sake	1	1	1
../2026-10-05-review/corpus-v3/01-text/csv_report.sake	2	1	2
../2026-10-05-review/corpus-v3/01-text/csv_report.sake	3	1	15
../2026-10-05-review/corpus-v3/01-text/csv_report.sake	4	1	15
../2026-10-05-review/corpus-v3/01-text/date_format.sake	1	0	0
../2026-10-05-review/corpus-v3/01-text/date_format.sake	2	0	0
../2026-10-05-review/corpus-v3/01-text/date_format.sake	3	1	19
../2026-10-05-review/corpus-v3/01-text/date_format.sake	4	1	19
../2026-10-05-review/corpus-v3/01-text/doc_pretty.sake	1	0	0
../2026-10-05-review/corpus-v3/01-text/doc_pretty.sake	2	1	1
../2026-10-05-review/corpus-v3/01-text/doc_pretty.sake	3	1	3
../2026-10-05-review/corpus-v3/01-text/doc_pretty.sake	4	1	3
../2026-10-05-review/corpus-v3/01-text/human_format.sake	1	0	0
../2026-10-05-review/corpus-v3/01-text/human_format.sake	2	0	0
../2026-10-05-review/corpus-v3/01-text/human_format.sake	3	1	1
../2026-10-05-review/corpus-v3/01-text/human_format.sake	4	1	1
../2026-10-05-review/corpus-v3/01-text/inflector.sake	1	0	0
../2026-10-05-review/corpus-v3/01-text/inflector.sake	2	0	0
../2026-10-05-review/corpus-v3/01-text/inflector.sake	3	1	1
../2026-10-05-review/corpus-v3/01-text/inflector.sake	4	1	1
../2026-10-05-review/corpus-v3/01-text/ini_config.sake	1	0	0
../2026-10-05-review/corpus-v3/01-text/ini_config.sake	2	1	1
../2026-10-05-review/corpus-v3/01-text/ini_config.sake	3	1	3
../2026-10-05-review/corpus-v3/01-text/ini_config.sake	4	1	5
../2026-10-05-review/corpus-v3/01-text/json_pretty.sake	1	1	1
../2026-10-05-review/corpus-v3/01-text/json_pretty.sake	2	1	1
../2026-10-05-review/corpus-v3/01-text/json_pretty.sake	3	1	6
../2026-10-05-review/corpus-v3/01-text/json_pretty.sake	4	1	6
../2026-10-05-review/corpus-v3/01-text/justify_text.sake	1	0	0
../2026-10-05-review/corpus-v3/01-text/justify_text.sake	2	1	1
../2026-10-05-review/corpus-v3/01-text/justify_text.sake	3	1	1
../2026-10-05-review/corpus-v3/01-text/justify_text.sake	4	1	1
../2026-10-05-review/corpus-v3/01-text/line_diff.sake	1	0	0
../2026-10-05-review/corpus-v3/01-text/line_diff.sake	2	0	0
../2026-10-05-review/corpus-v3/01-text/line_diff.sake	3	1	15
../2026-10-05-review/corpus-v3/01-text/line_diff.sake	4	1	15
../2026-10-05-review/corpus-v3/01-text/markdown_html.sake	1	0	0
../2026-10-05-review/corpus-v3/01-text/markdown_html.sake	2	1	2
../2026-10-05-review/corpus-v3/01-text/markdown_html.sake	3	1	8
../2026-10-05-review/corpus-v3/01-text/markdown_html.sake	4	1	8
../2026-10-05-review/corpus-v3/01-text/markdown_table.sake	1	0	0
../2026-10-05-review/corpus-v3/01-text/markdown_table.sake	2	1	1
../2026-10-05-review/corpus-v3/01-text/markdown_table.sake	3	1	10
../2026-10-05-review/corpus-v3/01-text/markdown_table.sake	4	1	10
../2026-10-05-review/corpus-v3/01-text/number_words.sake	1	0	0
../2026-10-05-review/corpus-v3/01-text/number_words.sake	2	0	0
../2026-10-05-review/corpus-v3/01-text/number_words.sake	3	1	1
../2026-10-05-review/corpus-v3/01-text/number_words.sake	4	1	1
../2026-10-05-review/corpus-v3/01-text/outline_number.sake	1	0	0
../2026-10-05-review/corpus-v3/01-text/outline_number.sake	2	1	6
../2026-10-05-review/corpus-v3/01-text/outline_number.sake	3	1	9
../2026-10-05-review/corpus-v3/01-text/outline_number.sake	4	1	11
../2026-10-05-review/corpus-v3/01-text/slugify.sake	1	0	0
../2026-10-05-review/corpus-v3/01-text/slugify.sake	2	1	1
../2026-10-05-review/corpus-v3/01-text/slugify.sake	3	1	1
../2026-10-05-review/corpus-v3/01-text/slugify.sake	4	1	1
../2026-10-05-review/corpus-v3/01-text/spell_suggest.sake	1	1	1
../2026-10-05-review/corpus-v3/01-text/spell_suggest.sake	2	1	4
../2026-10-05-review/corpus-v3/01-text/spell_suggest.sake	3	1	12
../2026-10-05-review/corpus-v3/01-text/spell_suggest.sake	4	1	12
../2026-10-05-review/corpus-v3/01-text/template_render.sake	1	0	0
../2026-10-05-review/corpus-v3/01-text/template_render.sake	2	0	0
../2026-10-05-review/corpus-v3/01-text/template_render.sake	3	1	3
../2026-10-05-review/corpus-v3/01-text/template_render.sake	4	1	3
../2026-10-05-review/corpus-v3/01-text/text_box.sake	1	0	0
../2026-10-05-review/corpus-v3/01-text/text_box.sake	2	1	6
../2026-10-05-review/corpus-v3/01-text/text_box.sake	3	1	6
../2026-10-05-review/corpus-v3/01-text/text_box.sake	4	1	6
../2026-10-05-review/corpus-v3/01-text/text_stats.sake	1	0	0
../2026-10-05-review/corpus-v3/01-text/text_stats.sake	2	1	1
../2026-10-05-review/corpus-v3/01-text/text_stats.sake	3	1	2
../2026-10-05-review/corpus-v3/01-text/text_stats.sake	4	1	2
../2026-10-05-review/corpus-v3/01-text/whitespace_tidy.sake	1	0	0
../2026-10-05-review/corpus-v3/01-text/whitespace_tidy.sake	2	1	1
../2026-10-05-review/corpus-v3/01-text/whitespace_tidy.sake	3	1	5
../2026-10-05-review/corpus-v3/01-text/whitespace_tidy.sake	4	1	5
../2026-10-05-review/corpus-v3/01-text/word_wrap.sake	1	0	0
../2026-10-05-review/corpus-v3/01-text/word_wrap.sake	2	0	0
../2026-10-05-review/corpus-v3/01-text/word_wrap.sake	3	1	6
../2026-10-05-review/corpus-v3/01-text/word_wrap.sake	4	1	6
../2026-10-05-review/corpus-v3/02-analytics/access_log_urls.sake	1	0	0
../2026-10-05-review/corpus-v3/02-analytics/access_log_urls.sake	2	0	0
../2026-10-05-review/corpus-v3/02-analytics/access_log_urls.sake	3	1	11
../2026-10-05-review/corpus-v3/02-analytics/access_log_urls.sake	4	1	11
../2026-10-05-review/corpus-v3/02-analytics/anagram_groups.sake	1	0	0
../2026-10-05-review/corpus-v3/02-analytics/anagram_groups.sake	2	0	0
../2026-10-05-review/corpus-v3/02-analytics/anagram_groups.sake	3	1	3
../2026-10-05-review/corpus-v3/02-analytics/anagram_groups.sake	4	1	3
../2026-10-05-review/corpus-v3/02-analytics/autocomplete.sake	1	0	0
../2026-10-05-review/corpus-v3/02-analytics/autocomplete.sake	2	0	0
../2026-10-05-review/corpus-v3/02-analytics/autocomplete.sake	3	1	11
../2026-10-05-review/corpus-v3/02-analytics/autocomplete.sake	4	1	11
../2026-10-05-review/corpus-v3/02-analytics/caesar_crack.sake	1	0	0
../2026-10-05-review/corpus-v3/02-analytics/caesar_crack.sake	2	1	1
../2026-10-05-review/corpus-v3/02-analytics/caesar_crack.sake	3	1	2
../2026-10-05-review/corpus-v3/02-analytics/caesar_crack.sake	4	1	2
../2026-10-05-review/corpus-v3/02-analytics/cooccurrence_pmi.sake	1	0	0
../2026-10-05-review/corpus-v3/02-analytics/cooccurrence_pmi.sake	2	0	0
../2026-10-05-review/corpus-v3/02-analytics/cooccurrence_pmi.sake	3	0	0
../2026-10-05-review/corpus-v3/02-analytics/cooccurrence_pmi.sake	4	0	0
../2026-10-05-review/corpus-v3/02-analytics/csv_pivot.sake	1	0	0
../2026-10-05-review/corpus-v3/02-analytics/csv_pivot.sake	2	0	0
../2026-10-05-review/corpus-v3/02-analytics/csv_pivot.sake	3	1	4
../2026-10-05-review/corpus-v3/02-analytics/csv_pivot.sake	4	1	4
../2026-10-05-review/corpus-v3/02-analytics/email_domains.sake	1	0	0
../2026-10-05-review/corpus-v3/02-analytics/email_domains.sake	2	0	0
../2026-10-05-review/corpus-v3/02-analytics/email_domains.sake	3	1	4
../2026-10-05-review/corpus-v3/02-analytics/email_domains.sake	4	1	4
../2026-10-05-review/corpus-v3/02-analytics/hashtag_trends.sake	1	0	0
../2026-10-05-review/corpus-v3/02-analytics/hashtag_trends.sake	2	0	0
../2026-10-05-review/corpus-v3/02-analytics/hashtag_trends.sake	3	1	6
../2026-10-05-review/corpus-v3/02-analytics/hashtag_trends.sake	4	1	6
../2026-10-05-review/corpus-v3/02-analytics/inverted_index.sake	1	0	0
../2026-10-05-review/corpus-v3/02-analytics/inverted_index.sake	2	0	0
../2026-10-05-review/corpus-v3/02-analytics/inverted_index.sake	3	1	8
../2026-10-05-review/corpus-v3/02-analytics/inverted_index.sake	4	1	8
../2026-10-05-review/corpus-v3/02-analytics/kwic_concordance.sake	1	0	0
../2026-10-05-review/corpus-v3/02-analytics/kwic_concordance.sake	2	0	0
../2026-10-05-review/corpus-v3/02-analytics/kwic_concordance.sake	3	1	6
../2026-10-05-review/corpus-v3/02-analytics/kwic_concordance.sake	4	1	6
../2026-10-05-review/corpus-v3/02-analytics/language_guess.sake	1	0	0
../2026-10-05-review/corpus-v3/02-analytics/language_guess.sake	2	0	0
../2026-10-05-review/corpus-v3/02-analytics/language_guess.sake	3	1	4
../2026-10-05-review/corpus-v3/02-analytics/language_guess.sake	4	1	4
../2026-10-05-review/corpus-v3/02-analytics/log_summary.sake	1	0	0
../2026-10-05-review/corpus-v3/02-analytics/log_summary.sake	2	0	0
../2026-10-05-review/corpus-v3/02-analytics/log_summary.sake	3	1	9
../2026-10-05-review/corpus-v3/02-analytics/log_summary.sake	4	1	9
../2026-10-05-review/corpus-v3/02-analytics/markov_text.sake	1	0	0
../2026-10-05-review/corpus-v3/02-analytics/markov_text.sake	2	0	0
../2026-10-05-review/corpus-v3/02-analytics/markov_text.sake	3	1	2
../2026-10-05-review/corpus-v3/02-analytics/markov_text.sake	4	1	2
../2026-10-05-review/corpus-v3/02-analytics/naive_bayes.sake	1	0	0
../2026-10-05-review/corpus-v3/02-analytics/naive_bayes.sake	2	1	1
../2026-10-05-review/corpus-v3/02-analytics/naive_bayes.sake	3	1	2
../2026-10-05-review/corpus-v3/02-analytics/naive_bayes.sake	4	1	2
../2026-10-05-review/corpus-v3/02-analytics/near_duplicates.sake	1	0	0
../2026-10-05-review/corpus-v3/02-analytics/near_duplicates.sake	2	0	0
../2026-10-05-review/corpus-v3/02-analytics/near_duplicates.sake	3	1	9
../2026-10-05-review/corpus-v3/02-analytics/near_duplicates.sake	4	1	9
../2026-10-05-review/corpus-v3/02-analytics/ngram_counts.sake	1	0	0
../2026-10-05-review/corpus-v3/02-analytics/ngram_counts.sake	2	0	0
../2026-10-05-review/corpus-v3/02-analytics/ngram_counts.sake	3	1	2
../2026-10-05-review/corpus-v3/02-analytics/ngram_counts.sake	4	1	2
../2026-10-05-review/corpus-v3/02-analytics/rake_keywords.sake	1	0	0
../2026-10-05-review/corpus-v3/02-analytics/rake_keywords.sake	2	0	0
../2026-10-05-review/corpus-v3/02-analytics/rake_keywords.sake	3	1	2
../2026-10-05-review/corpus-v3/02-analytics/rake_keywords.sake	4	1	3
../2026-10-05-review/corpus-v3/02-analytics/readability.sake	1	0	0
../2026-10-05-review/corpus-v3/02-analytics/readability.sake	2	0	0
../2026-10-05-review/corpus-v3/02-analytics/readability.sake	3	0	0
../2026-10-05-review/corpus-v3/02-analytics/readability.sake	4	0	0
../2026-10-05-review/corpus-v3/02-analytics/rhyme_scheme.sake	1	0	0
../2026-10-05-review/corpus-v3/02-analytics/rhyme_scheme.sake	2	0	0
../2026-10-05-review/corpus-v3/02-analytics/rhyme_scheme.sake	3	1	3
../2026-10-05-review/corpus-v3/02-analytics/rhyme_scheme.sake	4	1	3
../2026-10-05-review/corpus-v3/02-analytics/sentiment_lexicon.sake	1	0	0
../2026-10-05-review/corpus-v3/02-analytics/sentiment_lexicon.sake	2	0	0
../2026-10-05-review/corpus-v3/02-analytics/sentiment_lexicon.sake	3	1	1
../2026-10-05-review/corpus-v3/02-analytics/sentiment_lexicon.sake	4	1	1
../2026-10-05-review/corpus-v3/02-analytics/soundex_index.sake	1	0	0
../2026-10-05-review/corpus-v3/02-analytics/soundex_index.sake	2	0	0
../2026-10-05-review/corpus-v3/02-analytics/soundex_index.sake	3	1	3
../2026-10-05-review/corpus-v3/02-analytics/soundex_index.sake	4	1	3
../2026-10-05-review/corpus-v3/02-analytics/spell_suggest.sake	1	0	0
../2026-10-05-review/corpus-v3/02-analytics/spell_suggest.sake	2	0	0
../2026-10-05-review/corpus-v3/02-analytics/spell_suggest.sake	3	1	7
../2026-10-05-review/corpus-v3/02-analytics/spell_suggest.sake	4	1	7
../2026-10-05-review/corpus-v3/02-analytics/tf_idf.sake	1	0	0
../2026-10-05-review/corpus-v3/02-analytics/tf_idf.sake	2	0	0
../2026-10-05-review/corpus-v3/02-analytics/tf_idf.sake	3	1	4
../2026-10-05-review/corpus-v3/02-analytics/tf_idf.sake	4	1	4
../2026-10-05-review/corpus-v3/02-analytics/vocabulary_growth.sake	1	0	0
../2026-10-05-review/corpus-v3/02-analytics/vocabulary_growth.sake	2	0	0
../2026-10-05-review/corpus-v3/02-analytics/vocabulary_growth.sake	3	1	2
../2026-10-05-review/corpus-v3/02-analytics/vocabulary_growth.sake	4	1	2
../2026-10-05-review/corpus-v3/02-analytics/word_frequency.sake	1	0	0
../2026-10-05-review/corpus-v3/02-analytics/word_frequency.sake	2	0	0
../2026-10-05-review/corpus-v3/02-analytics/word_frequency.sake	3	0	0
../2026-10-05-review/corpus-v3/02-analytics/word_frequency.sake	4	0	0
../2026-10-05-review/corpus-v3/03-numtheory/base_conversion.sake	1	0	0
../2026-10-05-review/corpus-v3/03-numtheory/base_conversion.sake	2	0	0
../2026-10-05-review/corpus-v3/03-numtheory/base_conversion.sake	3	1	1
../2026-10-05-review/corpus-v3/03-numtheory/base_conversion.sake	4	1	4
../2026-10-05-review/corpus-v3/03-numtheory/calendar_congruences.sake	1	0	0
../2026-10-05-review/corpus-v3/03-numtheory/calendar_congruences.sake	2	1	3
../2026-10-05-review/corpus-v3/03-numtheory/calendar_congruences.sake	3	1	6
../2026-10-05-review/corpus-v3/03-numtheory/calendar_congruences.sake	4	1	7
../2026-10-05-review/corpus-v3/03-numtheory/check_digits.sake	1	0	0
../2026-10-05-review/corpus-v3/03-numtheory/check_digits.sake	2	1	2
../2026-10-05-review/corpus-v3/03-numtheory/check_digits.sake	3	1	4
../2026-10-05-review/corpus-v3/03-numtheory/check_digits.sake	4	1	4
../2026-10-05-review/corpus-v3/03-numtheory/collatz_stats.sake	1	0	0
../2026-10-05-review/corpus-v3/03-numtheory/collatz_stats.sake	2	0	0
../2026-10-05-review/corpus-v3/03-numtheory/collatz_stats.sake	3	1	7
../2026-10-05-review/corpus-v3/03-numtheory/collatz_stats.sake	4	1	7
../2026-10-05-review/corpus-v3/03-numtheory/continued_fractions.sake	1	0	0
../2026-10-05-review/corpus-v3/03-numtheory/continued_fractions.sake	2	0	0
../2026-10-05-review/corpus-v3/03-numtheory/continued_fractions.sake	3	1	3
../2026-10-05-review/corpus-v3/03-numtheory/continued_fractions.sake	4	1	3
../2026-10-05-review/corpus-v3/03-numtheory/digit_curiosities.sake	1	0	0
../2026-10-05-review/corpus-v3/03-numtheory/digit_curiosities.sake	2	0	0
../2026-10-05-review/corpus-v3/03-numtheory/digit_curiosities.sake	3	0	0
../2026-10-05-review/corpus-v3/03-numtheory/digit_curiosities.sake	4	0	0
../2026-10-05-review/corpus-v3/03-numtheory/egyptian_fractions.sake	1	0	0
../2026-10-05-review/corpus-v3/03-numtheory/egyptian_fractions.sake	2	1	1
../2026-10-05-review/corpus-v3/03-numtheory/egyptian_fractions.sake	3	1	1
../2026-10-05-review/corpus-v3/03-numtheory/egyptian_fractions.sake	4	1	2
../2026-10-05-review/corpus-v3/03-numtheory/factor_functions.sake	1	0	0
../2026-10-05-review/corpus-v3/03-numtheory/factor_functions.sake	2	1	1
../2026-10-05-review/corpus-v3/03-numtheory/factor_functions.sake	3	1	1
../2026-10-05-review/corpus-v3/03-numtheory/factor_functions.sake	4	1	2
../2026-10-05-review/corpus-v3/03-numtheory/farey_stern_brocot.sake	1	0	0
../2026-10-05-review/corpus-v3/03-numtheory/farey_stern_brocot.sake	2	1	2
../2026-10-05-review/corpus-v3/03-numtheory/farey_stern_brocot.sake	3	1	6
../2026-10-05-review/corpus-v3/03-numtheory/farey_stern_brocot.sake	4	1	7
../2026-10-05-review/corpus-v3/03-numtheory/fibonacci_numbers.sake	1	0	0
../2026-10-05-review/corpus-v3/03-numtheory/fibonacci_numbers.sake	2	1	2
../2026-10-05-review/corpus-v3/03-numtheory/fibonacci_numbers.sake	3	1	3
../2026-10-05-review/corpus-v3/03-numtheory/fibonacci_numbers.sake	4	1	3
../2026-10-05-review/corpus-v3/03-numtheory/goldbach.sake	1	0	0
../2026-10-05-review/corpus-v3/03-numtheory/goldbach.sake	2	1	4
../2026-10-05-review/corpus-v3/03-numtheory/goldbach.sake	3	1	4
../2026-10-05-review/corpus-v3/03-numtheory/goldbach.sake	4	1	4
../2026-10-05-review/corpus-v3/03-numtheory/happy_cycles.sake	1	0	0
../2026-10-05-review/corpus-v3/03-numtheory/happy_cycles.sake	2	1	3
../2026-10-05-review/corpus-v3/03-numtheory/happy_cycles.sake	3	1	4
../2026-10-05-review/corpus-v3/03-numtheory/happy_cycles.sake	4	1	4
../2026-10-05-review/corpus-v3/03-numtheory/integer_partitions.sake	1	0	0
../2026-10-05-review/corpus-v3/03-numtheory/integer_partitions.sake	2	1	1
../2026-10-05-review/corpus-v3/03-numtheory/integer_partitions.sake	3	1	8
../2026-10-05-review/corpus-v3/03-numtheory/integer_partitions.sake	4	1	8
../2026-10-05-review/corpus-v3/03-numtheory/linear_diophantine.sake	1	0	0
../2026-10-05-review/corpus-v3/03-numtheory/linear_diophantine.sake	2	0	0
../2026-10-05-review/corpus-v3/03-numtheory/linear_diophantine.sake	3	0	0
../2026-10-05-review/corpus-v3/03-numtheory/linear_diophantine.sake	4	1	2
../2026-10-05-review/corpus-v3/03-numtheory/linear_sieve.sake	1	0	0
../2026-10-05-review/corpus-v3/03-numtheory/linear_sieve.sake	2	0	0
../2026-10-05-review/corpus-v3/03-numtheory/linear_sieve.sake	3	1	11
../2026-10-05-review/corpus-v3/03-numtheory/linear_sieve.sake	4	1	11
../2026-10-05-review/corpus-v3/03-numtheory/miller_rabin.sake	1	0	0
../2026-10-05-review/corpus-v3/03-numtheory/miller_rabin.sake	2	0	0
../2026-10-05-review/corpus-v3/03-numtheory/miller_rabin.sake	3	0	0
../2026-10-05-review/corpus-v3/03-numtheory/miller_rabin.sake	4	0	0
../2026-10-05-review/corpus-v3/03-numtheory/modular_crt.sake	1	0	0
../2026-10-05-review/corpus-v3/03-numtheory/modular_crt.sake	2	0	0
../2026-10-05-review/corpus-v3/03-numtheory/modular_crt.sake	3	0	0
../2026-10-05-review/corpus-v3/03-numtheory/modular_crt.sake	4	1	2
../2026-10-05-review/corpus-v3/03-numtheory/perfect_amicable.sake	1	0	0
../2026-10-05-review/corpus-v3/03-numtheory/perfect_amicable.sake	2	1	4
../2026-10-05-review/corpus-v3/03-numtheory/perfect_amicable.sake	3	1	10
../2026-10-05-review/corpus-v3/03-numtheory/perfect_amicable.sake	4	1	10
../2026-10-05-review/corpus-v3/03-numtheory/pollard_rho.sake	1	0	0
../2026-10-05-review/corpus-v3/03-numtheory/pollard_rho.sake	2	0	0
../2026-10-05-review/corpus-v3/03-numtheory/pollard_rho.sake	3	0	0
../2026-10-05-review/corpus-v3/03-numtheory/pollard_rho.sake	4	1	1
../2026-10-05-review/corpus-v3/03-numtheory/primitive_roots.sake	1	0	0
../2026-10-05-review/corpus-v3/03-numtheory/primitive_roots.sake	2	0	0
../2026-10-05-review/corpus-v3/03-numtheory/primitive_roots.sake	3	1	2
../2026-10-05-review/corpus-v3/03-numtheory/primitive_roots.sake	4	1	3
../2026-10-05-review/corpus-v3/03-numtheory/pythagorean_triples.sake	1	0	0
../2026-10-05-review/corpus-v3/03-numtheory/pythagorean_triples.sake	2	0	0
../2026-10-05-review/corpus-v3/03-numtheory/pythagorean_triples.sake	3	1	3
../2026-10-05-review/corpus-v3/03-numtheory/pythagorean_triples.sake	4	1	4
../2026-10-05-review/corpus-v3/03-numtheory/quadratic_residues.sake	1	0	0
../2026-10-05-review/corpus-v3/03-numtheory/quadratic_residues.sake	2	1	2
../2026-10-05-review/corpus-v3/03-numtheory/quadratic_residues.sake	3	1	2
../2026-10-05-review/corpus-v3/03-numtheory/quadratic_residues.sake	4	1	4
../2026-10-05-review/corpus-v3/03-numtheory/repeating_decimals.sake	1	0	0
../2026-10-05-review/corpus-v3/03-numtheory/repeating_decimals.sake	2	1	5
../2026-10-05-review/corpus-v3/03-numtheory/repeating_decimals.sake	3	1	14
../2026-10-05-review/corpus-v3/03-numtheory/repeating_decimals.sake	4	1	14
../2026-10-05-review/corpus-v3/03-numtheory/rsa_toy.sake	1	0	0
../2026-10-05-review/corpus-v3/03-numtheory/rsa_toy.sake	2	0	0
../2026-10-05-review/corpus-v3/03-numtheory/rsa_toy.sake	3	0	0
../2026-10-05-review/corpus-v3/03-numtheory/rsa_toy.sake	4	1	1
../2026-10-05-review/corpus-v3/03-numtheory/sieve_primes.sake	1	0	0
../2026-10-05-review/corpus-v3/03-numtheory/sieve_primes.sake	2	0	0
../2026-10-05-review/corpus-v3/03-numtheory/sieve_primes.sake	3	1	2
../2026-10-05-review/corpus-v3/03-numtheory/sieve_primes.sake	4	1	2
../2026-10-05-review/corpus-v3/04-numeric/bezier_curves.sake	1	0	0
../2026-10-05-review/corpus-v3/04-numeric/bezier_curves.sake	2	1	11
../2026-10-05-review/corpus-v3/04-numeric/bezier_curves.sake	3	1	12
../2026-10-05-review/corpus-v3/04-numeric/bezier_curves.sake	4	1	12
../2026-10-05-review/corpus-v3/04-numeric/correlation_matrix.sake	1	0	0
../2026-10-05-review/corpus-v3/04-numeric/correlation_matrix.sake	2	1	6
../2026-10-05-review/corpus-v3/04-numeric/correlation_matrix.sake	3	1	11
../2026-10-05-review/corpus-v3/04-numeric/correlation_matrix.sake	4	1	11
../2026-10-05-review/corpus-v3/04-numeric/cubic_spline.sake	1	0	0
../2026-10-05-review/corpus-v3/04-numeric/cubic_spline.sake	2	1	7
../2026-10-05-review/corpus-v3/04-numeric/cubic_spline.sake	3	1	44
../2026-10-05-review/corpus-v3/04-numeric/cubic_spline.sake	4	1	45
../2026-10-05-review/corpus-v3/04-numeric/curve_fitting.sake	1	0	0
../2026-10-05-review/corpus-v3/04-numeric/curve_fitting.sake	2	1	7
../2026-10-05-review/corpus-v3/04-numeric/curve_fitting.sake	3	1	30
../2026-10-05-review/corpus-v3/04-numeric/curve_fitting.sake	4	1	31
../2026-10-05-review/corpus-v3/04-numeric/descriptive_stats.sake	1	1	1
../2026-10-05-review/corpus-v3/04-numeric/descriptive_stats.sake	2	1	2
../2026-10-05-review/corpus-v3/04-numeric/descriptive_stats.sake	3	1	4
../2026-10-05-review/corpus-v3/04-numeric/descriptive_stats.sake	4	1	4
../2026-10-05-review/corpus-v3/04-numeric/eigenvalues.sake	1	0	0
../2026-10-05-review/corpus-v3/04-numeric/eigenvalues.sake	2	1	14
../2026-10-05-review/corpus-v3/04-numeric/eigenvalues.sake	3	1	56
../2026-10-05-review/corpus-v3/04-numeric/eigenvalues.sake	4	1	56
../2026-10-05-review/corpus-v3/04-numeric/float_accuracy.sake	1	0	0
../2026-10-05-review/corpus-v3/04-numeric/float_accuracy.sake	2	0	0
../2026-10-05-review/corpus-v3/04-numeric/float_accuracy.sake	3	1	1
../2026-10-05-review/corpus-v3/04-numeric/float_accuracy.sake	4	1	1
../2026-10-05-review/corpus-v3/04-numeric/fourier_spectrum.sake	1	0	0
../2026-10-05-review/corpus-v3/04-numeric/fourier_spectrum.sake	2	1	2
../2026-10-05-review/corpus-v3/04-numeric/fourier_spectrum.sake	3	1	10
../2026-10-05-review/corpus-v3/04-numeric/fourier_spectrum.sake	4	1	11
../2026-10-05-review/corpus-v3/04-numeric/gaussian_elimination.sake	1	1	1
../2026-10-05-review/corpus-v3/04-numeric/gaussian_elimination.sake	2	1	9
../2026-10-05-review/corpus-v3/04-numeric/gaussian_elimination.sake	3	1	50
../2026-10-05-review/corpus-v3/04-numeric/gaussian_elimination.sake	4	1	51
../2026-10-05-review/corpus-v3/04-numeric/histogram_fit.sake	1	0	0
../2026-10-05-review/corpus-v3/04-numeric/histogram_fit.sake	2	1	5
../2026-10-05-review/corpus-v3/04-numeric/histogram_fit.sake	3	1	11
../2026-10-05-review/corpus-v3/04-numeric/histogram_fit.sake	4	1	11
../2026-10-05-review/corpus-v3/04-numeric/interval_arithmetic.sake	1	0	0
../2026-10-05-review/corpus-v3/04-numeric/interval_arithmetic.sake	2	1	47
../2026-10-05-review/corpus-v3/04-numeric/interval_arithmetic.sake	3	1	47
../2026-10-05-review/corpus-v3/04-numeric/interval_arithmetic.sake	4	1	48
../2026-10-05-review/corpus-v3/04-numeric/linear_regression.sake	1	0	0
../2026-10-05-review/corpus-v3/04-numeric/linear_regression.sake	2	1	6
../2026-10-05-review/corpus-v3/04-numeric/linear_regression.sake	3	1	9
../2026-10-05-review/corpus-v3/04-numeric/linear_regression.sake	4	1	9
../2026-10-05-review/corpus-v3/04-numeric/loan_amortization.sake	1	0	0
../2026-10-05-review/corpus-v3/04-numeric/loan_amortization.sake	2	1	2
../2026-10-05-review/corpus-v3/04-numeric/loan_amortization.sake	3	1	5
../2026-10-05-review/corpus-v3/04-numeric/loan_amortization.sake	4	1	5
../2026-10-05-review/corpus-v3/04-numeric/lu_decomposition.sake	1	0	0
../2026-10-05-review/corpus-v3/04-numeric/lu_decomposition.sake	2	1	3
../2026-10-05-review/corpus-v3/04-numeric/lu_decomposition.sake	3	1	40
../2026-10-05-review/corpus-v3/04-numeric/lu_decomposition.sake	4	1	41
../2026-10-05-review/corpus-v3/04-numeric/matrix_ops.sake	1	0	0
../2026-10-05-review/corpus-v3/04-numeric/matrix_ops.sake	2	1	2
../2026-10-05-review/corpus-v3/04-numeric/matrix_ops.sake	3	1	12
../2026-10-05-review/corpus-v3/04-numeric/matrix_ops.sake	4	1	15
../2026-10-05-review/corpus-v3/04-numeric/monte_carlo.sake	1	0	0
../2026-10-05-review/corpus-v3/04-numeric/monte_carlo.sake	2	0	0
../2026-10-05-review/corpus-v3/04-numeric/monte_carlo.sake	3	0	0
../2026-10-05-review/corpus-v3/04-numeric/monte_carlo.sake	4	0	0
../2026-10-05-review/corpus-v3/04-numeric/numeric_integration.sake	1	0	0
../2026-10-05-review/corpus-v3/04-numeric/numeric_integration.sake	2	1	1
../2026-10-05-review/corpus-v3/04-numeric/numeric_integration.sake	3	1	5
../2026-10-05-review/corpus-v3/04-numeric/numeric_integration.sake	4	1	5
../2026-10-05-review/corpus-v3/04-numeric/numerical_derivatives.sake	1	0	0
../2026-10-05-review/corpus-v3/04-numeric/numerical_derivatives.sake	2	1	3
../2026-10-05-review/corpus-v3/04-numeric/numerical_derivatives.sake	3	1	18
../2026-10-05-review/corpus-v3/04-numeric/numerical_derivatives.sake	4	1	18
../2026-10-05-review/corpus-v3/04-numeric/ode_solver.sake	1	0	0
../2026-10-05-review/corpus-v3/04-numeric/ode_solver.sake	2	0	0
../2026-10-05-review/corpus-v3/04-numeric/ode_solver.sake	3	1	21
../2026-10-05-review/corpus-v3/04-numeric/ode_solver.sake	4	1	21
../2026-10-05-review/corpus-v3/04-numeric/optimization.sake	1	0	0
../2026-10-05-review/corpus-v3/04-numeric/optimization.sake	2	1	3
../2026-10-05-review/corpus-v3/04-numeric/optimization.sake	3	1	13
../2026-10-05-review/corpus-v3/04-numeric/optimization.sake	4	1	13
../2026-10-05-review/corpus-v3/04-numeric/polynomial.sake	1	0	0
../2026-10-05-review/corpus-v3/04-numeric/polynomial.sake	2	1	3
../2026-10-05-review/corpus-v3/04-numeric/polynomial.sake	3	1	11
../2026-10-05-review/corpus-v3/04-numeric/polynomial.sake	4	1	11
../2026-10-05-review/corpus-v3/04-numeric/root_finding.sake	1	0	0
../2026-10-05-review/corpus-v3/04-numeric/root_finding.sake	2	1	1
../2026-10-05-review/corpus-v3/04-numeric/root_finding.sake	3	1	1
../2026-10-05-review/corpus-v3/04-numeric/root_finding.sake	4	1	7
../2026-10-05-review/corpus-v3/04-numeric/special_functions.sake	1	0	0
../2026-10-05-review/corpus-v3/04-numeric/special_functions.sake	2	1	1
../2026-10-05-review/corpus-v3/04-numeric/special_functions.sake	3	1	4
../2026-10-05-review/corpus-v3/04-numeric/special_functions.sake	4	1	5
../2026-10-05-review/corpus-v3/04-numeric/time_series.sake	1	0	0
../2026-10-05-review/corpus-v3/04-numeric/time_series.sake	2	1	5
../2026-10-05-review/corpus-v3/04-numeric/time_series.sake	3	1	26
../2026-10-05-review/corpus-v3/04-numeric/time_series.sake	4	1	26
../2026-10-05-review/corpus-v3/04-numeric/vector_geometry.sake	1	0	0
../2026-10-05-review/corpus-v3/04-numeric/vector_geometry.sake	2	1	2
../2026-10-05-review/corpus-v3/04-numeric/vector_geometry.sake	3	1	2
../2026-10-05-review/corpus-v3/04-numeric/vector_geometry.sake	4	1	2
../2026-10-05-review/corpus-v3/05-sorting/autocomplete_msd.sake	1	0	0
../2026-10-05-review/corpus-v3/05-sorting/autocomplete_msd.sake	2	1	3
../2026-10-05-review/corpus-v3/05-sorting/autocomplete_msd.sake	3	1	16
../2026-10-05-review/corpus-v3/05-sorting/autocomplete_msd.sake	4	1	16
../2026-10-05-review/corpus-v3/05-sorting/bisect_on_answer.sake	1	0	0
../2026-10-05-review/corpus-v3/05-sorting/bisect_on_answer.sake	2	1	10
../2026-10-05-review/corpus-v3/05-sorting/bisect_on_answer.sake	3	1	11
../2026-10-05-review/corpus-v3/05-sorting/bisect_on_answer.sake	4	1	12
../2026-10-05-review/corpus-v3/05-sorting/bucket_sort_ratings.sake	1	1	3
../2026-10-05-review/corpus-v3/05-sorting/bucket_sort_ratings.sake	2	1	3
../2026-10-05-review/corpus-v3/05-sorting/bucket_sort_ratings.sake	3	1	12
../2026-10-05-review/corpus-v3/05-sorting/bucket_sort_ratings.sake	4	1	12
../2026-10-05-review/corpus-v3/05-sorting/external_sort_sim.sake	1	0	0
../2026-10-05-review/corpus-v3/05-sorting/external_sort_sim.sake	2	1	1
../2026-10-05-review/corpus-v3/05-sorting/external_sort_sim.sake	3	1	19
../2026-10-05-review/corpus-v3/05-sorting/external_sort_sim.sake	4	1	21
../2026-10-05-review/corpus-v3/05-sorting/gift_two_pointers.sake	1	0	0
../2026-10-05-review/corpus-v3/05-sorting/gift_two_pointers.sake	2	1	3
../2026-10-05-review/corpus-v3/05-sorting/gift_two_pointers.sake	3	1	19
../2026-10-05-review/corpus-v3/05-sorting/gift_two_pointers.sake	4	1	19
../2026-10-05-review/corpus-v3/05-sorting/gradebook_insertion.sake	1	0	0
../2026-10-05-review/corpus-v3/05-sorting/gradebook_insertion.sake	2	0	0
../2026-10-05-review/corpus-v3/05-sorting/gradebook_insertion.sake	3	1	6
../2026-10-05-review/corpus-v3/05-sorting/gradebook_insertion.sake	4	1	6
../2026-10-05-review/corpus-v3/05-sorting/hashtag_trends.sake	1	0	0
../2026-10-05-review/corpus-v3/05-sorting/hashtag_trends.sake	2	1	1
../2026-10-05-review/corpus-v3/05-sorting/hashtag_trends.sake	3	1	5
../2026-10-05-review/corpus-v3/05-sorting/hashtag_trends.sake	4	1	5
../2026-10-05-review/corpus-v3/05-sorting/heap_scheduler.sake	1	0	0
../2026-10-05-review/corpus-v3/05-sorting/heap_scheduler.sake	2	1	5
../2026-10-05-review/corpus-v3/05-sorting/heap_scheduler.sake	3	1	5
../2026-10-05-review/corpus-v3/05-sorting/heap_scheduler.sake	4	1	5
../2026-10-05-review/corpus-v3/05-sorting/kway_log_merge.sake	1	0	0
../2026-10-05-review/corpus-v3/05-sorting/kway_log_merge.sake	2	1	7
../2026-10-05-review/corpus-v3/05-sorting/kway_log_merge.sake	3	1	11
../2026-10-05-review/corpus-v3/05-sorting/kway_log_merge.sake	4	1	11
../2026-10-05-review/corpus-v3/05-sorting/leaderboard_insert.sake	1	0	0
../2026-10-05-review/corpus-v3/05-sorting/leaderboard_insert.sake	2	1	1
../2026-10-05-review/corpus-v3/05-sorting/leaderboard_insert.sake	3	1	6
../2026-10-05-review/corpus-v3/05-sorting/leaderboard_insert.sake	4	1	7
../2026-10-05-review/corpus-v3/05-sorting/library_catalog.sake	1	0	0
../2026-10-05-review/corpus-v3/05-sorting/library_catalog.sake	2	1	1
../2026-10-05-review/corpus-v3/05-sorting/library_catalog.sake	3	1	6
../2026-10-05-review/corpus-v3/05-sorting/library_catalog.sake	4	1	6
../2026-10-05-review/corpus-v3/05-sorting/log_time_bisect.sake	1	0	0
../2026-10-05-review/corpus-v3/05-sorting/log_time_bisect.sake	2	0	0
../2026-10-05-review/corpus-v3/05-sorting/log_time_bisect.sake	3	1	10
../2026-10-05-review/corpus-v3/05-sorting/log_time_bisect.sake	4	1	11
../2026-10-05-review/corpus-v3/05-sorting/meeting_intervals.sake	1	0	0
../2026-10-05-review/corpus-v3/05-sorting/meeting_intervals.sake	2	1	2
../2026-10-05-review/corpus-v3/05-sorting/meeting_intervals.sake	3	1	8
../2026-10-05-review/corpus-v3/05-sorting/meeting_intervals.sake	4	1	8
../2026-10-05-review/corpus-v3/05-sorting/merge_sort_inversions.sake	1	0	0
../2026-10-05-review/corpus-v3/05-sorting/merge_sort_inversions.sake	2	0	0
../2026-10-05-review/corpus-v3/05-sorting/merge_sort_inversions.sake	3	1	5
../2026-10-05-review/corpus-v3/05-sorting/merge_sort_inversions.sake	4	1	5
../2026-10-05-review/corpus-v3/05-sorting/natural_runs_sort.sake	1	0	0
../2026-10-05-review/corpus-v3/05-sorting/natural_runs_sort.sake	2	0	0
../2026-10-05-review/corpus-v3/05-sorting/natural_runs_sort.sake	3	1	15
../2026-10-05-review/corpus-v3/05-sorting/natural_runs_sort.sake	4	1	15
../2026-10-05-review/corpus-v3/05-sorting/probe_count_search.sake	1	0	0
../2026-10-05-review/corpus-v3/05-sorting/probe_count_search.sake	2	1	1
../2026-10-05-review/corpus-v3/05-sorting/probe_count_search.sake	3	1	13
../2026-10-05-review/corpus-v3/05-sorting/probe_count_search.sake	4	1	14
../2026-10-05-review/corpus-v3/05-sorting/quicksort_median3.sake	1	0	0
../2026-10-05-review/corpus-v3/05-sorting/quicksort_median3.sake	2	1	1
../2026-10-05-review/corpus-v3/05-sorting/quicksort_median3.sake	3	1	11
../2026-10-05-review/corpus-v3/05-sorting/quicksort_median3.sake	4	1	11
../2026-10-05-review/corpus-v3/05-sorting/radix_order_ids.sake	1	1	1
../2026-10-05-review/corpus-v3/05-sorting/radix_order_ids.sake	2	1	4
../2026-10-05-review/corpus-v3/05-sorting/radix_order_ids.sake	3	1	6
../2026-10-05-review/corpus-v3/05-sorting/radix_order_ids.sake	4	1	6
../2026-10-05-review/corpus-v3/05-sorting/sensor_quickselect.sake	1	0	0
../2026-10-05-review/corpus-v3/05-sorting/sensor_quickselect.sake	2	1	3
../2026-10-05-review/corpus-v3/05-sorting/sensor_quickselect.sake	3	1	11
../2026-10-05-review/corpus-v3/05-sorting/sensor_quickselect.sake	4	1	12
../2026-10-05-review/corpus-v3/05-sorting/shell_sort_gaps.sake	1	0	0
../2026-10-05-review/corpus-v3/05-sorting/shell_sort_gaps.sake	2	0	0
../2026-10-05-review/corpus-v3/05-sorting/shell_sort_gaps.sake	3	1	2
../2026-10-05-review/corpus-v3/05-sorting/shell_sort_gaps.sake	4	1	3
../2026-10-05-review/corpus-v3/05-sorting/sorted_matrix_search.sake	1	0	0
../2026-10-05-review/corpus-v3/05-sorting/sorted_matrix_search.sake	2	1	3
../2026-10-05-review/corpus-v3/05-sorting/sorted_matrix_search.sake	3	1	13
../2026-10-05-review/corpus-v3/05-sorting/sorted_matrix_search.sake	4	1	13
../2026-10-05-review/corpus-v3/05-sorting/staff_multikey_sort.sake	1	1	1
../2026-10-05-review/corpus-v3/05-sorting/staff_multikey_sort.sake	2	1	4
../2026-10-05-review/corpus-v3/05-sorting/staff_multikey_sort.sake	3	1	6
../2026-10-05-review/corpus-v3/05-sorting/staff_multikey_sort.sake	4	1	7
../2026-10-05-review/corpus-v3/05-sorting/trail_peak_search.sake	1	0	0
../2026-10-05-review/corpus-v3/05-sorting/trail_peak_search.sake	2	1	3
../2026-10-05-review/corpus-v3/05-sorting/trail_peak_search.sake	3	1	7
../2026-10-05-review/corpus-v3/05-sorting/trail_peak_search.sake	4	1	7
../2026-10-05-review/corpus-v3/05-sorting/triage_partition.sake	1	0	0
../2026-10-05-review/corpus-v3/05-sorting/triage_partition.sake	2	0	0
../2026-10-05-review/corpus-v3/05-sorting/triage_partition.sake	3	1	11
../2026-10-05-review/corpus-v3/05-sorting/triage_partition.sake	4	1	11
../2026-10-05-review/corpus-v3/05-sorting/version_resolver.sake	1	0	0
../2026-10-05-review/corpus-v3/05-sorting/version_resolver.sake	2	1	1
../2026-10-05-review/corpus-v3/05-sorting/version_resolver.sake	3	1	14
../2026-10-05-review/corpus-v3/05-sorting/version_resolver.sake	4	1	15
../2026-10-05-review/corpus-v3/06-linked/adjacency_list_courses.sake	1	0	0
../2026-10-05-review/corpus-v3/06-linked/adjacency_list_courses.sake	2	1	4
../2026-10-05-review/corpus-v3/06-linked/adjacency_list_courses.sake	3	1	12
../2026-10-05-review/corpus-v3/06-linked/adjacency_list_courses.sake	4	1	12
../2026-10-05-review/corpus-v3/06-linked/bank_teller_sim.sake	1	0	0
../2026-10-05-review/corpus-v3/06-linked/bank_teller_sim.sake	2	1	1
../2026-10-05-review/corpus-v3/06-linked/bank_teller_sim.sake	3	1	1
../2026-10-05-review/corpus-v3/06-linked/bank_teller_sim.sake	4	1	1
../2026-10-05-review/corpus-v3/06-linked/browser_history.sake	1	0	0
../2026-10-05-review/corpus-v3/06-linked/browser_history.sake	2	0	0
../2026-10-05-review/corpus-v3/06-linked/browser_history.sake	3	1	1
../2026-10-05-review/corpus-v3/06-linked/browser_history.sake	4	1	1
../2026-10-05-review/corpus-v3/06-linked/chained_hash_table.sake	1	0	0
../2026-10-05-review/corpus-v3/06-linked/chained_hash_table.sake	2	0	0
../2026-10-05-review/corpus-v3/06-linked/chained_hash_table.sake	3	0	0
../2026-10-05-review/corpus-v3/06-linked/chained_hash_table.sake	4	0	0
../2026-10-05-review/corpus-v3/06-linked/circular_playlist.sake	1	0	0
../2026-10-05-review/corpus-v3/06-linked/circular_playlist.sake	2	1	13
../2026-10-05-review/corpus-v3/06-linked/circular_playlist.sake	3	1	13
../2026-10-05-review/corpus-v3/06-linked/circular_playlist.sake	4	1	13
../2026-10-05-review/corpus-v3/06-linked/cycle_detection.sake	1	0	0
../2026-10-05-review/corpus-v3/06-linked/cycle_detection.sake	2	1	12
../2026-10-05-review/corpus-v3/06-linked/cycle_detection.sake	3	1	13
../2026-10-05-review/corpus-v3/06-linked/cycle_detection.sake	4	1	13
../2026-10-05-review/corpus-v3/06-linked/deque_sliding_window.sake	1	0	0
../2026-10-05-review/corpus-v3/06-linked/deque_sliding_window.sake	2	1	8
../2026-10-05-review/corpus-v3/06-linked/deque_sliding_window.sake	3	1	9
../2026-10-05-review/corpus-v3/06-linked/deque_sliding_window.sake	4	1	9
../2026-10-05-review/corpus-v3/06-linked/digit_list_bignum.sake	1	0	0
../2026-10-05-review/corpus-v3/06-linked/digit_list_bignum.sake	2	0	0
../2026-10-05-review/corpus-v3/06-linked/digit_list_bignum.sake	3	0	0
../2026-10-05-review/corpus-v3/06-linked/digit_list_bignum.sake	4	1	1
../2026-10-05-review/corpus-v3/06-linked/free_list_pool.sake	1	0	0
../2026-10-05-review/corpus-v3/06-linked/free_list_pool.sake	2	0	0
../2026-10-05-review/corpus-v3/06-linked/free_list_pool.sake	3	1	10
../2026-10-05-review/corpus-v3/06-linked/free_list_pool.sake	4	1	11
../2026-10-05-review/corpus-v3/06-linked/josephus_circle.sake	1	0	0
../2026-10-05-review/corpus-v3/06-linked/josephus_circle.sake	2	1	5
../2026-10-05-review/corpus-v3/06-linked/josephus_circle.sake	3	1	5
../2026-10-05-review/corpus-v3/06-linked/josephus_circle.sake	4	1	6
../2026-10-05-review/corpus-v3/06-linked/lfu_cache_buckets.sake	1	0	0
../2026-10-05-review/corpus-v3/06-linked/lfu_cache_buckets.sake	2	1	3
../2026-10-05-review/corpus-v3/06-linked/lfu_cache_buckets.sake	3	1	3
../2026-10-05-review/corpus-v3/06-linked/lfu_cache_buckets.sake	4	1	3
../2026-10-05-review/corpus-v3/06-linked/list_toolkit.sake	1	1	3
../2026-10-05-review/corpus-v3/06-linked/list_toolkit.sake	2	1	13
../2026-10-05-review/corpus-v3/06-linked/list_toolkit.sake	3	1	13
../2026-10-05-review/corpus-v3/06-linked/list_toolkit.sake	4	1	13
../2026-10-05-review/corpus-v3/06-linked/lru_cache.sake	1	0	0
../2026-10-05-review/corpus-v3/06-linked/lru_cache.sake	2	1	1
../2026-10-05-review/corpus-v3/06-linked/lru_cache.sake	3	1	1
../2026-10-05-review/corpus-v3/06-linked/lru_cache.sake	4	1	1
../2026-10-05-review/corpus-v3/06-linked/markup_tag_checker.sake	1	0	0
../2026-10-05-review/corpus-v3/06-linked/markup_tag_checker.sake	2	1	1
../2026-10-05-review/corpus-v3/06-linked/markup_tag_checker.sake	3	1	2
../2026-10-05-review/corpus-v3/06-linked/markup_tag_checker.sake	4	1	2
../2026-10-05-review/corpus-v3/06-linked/merge_log_streams.sake	1	0	0
../2026-10-05-review/corpus-v3/06-linked/merge_log_streams.sake	2	1	3
../2026-10-05-review/corpus-v3/06-linked/merge_log_streams.sake	3	1	6
../2026-10-05-review/corpus-v3/06-linked/merge_log_streams.sake	4	1	6
../2026-10-05-review/corpus-v3/06-linked/monotonic_stack_prices.sake	1	0	0
../2026-10-05-review/corpus-v3/06-linked/monotonic_stack_prices.sake	2	1	8
../2026-10-05-review/corpus-v3/06-linked/monotonic_stack_prices.sake	3	1	12
../2026-10-05-review/corpus-v3/06-linked/monotonic_stack_prices.sake	4	1	12
../2026-10-05-review/corpus-v3/06-linked/ring_buffer_metrics.sake	1	0	0
../2026-10-05-review/corpus-v3/06-linked/ring_buffer_metrics.sake	2	0	0
../2026-10-05-review/corpus-v3/06-linked/ring_buffer_metrics.sake	3	1	8
../2026-10-05-review/corpus-v3/06-linked/ring_buffer_metrics.sake	4	1	9
../2026-10-05-review/corpus-v3/06-linked/rpn_stack_calculator.sake	1	0	0
../2026-10-05-review/corpus-v3/06-linked/rpn_stack_calculator.sake	2	0	0
../2026-10-05-review/corpus-v3/06-linked/rpn_stack_calculator.sake	3	1	1
../2026-10-05-review/corpus-v3/06-linked/rpn_stack_calculator.sake	4	1	1
../2026-10-05-review/corpus-v3/06-linked/singly_linked_list.sake	1	0	0
../2026-10-05-review/corpus-v3/06-linked/singly_linked_list.sake	2	1	8
../2026-10-05-review/corpus-v3/06-linked/singly_linked_list.sake	3	1	8
../2026-10-05-review/corpus-v3/06-linked/singly_linked_list.sake	4	1	8
../2026-10-05-review/corpus-v3/06-linked/skip_list_index.sake	1	1	2
../2026-10-05-review/corpus-v3/06-linked/skip_list_index.sake	2	1	3
../2026-10-05-review/corpus-v3/06-linked/skip_list_index.sake	3	1	9
../2026-10-05-review/corpus-v3/06-linked/skip_list_index.sake	4	1	9
../2026-10-05-review/corpus-v3/06-linked/sparse_matrix_rows.sake	1	0	0
../2026-10-05-review/corpus-v3/06-linked/sparse_matrix_rows.sake	2	0	0
../2026-10-05-review/corpus-v3/06-linked/sparse_matrix_rows.sake	3	1	2
../2026-10-05-review/corpus-v3/06-linked/sparse_matrix_rows.sake	4	1	4
../2026-10-05-review/corpus-v3/06-linked/sparse_polynomial.sake	1	0	0
../2026-10-05-review/corpus-v3/06-linked/sparse_polynomial.sake	2	1	1
../2026-10-05-review/corpus-v3/06-linked/sparse_polynomial.sake	3	1	1
../2026-10-05-review/corpus-v3/06-linked/sparse_polynomial.sake	4	1	1
../2026-10-05-review/corpus-v3/06-linked/triage_priority_list.sake	1	0	0
../2026-10-05-review/corpus-v3/06-linked/triage_priority_list.sake	2	0	0
../2026-10-05-review/corpus-v3/06-linked/triage_priority_list.sake	3	1	6
../2026-10-05-review/corpus-v3/06-linked/triage_priority_list.sake	4	1	6
../2026-10-05-review/corpus-v3/06-linked/two_stack_print_queue.sake	1	0	0
../2026-10-05-review/corpus-v3/06-linked/two_stack_print_queue.sake	2	0	0
../2026-10-05-review/corpus-v3/06-linked/two_stack_print_queue.sake	3	0	0
../2026-10-05-review/corpus-v3/06-linked/two_stack_print_queue.sake	4	0	0
../2026-10-05-review/corpus-v3/06-linked/undo_redo_editor.sake	1	0	0
../2026-10-05-review/corpus-v3/06-linked/undo_redo_editor.sake	2	0	0
../2026-10-05-review/corpus-v3/06-linked/undo_redo_editor.sake	3	1	6
../2026-10-05-review/corpus-v3/06-linked/undo_redo_editor.sake	4	1	6
../2026-10-05-review/corpus-v3/07-trees/avl_tree.sake	1	0	0
../2026-10-05-review/corpus-v3/07-trees/avl_tree.sake	2	1	10
../2026-10-05-review/corpus-v3/07-trees/avl_tree.sake	3	1	11
../2026-10-05-review/corpus-v3/07-trees/avl_tree.sake	4	1	11
../2026-10-05-review/corpus-v3/07-trees/bill_of_materials.sake	1	0	0
../2026-10-05-review/corpus-v3/07-trees/bill_of_materials.sake	2	0	0
../2026-10-05-review/corpus-v3/07-trees/bill_of_materials.sake	3	1	13
../2026-10-05-review/corpus-v3/07-trees/bill_of_materials.sake	4	1	16
../2026-10-05-review/corpus-v3/07-trees/bst_basic.sake	1	0	0
../2026-10-05-review/corpus-v3/07-trees/bst_basic.sake	2	1	2
../2026-10-05-review/corpus-v3/07-trees/bst_basic.sake	3	1	2
../2026-10-05-review/corpus-v3/07-trees/bst_basic.sake	4	1	2
../2026-10-05-review/corpus-v3/07-trees/btree.sake	1	0	0
../2026-10-05-review/corpus-v3/07-trees/btree.sake	2	1	1
../2026-10-05-review/corpus-v3/07-trees/btree.sake	3	1	9
../2026-10-05-review/corpus-v3/07-trees/btree.sake	4	1	9
../2026-10-05-review/corpus-v3/07-trees/decision_tree.sake	1	0	0
../2026-10-05-review/corpus-v3/07-trees/decision_tree.sake	2	1	1
../2026-10-05-review/corpus-v3/07-trees/decision_tree.sake	3	1	3
../2026-10-05-review/corpus-v3/07-trees/decision_tree.sake	4	1	3
../2026-10-05-review/corpus-v3/07-trees/dom_tree.sake	1	0	0
../2026-10-05-review/corpus-v3/07-trees/dom_tree.sake	2	1	7
../2026-10-05-review/corpus-v3/07-trees/dom_tree.sake	3	1	13
../2026-10-05-review/corpus-v3/07-trees/dom_tree.sake	4	1	16
../2026-10-05-review/corpus-v3/07-trees/expression_tree.sake	1	0	0
../2026-10-05-review/corpus-v3/07-trees/expression_tree.sake	2	0	0
../2026-10-05-review/corpus-v3/07-trees/expression_tree.sake	3	0	0
../2026-10-05-review/corpus-v3/07-trees/expression_tree.sake	4	1	5
../2026-10-05-review/corpus-v3/07-trees/fenwick_ranks.sake	1	0	0
../2026-10-05-review/corpus-v3/07-trees/fenwick_ranks.sake	2	0	0
../2026-10-05-review/corpus-v3/07-trees/fenwick_ranks.sake	3	1	7
../2026-10-05-review/corpus-v3/07-trees/fenwick_ranks.sake	4	1	7
../2026-10-05-review/corpus-v3/07-trees/filesystem_du.sake	1	1	10
../2026-10-05-review/corpus-v3/07-trees/filesystem_du.sake	2	1	10
../2026-10-05-review/corpus-v3/07-trees/filesystem_du.sake	3	1	10
../2026-10-05-review/corpus-v3/07-trees/filesystem_du.sake	4	1	10
../2026-10-05-review/corpus-v3/07-trees/heap_scheduler.sake	1	0	0
../2026-10-05-review/corpus-v3/07-trees/heap_scheduler.sake	2	1	9
../2026-10-05-review/corpus-v3/07-trees/heap_scheduler.sake	3	1	13
../2026-10-05-review/corpus-v3/07-trees/heap_scheduler.sake	4	1	13
../2026-10-05-review/corpus-v3/07-trees/huffman.sake	1	0	0
../2026-10-05-review/corpus-v3/07-trees/huffman.sake	2	1	8
../2026-10-05-review/corpus-v3/07-trees/huffman.sake	3	1	10
../2026-10-05-review/corpus-v3/07-trees/huffman.sake	4	1	10
../2026-10-05-review/corpus-v3/07-trees/interval_bookings.sake	1	0	0
../2026-10-05-review/corpus-v3/07-trees/interval_bookings.sake	2	0	0
../2026-10-05-review/corpus-v3/07-trees/interval_bookings.sake	3	1	2
../2026-10-05-review/corpus-v3/07-trees/interval_bookings.sake	4	1	2
../2026-10-05-review/corpus-v3/07-trees/ip_route_trie.sake	1	0	0
../2026-10-05-review/corpus-v3/07-trees/ip_route_trie.sake	2	1	4
../2026-10-05-review/corpus-v3/07-trees/ip_route_trie.sake	3	1	9
../2026-10-05-review/corpus-v3/07-trees/ip_route_trie.sake	4	1	11
../2026-10-05-review/corpus-v3/07-trees/kd_tree.sake	1	0	0
../2026-10-05-review/corpus-v3/07-trees/kd_tree.sake	2	1	5
../2026-10-05-review/corpus-v3/07-trees/kd_tree.sake	3	1	14
../2026-10-05-review/corpus-v3/07-trees/kd_tree.sake	4	1	14
../2026-10-05-review/corpus-v3/07-trees/lazy_seat_inventory.sake	1	0	0
../2026-10-05-review/corpus-v3/07-trees/lazy_seat_inventory.sake	2	1	3
../2026-10-05-review/corpus-v3/07-trees/lazy_seat_inventory.sake	3	1	12
../2026-10-05-review/corpus-v3/07-trees/lazy_seat_inventory.sake	4	1	12
../2026-10-05-review/corpus-v3/07-trees/merkle_sync.sake	1	0	0
../2026-10-05-review/corpus-v3/07-trees/merkle_sync.sake	2	1	1
../2026-10-05-review/corpus-v3/07-trees/merkle_sync.sake	3	1	6
../2026-10-05-review/corpus-v3/07-trees/merkle_sync.sake	4	1	8
../2026-10-05-review/corpus-v3/07-trees/org_chart.sake	1	0	0
../2026-10-05-review/corpus-v3/07-trees/org_chart.sake	2	1	7
../2026-10-05-review/corpus-v3/07-trees/org_chart.sake	3	1	12
../2026-10-05-review/corpus-v3/07-trees/org_chart.sake	4	1	14
../2026-10-05-review/corpus-v3/07-trees/quadtree.sake	1	0	0
../2026-10-05-review/corpus-v3/07-trees/quadtree.sake	2	1	16
../2026-10-05-review/corpus-v3/07-trees/quadtree.sake	3	1	19
../2026-10-05-review/corpus-v3/07-trees/quadtree.sake	4	1	20
../2026-10-05-review/corpus-v3/07-trees/rope_editor.sake	1	0	0
../2026-10-05-review/corpus-v3/07-trees/rope_editor.sake	2	1	2
../2026-10-05-review/corpus-v3/07-trees/rope_editor.sake	3	1	6
../2026-10-05-review/corpus-v3/07-trees/rope_editor.sake	4	1	7
../2026-10-05-review/corpus-v3/07-trees/segment_tree_stats.sake	1	0	0
../2026-10-05-review/corpus-v3/07-trees/segment_tree_stats.sake	2	0	0
../2026-10-05-review/corpus-v3/07-trees/segment_tree_stats.sake	3	1	8
../2026-10-05-review/corpus-v3/07-trees/segment_tree_stats.sake	4	1	9
../2026-10-05-review/corpus-v3/07-trees/spanning_tree.sake	1	0	0
../2026-10-05-review/corpus-v3/07-trees/spanning_tree.sake	2	1	11
../2026-10-05-review/corpus-v3/07-trees/spanning_tree.sake	3	1	42
../2026-10-05-review/corpus-v3/07-trees/spanning_tree.sake	4	1	42
../2026-10-05-review/corpus-v3/07-trees/taxonomy_lca.sake	1	0	0
../2026-10-05-review/corpus-v3/07-trees/taxonomy_lca.sake	2	1	11
../2026-10-05-review/corpus-v3/07-trees/taxonomy_lca.sake	3	1	28
../2026-10-05-review/corpus-v3/07-trees/taxonomy_lca.sake	4	1	31
../2026-10-05-review/corpus-v3/07-trees/traversals.sake	1	0	0
../2026-10-05-review/corpus-v3/07-trees/traversals.sake	2	1	2
../2026-10-05-review/corpus-v3/07-trees/traversals.sake	3	1	3
../2026-10-05-review/corpus-v3/07-trees/traversals.sake	4	1	3
../2026-10-05-review/corpus-v3/07-trees/tree_codec.sake	1	0	0
../2026-10-05-review/corpus-v3/07-trees/tree_codec.sake	2	1	3
../2026-10-05-review/corpus-v3/07-trees/tree_codec.sake	3	1	3
../2026-10-05-review/corpus-v3/07-trees/tree_codec.sake	4	1	3
../2026-10-05-review/corpus-v3/07-trees/trie_autocomplete.sake	1	0	0
../2026-10-05-review/corpus-v3/07-trees/trie_autocomplete.sake	2	1	1
../2026-10-05-review/corpus-v3/07-trees/trie_autocomplete.sake	3	1	5
../2026-10-05-review/corpus-v3/07-trees/trie_autocomplete.sake	4	1	5
../2026-10-05-review/corpus-v3/08-graphs/astar_terrain.sake	1	0	0
../2026-10-05-review/corpus-v3/08-graphs/astar_terrain.sake	2	1	3
../2026-10-05-review/corpus-v3/08-graphs/astar_terrain.sake	3	1	8
../2026-10-05-review/corpus-v3/08-graphs/astar_terrain.sake	4	1	8
../2026-10-05-review/corpus-v3/08-graphs/bellman_ford.sake	1	0	0
../2026-10-05-review/corpus-v3/08-graphs/bellman_ford.sake	2	1	1
../2026-10-05-review/corpus-v3/08-graphs/bellman_ford.sake	3	1	2
../2026-10-05-review/corpus-v3/08-graphs/bellman_ford.sake	4	1	2
../2026-10-05-review/corpus-v3/08-graphs/centrality.sake	1	0	0
../2026-10-05-review/corpus-v3/08-graphs/centrality.sake	2	0	0
../2026-10-05-review/corpus-v3/08-graphs/centrality.sake	3	1	11
../2026-10-05-review/corpus-v3/08-graphs/centrality.sake	4	1	11
../2026-10-05-review/corpus-v3/08-graphs/course_schedule.sake	1	0	0
../2026-10-05-review/corpus-v3/08-graphs/course_schedule.sake	2	1	1
../2026-10-05-review/corpus-v3/08-graphs/course_schedule.sake	3	1	6
../2026-10-05-review/corpus-v3/08-graphs/course_schedule.sake	4	1	6
../2026-10-05-review/corpus-v3/08-graphs/critical_links.sake	1	0	0
../2026-10-05-review/corpus-v3/08-graphs/critical_links.sake	2	1	4
../2026-10-05-review/corpus-v3/08-graphs/critical_links.sake	3	1	8
../2026-10-05-review/corpus-v3/08-graphs/critical_links.sake	4	1	8
../2026-10-05-review/corpus-v3/08-graphs/critical_path.sake	1	0	0
../2026-10-05-review/corpus-v3/08-graphs/critical_path.sake	2	1	2
../2026-10-05-review/corpus-v3/08-graphs/critical_path.sake	3	1	17
../2026-10-05-review/corpus-v3/08-graphs/critical_path.sake	4	1	17
../2026-10-05-review/corpus-v3/08-graphs/currency_paths.sake	1	0	0
../2026-10-05-review/corpus-v3/08-graphs/currency_paths.sake	2	1	1
../2026-10-05-review/corpus-v3/08-graphs/currency_paths.sake	3	1	12
../2026-10-05-review/corpus-v3/08-graphs/currency_paths.sake	4	1	12
../2026-10-05-review/corpus-v3/08-graphs/dijkstra_routes.sake	1	0	0
../2026-10-05-review/corpus-v3/08-graphs/dijkstra_routes.sake	2	1	4
../2026-10-05-review/corpus-v3/08-graphs/dijkstra_routes.sake	3	1	6
../2026-10-05-review/corpus-v3/08-graphs/dijkstra_routes.sake	4	1	6
../2026-10-05-review/corpus-v3/08-graphs/dot_stats.sake	1	0	0
../2026-10-05-review/corpus-v3/08-graphs/dot_stats.sake	2	0	0
../2026-10-05-review/corpus-v3/08-graphs/dot_stats.sake	3	1	2
../2026-10-05-review/corpus-v3/08-graphs/dot_stats.sake	4	1	2
../2026-10-05-review/corpus-v3/08-graphs/euler_itinerary.sake	1	0	0
../2026-10-05-review/corpus-v3/08-graphs/euler_itinerary.sake	2	1	1
../2026-10-05-review/corpus-v3/08-graphs/euler_itinerary.sake	3	1	2
../2026-10-05-review/corpus-v3/08-graphs/euler_itinerary.sake	4	1	2
../2026-10-05-review/corpus-v3/08-graphs/exam_slots.sake	1	0	0
../2026-10-05-review/corpus-v3/08-graphs/exam_slots.sake	2	1	2
../2026-10-05-review/corpus-v3/08-graphs/exam_slots.sake	3	1	16
../2026-10-05-review/corpus-v3/08-graphs/exam_slots.sake	4	1	16
../2026-10-05-review/corpus-v3/08-graphs/floyd_transit.sake	1	0	0
../2026-10-05-review/corpus-v3/08-graphs/floyd_transit.sake	2	1	5
../2026-10-05-review/corpus-v3/08-graphs/floyd_transit.sake	3	1	26
../2026-10-05-review/corpus-v3/08-graphs/floyd_transit.sake	4	1	26
../2026-10-05-review/corpus-v3/08-graphs/friend_groups.sake	1	0	0
../2026-10-05-review/corpus-v3/08-graphs/friend_groups.sake	2	1	1
../2026-10-05-review/corpus-v3/08-graphs/friend_groups.sake	3	1	9
../2026-10-05-review/corpus-v3/08-graphs/friend_groups.sake	4	1	9
../2026-10-05-review/corpus-v3/08-graphs/intern_matching.sake	1	0	0
../2026-10-05-review/corpus-v3/08-graphs/intern_matching.sake	2	0	0
../2026-10-05-review/corpus-v3/08-graphs/intern_matching.sake	3	1	5
../2026-10-05-review/corpus-v3/08-graphs/intern_matching.sake	4	1	5
../2026-10-05-review/corpus-v3/08-graphs/kruskal_network.sake	1	0	0
../2026-10-05-review/corpus-v3/08-graphs/kruskal_network.sake	2	0	0
../2026-10-05-review/corpus-v3/08-graphs/kruskal_network.sake	3	1	12
../2026-10-05-review/corpus-v3/08-graphs/kruskal_network.sake	4	1	12
../2026-10-05-review/corpus-v3/08-graphs/land_islands.sake	1	0	0
../2026-10-05-review/corpus-v3/08-graphs/land_islands.sake	2	1	2
../2026-10-05-review/corpus-v3/08-graphs/land_islands.sake	3	1	6
../2026-10-05-review/corpus-v3/08-graphs/land_islands.sake	4	1	6
../2026-10-05-review/corpus-v3/08-graphs/make_rebuild.sake	1	0	0
../2026-10-05-review/corpus-v3/08-graphs/make_rebuild.sake	2	1	1
../2026-10-05-review/corpus-v3/08-graphs/make_rebuild.sake	3	1	5
../2026-10-05-review/corpus-v3/08-graphs/make_rebuild.sake	4	1	5
../2026-10-05-review/corpus-v3/08-graphs/maze_bfs.sake	1	0	0
../2026-10-05-review/corpus-v3/08-graphs/maze_bfs.sake	2	1	2
../2026-10-05-review/corpus-v3/08-graphs/maze_bfs.sake	3	1	5
../2026-10-05-review/corpus-v3/08-graphs/maze_bfs.sake	4	1	5
../2026-10-05-review/corpus-v3/08-graphs/metro_transfers.sake	1	0	0
../2026-10-05-review/corpus-v3/08-graphs/metro_transfers.sake	2	1	4
../2026-10-05-review/corpus-v3/08-graphs/metro_transfers.sake	3	1	8
../2026-10-05-review/corpus-v3/08-graphs/metro_transfers.sake	4	1	8
../2026-10-05-review/corpus-v3/08-graphs/org_chart_lca.sake	1	0	0
../2026-10-05-review/corpus-v3/08-graphs/org_chart_lca.sake	2	1	5
../2026-10-05-review/corpus-v3/08-graphs/org_chart_lca.sake	3	1	36
../2026-10-05-review/corpus-v3/08-graphs/org_chart_lca.sake	4	1	36
../2026-10-05-review/corpus-v3/08-graphs/pipeline_flow.sake	1	0	0
../2026-10-05-review/corpus-v3/08-graphs/pipeline_flow.sake	2	1	3
../2026-10-05-review/corpus-v3/08-graphs/pipeline_flow.sake	3	1	3
../2026-10-05-review/corpus-v3/08-graphs/pipeline_flow.sake	4	1	3
../2026-10-05-review/corpus-v3/08-graphs/prim_cables.sake	1	0	0
../2026-10-05-review/corpus-v3/08-graphs/prim_cables.sake	2	1	12
../2026-10-05-review/corpus-v3/08-graphs/prim_cables.sake	3	1	19
../2026-10-05-review/corpus-v3/08-graphs/prim_cables.sake	4	1	19
../2026-10-05-review/corpus-v3/08-graphs/rival_teams.sake	1	0	0
../2026-10-05-review/corpus-v3/08-graphs/rival_teams.sake	2	0	0
../2026-10-05-review/corpus-v3/08-graphs/rival_teams.sake	3	1	3
../2026-10-05-review/corpus-v3/08-graphs/rival_teams.sake	4	1	3
../2026-10-05-review/corpus-v3/08-graphs/tarjan_scc.sake	1	0	0
../2026-10-05-review/corpus-v3/08-graphs/tarjan_scc.sake	2	0	0
../2026-10-05-review/corpus-v3/08-graphs/tarjan_scc.sake	3	1	9
../2026-10-05-review/corpus-v3/08-graphs/tarjan_scc.sake	4	1	9
../2026-10-05-review/corpus-v3/08-graphs/word_ladder.sake	1	0	0
../2026-10-05-review/corpus-v3/08-graphs/word_ladder.sake	2	1	3
../2026-10-05-review/corpus-v3/08-graphs/word_ladder.sake	3	1	4
../2026-10-05-review/corpus-v3/08-graphs/word_ladder.sake	4	1	4
../2026-10-05-review/corpus-v3/09-dp/coin_change.sake	1	0	0
../2026-10-05-review/corpus-v3/09-dp/coin_change.sake	2	1	1
../2026-10-05-review/corpus-v3/09-dp/coin_change.sake	3	1	2
../2026-10-05-review/corpus-v3/09-dp/coin_change.sake	4	1	5
../2026-10-05-review/corpus-v3/09-dp/company_party.sake	1	0	0
../2026-10-05-review/corpus-v3/09-dp/company_party.sake	2	1	1
../2026-10-05-review/corpus-v3/09-dp/company_party.sake	3	1	3
../2026-10-05-review/corpus-v3/09-dp/company_party.sake	4	1	8
../2026-10-05-review/corpus-v3/09-dp/critical_path.sake	1	0	0
../2026-10-05-review/corpus-v3/09-dp/critical_path.sake	2	1	5
../2026-10-05-review/corpus-v3/09-dp/critical_path.sake	3	1	14
../2026-10-05-review/corpus-v3/09-dp/critical_path.sake	4	1	16
../2026-10-05-review/corpus-v3/09-dp/decode_ways.sake	1	0	0
../2026-10-05-review/corpus-v3/09-dp/decode_ways.sake	2	0	0
../2026-10-05-review/corpus-v3/09-dp/decode_ways.sake	3	1	10
../2026-10-05-review/corpus-v3/09-dp/decode_ways.sake	4	1	10
../2026-10-05-review/corpus-v3/09-dp/dice_odds.sake	1	1	4
../2026-10-05-review/corpus-v3/09-dp/dice_odds.sake	2	1	8
../2026-10-05-review/corpus-v3/09-dp/dice_odds.sake	3	1	11
../2026-10-05-review/corpus-v3/09-dp/dice_odds.sake	4	1	11
../2026-10-05-review/corpus-v3/09-dp/digit_counting.sake	1	0	0
../2026-10-05-review/corpus-v3/09-dp/digit_counting.sake	2	0	0
../2026-10-05-review/corpus-v3/09-dp/digit_counting.sake	3	1	7
../2026-10-05-review/corpus-v3/09-dp/digit_counting.sake	4	1	7
../2026-10-05-review/corpus-v3/09-dp/edit_distance.sake	1	0	0
../2026-10-05-review/corpus-v3/09-dp/edit_distance.sake	2	1	8
../2026-10-05-review/corpus-v3/09-dp/edit_distance.sake	3	1	17
../2026-10-05-review/corpus-v3/09-dp/edit_distance.sake	4	1	17
../2026-10-05-review/corpus-v3/09-dp/egg_drop.sake	1	0	0
../2026-10-05-review/corpus-v3/09-dp/egg_drop.sake	2	1	2
../2026-10-05-review/corpus-v3/09-dp/egg_drop.sake	3	1	17
../2026-10-05-review/corpus-v3/09-dp/egg_drop.sake	4	1	17
../2026-10-05-review/corpus-v3/09-dp/floyd_warshall.sake	1	0	0
../2026-10-05-review/corpus-v3/09-dp/floyd_warshall.sake	2	1	5
../2026-10-05-review/corpus-v3/09-dp/floyd_warshall.sake	3	1	25
../2026-10-05-review/corpus-v3/09-dp/floyd_warshall.sake	4	1	26
../2026-10-05-review/corpus-v3/09-dp/grid_paths.sake	1	0	0
../2026-10-05-review/corpus-v3/09-dp/grid_paths.sake	2	0	0
../2026-10-05-review/corpus-v3/09-dp/grid_paths.sake	3	1	20
../2026-10-05-review/corpus-v3/09-dp/grid_paths.sake	4	1	20
../2026-10-05-review/corpus-v3/09-dp/held_karp.sake	1	0	0
../2026-10-05-review/corpus-v3/09-dp/held_karp.sake	2	1	6
../2026-10-05-review/corpus-v3/09-dp/held_karp.sake	3	1	31
../2026-10-05-review/corpus-v3/09-dp/held_karp.sake	4	1	31
../2026-10-05-review/corpus-v3/09-dp/house_robber.sake	1	0	0
../2026-10-05-review/corpus-v3/09-dp/house_robber.sake	2	1	3
../2026-10-05-review/corpus-v3/09-dp/house_robber.sake	3	1	4
../2026-10-05-review/corpus-v3/09-dp/house_robber.sake	4	1	4
../2026-10-05-review/corpus-v3/09-dp/interval_scheduling.sake	1	0	0
../2026-10-05-review/corpus-v3/09-dp/interval_scheduling.sake	2	1	5
../2026-10-05-review/corpus-v3/09-dp/interval_scheduling.sake	3	1	17
../2026-10-05-review/corpus-v3/09-dp/interval_scheduling.sake	4	1	18
../2026-10-05-review/corpus-v3/09-dp/knapsack_01.sake	1	0	0
../2026-10-05-review/corpus-v3/09-dp/knapsack_01.sake	2	0	0
../2026-10-05-review/corpus-v3/09-dp/knapsack_01.sake	3	1	12
../2026-10-05-review/corpus-v3/09-dp/knapsack_01.sake	4	1	12
../2026-10-05-review/corpus-v3/09-dp/lcs_diff.sake	1	0	0
../2026-10-05-review/corpus-v3/09-dp/lcs_diff.sake	2	1	3
../2026-10-05-review/corpus-v3/09-dp/lcs_diff.sake	3	1	13
../2026-10-05-review/corpus-v3/09-dp/lcs_diff.sake	4	1	13
../2026-10-05-review/corpus-v3/09-dp/line_breaking.sake	1	0	0
../2026-10-05-review/corpus-v3/09-dp/line_breaking.sake	2	1	1
../2026-10-05-review/corpus-v3/09-dp/line_breaking.sake	3	1	7
../2026-10-05-review/corpus-v3/09-dp/line_breaking.sake	4	1	8
../2026-10-05-review/corpus-v3/09-dp/longest_increasing.sake	1	0	0
../2026-10-05-review/corpus-v3/09-dp/longest_increasing.sake	2	1	2
../2026-10-05-review/corpus-v3/09-dp/longest_increasing.sake	3	1	8
../2026-10-05-review/corpus-v3/09-dp/longest_increasing.sake	4	1	8
../2026-10-05-review/corpus-v3/09-dp/matrix_chain.sake	1	0	0
../2026-10-05-review/corpus-v3/09-dp/matrix_chain.sake	2	1	1
../2026-10-05-review/corpus-v3/09-dp/matrix_chain.sake	3	1	20
../2026-10-05-review/corpus-v3/09-dp/matrix_chain.sake	4	1	21
../2026-10-05-review/corpus-v3/09-dp/optimal_bst.sake	1	0	0
../2026-10-05-review/corpus-v3/09-dp/optimal_bst.sake	2	1	4
../2026-10-05-review/corpus-v3/09-dp/optimal_bst.sake	3	1	24
../2026-10-05-review/corpus-v3/09-dp/optimal_bst.sake	4	1	24
../2026-10-05-review/corpus-v3/09-dp/palindromes.sake	1	0	0
../2026-10-05-review/corpus-v3/09-dp/palindromes.sake	2	1	3
../2026-10-05-review/corpus-v3/09-dp/palindromes.sake	3	1	16
../2026-10-05-review/corpus-v3/09-dp/palindromes.sake	4	1	16
../2026-10-05-review/corpus-v3/09-dp/sequence_alignment.sake	1	0	0
../2026-10-05-review/corpus-v3/09-dp/sequence_alignment.sake	2	0	0
../2026-10-05-review/corpus-v3/09-dp/sequence_alignment.sake	3	1	16
../2026-10-05-review/corpus-v3/09-dp/sequence_alignment.sake	4	1	16
../2026-10-05-review/corpus-v3/09-dp/stock_trading.sake	1	0	0
../2026-10-05-review/corpus-v3/09-dp/stock_trading.sake	2	1	17
../2026-10-05-review/corpus-v3/09-dp/stock_trading.sake	3	1	30
../2026-10-05-review/corpus-v3/09-dp/stock_trading.sake	4	1	30
../2026-10-05-review/corpus-v3/09-dp/subset_partition.sake	1	0	0
../2026-10-05-review/corpus-v3/09-dp/subset_partition.sake	2	1	2
../2026-10-05-review/corpus-v3/09-dp/subset_partition.sake	3	1	5
../2026-10-05-review/corpus-v3/09-dp/subset_partition.sake	4	1	5
../2026-10-05-review/corpus-v3/09-dp/viterbi.sake	1	0	0
../2026-10-05-review/corpus-v3/09-dp/viterbi.sake	2	1	5
../2026-10-05-review/corpus-v3/09-dp/viterbi.sake	3	1	15
../2026-10-05-review/corpus-v3/09-dp/viterbi.sake	4	1	15
../2026-10-05-review/corpus-v3/09-dp/word_break.sake	1	0	0
../2026-10-05-review/corpus-v3/09-dp/word_break.sake	2	1	2
../2026-10-05-review/corpus-v3/09-dp/word_break.sake	3	1	5
../2026-10-05-review/corpus-v3/09-dp/word_break.sake	4	1	5
../2026-10-05-review/corpus-v3/10-grids/battleship.sake	1	0	0
../2026-10-05-review/corpus-v3/10-grids/battleship.sake	2	0	0
../2026-10-05-review/corpus-v3/10-grids/battleship.sake	3	1	2
../2026-10-05-review/corpus-v3/10-grids/battleship.sake	4	1	2
../2026-10-05-review/corpus-v3/10-grids/chess_attacks.sake	1	0	0
../2026-10-05-review/corpus-v3/10-grids/chess_attacks.sake	2	0	0
../2026-10-05-review/corpus-v3/10-grids/chess_attacks.sake	3	0	0
../2026-10-05-review/corpus-v3/10-grids/chess_attacks.sake	4	0	0
../2026-10-05-review/corpus-v3/10-grids/connect_four.sake	1	0	0
../2026-10-05-review/corpus-v3/10-grids/connect_four.sake	2	1	5
../2026-10-05-review/corpus-v3/10-grids/connect_four.sake	3	1	13
../2026-10-05-review/corpus-v3/10-grids/connect_four.sake	4	1	15
../2026-10-05-review/corpus-v3/10-grids/crossword.sake	1	0	0
../2026-10-05-review/corpus-v3/10-grids/crossword.sake	2	0	0
../2026-10-05-review/corpus-v3/10-grids/crossword.sake	3	1	1
../2026-10-05-review/corpus-v3/10-grids/crossword.sake	4	1	1
../2026-10-05-review/corpus-v3/10-grids/falling_sand.sake	1	0	0
../2026-10-05-review/corpus-v3/10-grids/falling_sand.sake	2	0	0
../2026-10-05-review/corpus-v3/10-grids/falling_sand.sake	3	1	7
../2026-10-05-review/corpus-v3/10-grids/falling_sand.sake	4	1	7
../2026-10-05-review/corpus-v3/10-grids/flood_fill.sake	1	0	0
../2026-10-05-review/corpus-v3/10-grids/flood_fill.sake	2	1	2
../2026-10-05-review/corpus-v3/10-grids/flood_fill.sake	3	1	9
../2026-10-05-review/corpus-v3/10-grids/flood_fill.sake	4	1	9
../2026-10-05-review/corpus-v3/10-grids/game_2048.sake	1	0	0
../2026-10-05-review/corpus-v3/10-grids/game_2048.sake	2	0	0
../2026-10-05-review/corpus-v3/10-grids/game_2048.sake	3	1	7
../2026-10-05-review/corpus-v3/10-grids/game_2048.sake	4	1	7
../2026-10-05-review/corpus-v3/10-grids/game_of_life.sake	1	0	0
../2026-10-05-review/corpus-v3/10-grids/game_of_life.sake	2	0	0
../2026-10-05-review/corpus-v3/10-grids/game_of_life.sake	3	1	3
../2026-10-05-review/corpus-v3/10-grids/game_of_life.sake	4	1	3
../2026-10-05-review/corpus-v3/10-grids/hex_game.sake	1	0	0
../2026-10-05-review/corpus-v3/10-grids/hex_game.sake	2	0	0
../2026-10-05-review/corpus-v3/10-grids/hex_game.sake	3	0	0
../2026-10-05-review/corpus-v3/10-grids/hex_game.sake	4	0	0
../2026-10-05-review/corpus-v3/10-grids/knights_tour.sake	1	0	0
../2026-10-05-review/corpus-v3/10-grids/knights_tour.sake	2	1	3
../2026-10-05-review/corpus-v3/10-grids/knights_tour.sake	3	1	7
../2026-10-05-review/corpus-v3/10-grids/knights_tour.sake	4	1	7
../2026-10-05-review/corpus-v3/10-grids/langtons_ant.sake	1	0	0
../2026-10-05-review/corpus-v3/10-grids/langtons_ant.sake	2	0	0
../2026-10-05-review/corpus-v3/10-grids/langtons_ant.sake	3	1	1
../2026-10-05-review/corpus-v3/10-grids/langtons_ant.sake	4	1	1
../2026-10-05-review/corpus-v3/10-grids/lights_out.sake	1	0	0
../2026-10-05-review/corpus-v3/10-grids/lights_out.sake	2	0	0
../2026-10-05-review/corpus-v3/10-grids/lights_out.sake	3	0	0
../2026-10-05-review/corpus-v3/10-grids/lights_out.sake	4	0	0
../2026-10-05-review/corpus-v3/10-grids/magic_square.sake	1	0	0
../2026-10-05-review/corpus-v3/10-grids/magic_square.sake	2	0	0
../2026-10-05-review/corpus-v3/10-grids/magic_square.sake	3	1	8
../2026-10-05-review/corpus-v3/10-grids/magic_square.sake	4	1	8
../2026-10-05-review/corpus-v3/10-grids/matrix_spiral.sake	1	0	0
../2026-10-05-review/corpus-v3/10-grids/matrix_spiral.sake	2	0	0
../2026-10-05-review/corpus-v3/10-grids/matrix_spiral.sake	3	1	7
../2026-10-05-review/corpus-v3/10-grids/matrix_spiral.sake	4	1	7
../2026-10-05-review/corpus-v3/10-grids/maze_bfs.sake	1	0	0
../2026-10-05-review/corpus-v3/10-grids/maze_bfs.sake	2	1	2
../2026-10-05-review/corpus-v3/10-grids/maze_bfs.sake	3	1	4
../2026-10-05-review/corpus-v3/10-grids/maze_bfs.sake	4	1	4
../2026-10-05-review/corpus-v3/10-grids/minesweeper.sake	1	0	0
../2026-10-05-review/corpus-v3/10-grids/minesweeper.sake	2	1	1
../2026-10-05-review/corpus-v3/10-grids/minesweeper.sake	3	1	11
../2026-10-05-review/corpus-v3/10-grids/minesweeper.sake	4	1	11
../2026-10-05-review/corpus-v3/10-grids/n_queens.sake	1	0	0
../2026-10-05-review/corpus-v3/10-grids/n_queens.sake	2	0	0
../2026-10-05-review/corpus-v3/10-grids/n_queens.sake	3	0	0
../2026-10-05-review/corpus-v3/10-grids/n_queens.sake	4	0	0
../2026-10-05-review/corpus-v3/10-grids/nonogram.sake	1	0	0
../2026-10-05-review/corpus-v3/10-grids/nonogram.sake	2	0	0
../2026-10-05-review/corpus-v3/10-grids/nonogram.sake	3	1	4
../2026-10-05-review/corpus-v3/10-grids/nonogram.sake	4	1	4
../2026-10-05-review/corpus-v3/10-grids/othello.sake	1	0	0
../2026-10-05-review/corpus-v3/10-grids/othello.sake	2	0	0
../2026-10-05-review/corpus-v3/10-grids/othello.sake	3	1	10
../2026-10-05-review/corpus-v3/10-grids/othello.sake	4	1	11
../2026-10-05-review/corpus-v3/10-grids/sliding_puzzle.sake	1	0	0
../2026-10-05-review/corpus-v3/10-grids/sliding_puzzle.sake	2	1	2
../2026-10-05-review/corpus-v3/10-grids/sliding_puzzle.sake	3	1	12
../2026-10-05-review/corpus-v3/10-grids/sliding_puzzle.sake	4	1	12
../2026-10-05-review/corpus-v3/10-grids/sokoban.sake	1	0	0
../2026-10-05-review/corpus-v3/10-grids/sokoban.sake	2	0	0
../2026-10-05-review/corpus-v3/10-grids/sokoban.sake	3	1	1
../2026-10-05-review/corpus-v3/10-grids/sokoban.sake	4	1	1
../2026-10-05-review/corpus-v3/10-grids/sudoku_solver.sake	1	0	0
../2026-10-05-review/corpus-v3/10-grids/sudoku_solver.sake	2	1	1
../2026-10-05-review/corpus-v3/10-grids/sudoku_solver.sake	3	1	4
../2026-10-05-review/corpus-v3/10-grids/sudoku_solver.sake	4	1	4
../2026-10-05-review/corpus-v3/10-grids/terrain_dijkstra.sake	1	0	0
../2026-10-05-review/corpus-v3/10-grids/terrain_dijkstra.sake	2	1	2
../2026-10-05-review/corpus-v3/10-grids/terrain_dijkstra.sake	3	1	8
../2026-10-05-review/corpus-v3/10-grids/terrain_dijkstra.sake	4	1	8
../2026-10-05-review/corpus-v3/10-grids/tic_tac_toe.sake	1	0	0
../2026-10-05-review/corpus-v3/10-grids/tic_tac_toe.sake	2	1	4
../2026-10-05-review/corpus-v3/10-grids/tic_tac_toe.sake	3	1	5
../2026-10-05-review/corpus-v3/10-grids/tic_tac_toe.sake	4	1	5
../2026-10-05-review/corpus-v3/10-grids/word_search.sake	1	0	0
../2026-10-05-review/corpus-v3/10-grids/word_search.sake	2	1	1
../2026-10-05-review/corpus-v3/10-grids/word_search.sake	3	1	3
../2026-10-05-review/corpus-v3/10-grids/word_search.sake	4	1	3
../2026-10-05-review/corpus-v3/11-simulation/bakery_shift.sake	1	0	0
../2026-10-05-review/corpus-v3/11-simulation/bakery_shift.sake	2	1	6
../2026-10-05-review/corpus-v3/11-simulation/bakery_shift.sake	3	1	8
../2026-10-05-review/corpus-v3/11-simulation/bakery_shift.sake	4	1	8
../2026-10-05-review/corpus-v3/11-simulation/bank_ledger.sake	1	0	0
../2026-10-05-review/corpus-v3/11-simulation/bank_ledger.sake	2	0	0
../2026-10-05-review/corpus-v3/11-simulation/bank_ledger.sake	3	0	0
../2026-10-05-review/corpus-v3/11-simulation/bank_ledger.sake	4	0	0
../2026-10-05-review/corpus-v3/11-simulation/car_rental.sake	1	0	0
../2026-10-05-review/corpus-v3/11-simulation/car_rental.sake	2	1	1
../2026-10-05-review/corpus-v3/11-simulation/car_rental.sake	3	1	3
../2026-10-05-review/corpus-v3/11-simulation/car_rental.sake	4	1	3
../2026-10-05-review/corpus-v3/11-simulation/checkout_lanes.sake	1	0	0
../2026-10-05-review/corpus-v3/11-simulation/checkout_lanes.sake	2	1	1
../2026-10-05-review/corpus-v3/11-simulation/checkout_lanes.sake	3	1	1
../2026-10-05-review/corpus-v3/11-simulation/checkout_lanes.sake	4	1	1
../2026-10-05-review/corpus-v3/11-simulation/cpu_scheduler.sake	1	0	0
../2026-10-05-review/corpus-v3/11-simulation/cpu_scheduler.sake	2	1	2
../2026-10-05-review/corpus-v3/11-simulation/cpu_scheduler.sake	3	1	2
../2026-10-05-review/corpus-v3/11-simulation/cpu_scheduler.sake	4	1	2
../2026-10-05-review/corpus-v3/11-simulation/ecosystem_patches.sake	1	0	0
../2026-10-05-review/corpus-v3/11-simulation/ecosystem_patches.sake	2	0	0
../2026-10-05-review/corpus-v3/11-simulation/ecosystem_patches.sake	3	0	0
../2026-10-05-review/corpus-v3/11-simulation/ecosystem_patches.sake	4	0	0
../2026-10-05-review/corpus-v3/11-simulation/elevator_scan.sake	1	0	0
../2026-10-05-review/corpus-v3/11-simulation/elevator_scan.sake	2	1	5
../2026-10-05-review/corpus-v3/11-simulation/elevator_scan.sake	3	1	5
../2026-10-05-review/corpus-v3/11-simulation/elevator_scan.sake	4	1	5
../2026-10-05-review/corpus-v3/11-simulation/epidemic_network.sake	1	0	0
../2026-10-05-review/corpus-v3/11-simulation/epidemic_network.sake	2	0	0
../2026-10-05-review/corpus-v3/11-simulation/epidemic_network.sake	3	1	5
../2026-10-05-review/corpus-v3/11-simulation/epidemic_network.sake	4	1	5
../2026-10-05-review/corpus-v3/11-simulation/forest_fire.sake	1	0	0
../2026-10-05-review/corpus-v3/11-simulation/forest_fire.sake	2	1	1
../2026-10-05-review/corpus-v3/11-simulation/forest_fire.sake	3	1	8
../2026-10-05-review/corpus-v3/11-simulation/forest_fire.sake	4	1	8
../2026-10-05-review/corpus-v3/11-simulation/hotel_bookings.sake	1	0	0
../2026-10-05-review/corpus-v3/11-simulation/hotel_bookings.sake	2	1	1
../2026-10-05-review/corpus-v3/11-simulation/hotel_bookings.sake	3	1	2
../2026-10-05-review/corpus-v3/11-simulation/hotel_bookings.sake	4	1	2
../2026-10-05-review/corpus-v3/11-simulation/inventory_reorder.sake	1	0	0
../2026-10-05-review/corpus-v3/11-simulation/inventory_reorder.sake	2	1	9
../2026-10-05-review/corpus-v3/11-simulation/inventory_reorder.sake	3	1	9
../2026-10-05-review/corpus-v3/11-simulation/inventory_reorder.sake	4	1	9
../2026-10-05-review/corpus-v3/11-simulation/langton_ants.sake	1	0	0
../2026-10-05-review/corpus-v3/11-simulation/langton_ants.sake	2	1	4
../2026-10-05-review/corpus-v3/11-simulation/langton_ants.sake	3	1	9
../2026-10-05-review/corpus-v3/11-simulation/langton_ants.sake	4	1	9
../2026-10-05-review/corpus-v3/11-simulation/library_loans.sake	1	0	0
../2026-10-05-review/corpus-v3/11-simulation/library_loans.sake	2	1	2
../2026-10-05-review/corpus-v3/11-simulation/library_loans.sake	3	1	10
../2026-10-05-review/corpus-v3/11-simulation/library_loans.sake	4	1	10
../2026-10-05-review/corpus-v3/11-simulation/life_torus.sake	1	0	0
../2026-10-05-review/corpus-v3/11-simulation/life_torus.sake	2	1	1
../2026-10-05-review/corpus-v3/11-simulation/life_torus.sake	3	1	1
../2026-10-05-review/corpus-v3/11-simulation/life_torus.sake	4	1	1
../2026-10-05-review/corpus-v3/11-simulation/order_book.sake	1	0	0
../2026-10-05-review/corpus-v3/11-simulation/order_book.sake	2	1	10
../2026-10-05-review/corpus-v3/11-simulation/order_book.sake	3	1	10
../2026-10-05-review/corpus-v3/11-simulation/order_book.sake	4	1	10
../2026-10-05-review/corpus-v3/11-simulation/packet_network.sake	1	0	0
../2026-10-05-review/corpus-v3/11-simulation/packet_network.sake	2	1	2
../2026-10-05-review/corpus-v3/11-simulation/packet_network.sake	3	1	14
../2026-10-05-review/corpus-v3/11-simulation/packet_network.sake	4	1	14
../2026-10-05-review/corpus-v3/11-simulation/parking_garage.sake	1	0	0
../2026-10-05-review/corpus-v3/11-simulation/parking_garage.sake	2	1	1
../2026-10-05-review/corpus-v3/11-simulation/parking_garage.sake	3	1	2
../2026-10-05-review/corpus-v3/11-simulation/parking_garage.sake	4	1	2
../2026-10-05-review/corpus-v3/11-simulation/ring_road_traffic.sake	1	0	0
../2026-10-05-review/corpus-v3/11-simulation/ring_road_traffic.sake	2	1	2
../2026-10-05-review/corpus-v3/11-simulation/ring_road_traffic.sake	3	1	13
../2026-10-05-review/corpus-v3/11-simulation/ring_road_traffic.sake	4	1	13
../2026-10-05-review/corpus-v3/11-simulation/runway_ops.sake	1	0	0
../2026-10-05-review/corpus-v3/11-simulation/runway_ops.sake	2	1	6
../2026-10-05-review/corpus-v3/11-simulation/runway_ops.sake	3	1	6
../2026-10-05-review/corpus-v3/11-simulation/runway_ops.sake	4	1	6
../2026-10-05-review/corpus-v3/11-simulation/sandpile.sake	1	0	0
../2026-10-05-review/corpus-v3/11-simulation/sandpile.sake	2	1	2
../2026-10-05-review/corpus-v3/11-simulation/sandpile.sake	3	1	14
../2026-10-05-review/corpus-v3/11-simulation/sandpile.sake	4	1	14
../2026-10-05-review/corpus-v3/11-simulation/teller_queue_des.sake	1	0	0
../2026-10-05-review/corpus-v3/11-simulation/teller_queue_des.sake	2	1	9
../2026-10-05-review/corpus-v3/11-simulation/teller_queue_des.sake	3	1	9
../2026-10-05-review/corpus-v3/11-simulation/teller_queue_des.sake	4	1	9
../2026-10-05-review/corpus-v3/11-simulation/thermostat_house.sake	1	0	0
../2026-10-05-review/corpus-v3/11-simulation/thermostat_house.sake	2	0	0
../2026-10-05-review/corpus-v3/11-simulation/thermostat_house.sake	3	1	3
../2026-10-05-review/corpus-v3/11-simulation/thermostat_house.sake	4	1	3
../2026-10-05-review/corpus-v3/11-simulation/traffic_intersection.sake	1	0	0
../2026-10-05-review/corpus-v3/11-simulation/traffic_intersection.sake	2	1	1
../2026-10-05-review/corpus-v3/11-simulation/traffic_intersection.sake	3	1	4
../2026-10-05-review/corpus-v3/11-simulation/traffic_intersection.sake	4	1	4
../2026-10-05-review/corpus-v3/11-simulation/vending_machine.sake	1	0	0
../2026-10-05-review/corpus-v3/11-simulation/vending_machine.sake	2	0	0
../2026-10-05-review/corpus-v3/11-simulation/vending_machine.sake	3	1	4
../2026-10-05-review/corpus-v3/11-simulation/vending_machine.sake	4	1	4
../2026-10-05-review/corpus-v3/11-simulation/water_tanks.sake	1	0	0
../2026-10-05-review/corpus-v3/11-simulation/water_tanks.sake	2	1	4
../2026-10-05-review/corpus-v3/11-simulation/water_tanks.sake	3	1	32
../2026-10-05-review/corpus-v3/11-simulation/water_tanks.sake	4	1	32
../2026-10-05-review/corpus-v3/12-parsers/assembler.sake	1	0	0
../2026-10-05-review/corpus-v3/12-parsers/assembler.sake	2	1	8
../2026-10-05-review/corpus-v3/12-parsers/assembler.sake	3	1	21
../2026-10-05-review/corpus-v3/12-parsers/assembler.sake	4	1	27
../2026-10-05-review/corpus-v3/12-parsers/brainfuck.sake	1	0	0
../2026-10-05-review/corpus-v3/12-parsers/brainfuck.sake	2	0	0
../2026-10-05-review/corpus-v3/12-parsers/brainfuck.sake	3	1	6
../2026-10-05-review/corpus-v3/12-parsers/brainfuck.sake	4	1	6
../2026-10-05-review/corpus-v3/12-parsers/calc_rd.sake	1	0	0
../2026-10-05-review/corpus-v3/12-parsers/calc_rd.sake	2	1	10
../2026-10-05-review/corpus-v3/12-parsers/calc_rd.sake	3	1	12
../2026-10-05-review/corpus-v3/12-parsers/calc_rd.sake	4	1	12
../2026-10-05-review/corpus-v3/12-parsers/chem_formula.sake	1	0	0
../2026-10-05-review/corpus-v3/12-parsers/chem_formula.sake	2	1	4
../2026-10-05-review/corpus-v3/12-parsers/chem_formula.sake	3	1	11
../2026-10-05-review/corpus-v3/12-parsers/chem_formula.sake	4	1	15
../2026-10-05-review/corpus-v3/12-parsers/cmdline_parser.sake	1	1	2
../2026-10-05-review/corpus-v3/12-parsers/cmdline_parser.sake	2	1	2
../2026-10-05-review/corpus-v3/12-parsers/cmdline_parser.sake	3	1	7
../2026-10-05-review/corpus-v3/12-parsers/cmdline_parser.sake	4	1	7
../2026-10-05-review/corpus-v3/12-parsers/csv_parser.sake	1	0	0
../2026-10-05-review/corpus-v3/12-parsers/csv_parser.sake	2	1	2
../2026-10-05-review/corpus-v3/12-parsers/csv_parser.sake	3	1	2
../2026-10-05-review/corpus-v3/12-parsers/csv_parser.sake	4	1	4
../2026-10-05-review/corpus-v3/12-parsers/forth.sake	1	0	0
../2026-10-05-review/corpus-v3/12-parsers/forth.sake	2	1	11
../2026-10-05-review/corpus-v3/12-parsers/forth.sake	3	1	16
../2026-10-05-review/corpus-v3/12-parsers/forth.sake	4	1	16
../2026-10-05-review/corpus-v3/12-parsers/indent_lexer.sake	1	0	0
../2026-10-05-review/corpus-v3/12-parsers/indent_lexer.sake	2	1	4
../2026-10-05-review/corpus-v3/12-parsers/indent_lexer.sake	3	1	5
../2026-10-05-review/corpus-v3/12-parsers/indent_lexer.sake	4	1	5
../2026-10-05-review/corpus-v3/12-parsers/ini_parser.sake	1	0	0
../2026-10-05-review/corpus-v3/12-parsers/ini_parser.sake	2	1	1
../2026-10-05-review/corpus-v3/12-parsers/ini_parser.sake	3	1	3
../2026-10-05-review/corpus-v3/12-parsers/ini_parser.sake	4	1	3
../2026-10-05-review/corpus-v3/12-parsers/json_parser.sake	1	1	12
../2026-10-05-review/corpus-v3/12-parsers/json_parser.sake	2	1	13
../2026-10-05-review/corpus-v3/12-parsers/json_parser.sake	3	1	20
../2026-10-05-review/corpus-v3/12-parsers/json_parser.sake	4	1	22
../2026-10-05-review/corpus-v3/12-parsers/lisp_interp.sake	1	1	4
../2026-10-05-review/corpus-v3/12-parsers/lisp_interp.sake	2	1	17
../2026-10-05-review/corpus-v3/12-parsers/lisp_interp.sake	3	1	17
../2026-10-05-review/corpus-v3/12-parsers/lisp_interp.sake	4	1	17
../2026-10-05-review/corpus-v3/12-parsers/markdown.sake	1	0	0
../2026-10-05-review/corpus-v3/12-parsers/markdown.sake	2	1	1
../2026-10-05-review/corpus-v3/12-parsers/markdown.sake	3	1	6
../2026-10-05-review/corpus-v3/12-parsers/markdown.sake	4	1	6
../2026-10-05-review/corpus-v3/12-parsers/pratt_parser.sake	1	1	2
../2026-10-05-review/corpus-v3/12-parsers/pratt_parser.sake	2	1	20
../2026-10-05-review/corpus-v3/12-parsers/pratt_parser.sake	3	1	24
../2026-10-05-review/corpus-v3/12-parsers/pratt_parser.sake	4	1	24
../2026-10-05-review/corpus-v3/12-parsers/query_engine.sake	1	1	4
../2026-10-05-review/corpus-v3/12-parsers/query_engine.sake	2	1	8
../2026-10-05-review/corpus-v3/12-parsers/query_engine.sake	3	1	10
../2026-10-05-review/corpus-v3/12-parsers/query_engine.sake	4	1	10
../2026-10-05-review/corpus-v3/12-parsers/regex_matcher.sake	1	1	1
../2026-10-05-review/corpus-v3/12-parsers/regex_matcher.sake	2	1	1
../2026-10-05-review/corpus-v3/12-parsers/regex_matcher.sake	3	1	7
../2026-10-05-review/corpus-v3/12-parsers/regex_matcher.sake	4	1	7
../2026-10-05-review/corpus-v3/12-parsers/rpn_calc.sake	1	0	0
../2026-10-05-review/corpus-v3/12-parsers/rpn_calc.sake	2	1	7
../2026-10-05-review/corpus-v3/12-parsers/rpn_calc.sake	3	1	7
../2026-10-05-review/corpus-v3/12-parsers/rpn_calc.sake	4	1	7
../2026-10-05-review/corpus-v3/12-parsers/shunting_yard.sake	1	0	0
../2026-10-05-review/corpus-v3/12-parsers/shunting_yard.sake	2	1	3
../2026-10-05-review/corpus-v3/12-parsers/shunting_yard.sake	3	1	6
../2026-10-05-review/corpus-v3/12-parsers/shunting_yard.sake	4	1	6
../2026-10-05-review/corpus-v3/12-parsers/stack_vm.sake	1	1	5
../2026-10-05-review/corpus-v3/12-parsers/stack_vm.sake	2	1	15
../2026-10-05-review/corpus-v3/12-parsers/stack_vm.sake	3	1	18
../2026-10-05-review/corpus-v3/12-parsers/stack_vm.sake	4	1	18
../2026-10-05-review/corpus-v3/12-parsers/symbolic_diff.sake	1	0	0
../2026-10-05-review/corpus-v3/12-parsers/symbolic_diff.sake	2	1	1
../2026-10-05-review/corpus-v3/12-parsers/symbolic_diff.sake	3	1	21
../2026-10-05-review/corpus-v3/12-parsers/symbolic_diff.sake	4	1	21
../2026-10-05-review/corpus-v3/12-parsers/template_engine.sake	1	1	1
../2026-10-05-review/corpus-v3/12-parsers/template_engine.sake	2	1	6
../2026-10-05-review/corpus-v3/12-parsers/template_engine.sake	3	1	8
../2026-10-05-review/corpus-v3/12-parsers/template_engine.sake	4	1	8
../2026-10-05-review/corpus-v3/12-parsers/tiny_basic.sake	1	0	0
../2026-10-05-review/corpus-v3/12-parsers/tiny_basic.sake	2	1	19
../2026-10-05-review/corpus-v3/12-parsers/tiny_basic.sake	3	1	25
../2026-10-05-review/corpus-v3/12-parsers/tiny_basic.sake	4	1	25
../2026-10-05-review/corpus-v3/12-parsers/tokenizer.sake	1	0	0
../2026-10-05-review/corpus-v3/12-parsers/tokenizer.sake	2	0	0
../2026-10-05-review/corpus-v3/12-parsers/tokenizer.sake	3	1	1
../2026-10-05-review/corpus-v3/12-parsers/tokenizer.sake	4	1	1
../2026-10-05-review/corpus-v3/12-parsers/truth_table.sake	1	0	0
../2026-10-05-review/corpus-v3/12-parsers/truth_table.sake	2	0	0
../2026-10-05-review/corpus-v3/12-parsers/truth_table.sake	3	0	0
../2026-10-05-review/corpus-v3/12-parsers/truth_table.sake	4	1	3
../2026-10-05-review/corpus-v3/12-parsers/turing_machine.sake	1	0	0
../2026-10-05-review/corpus-v3/12-parsers/turing_machine.sake	2	0	0
../2026-10-05-review/corpus-v3/12-parsers/turing_machine.sake	3	1	1
../2026-10-05-review/corpus-v3/12-parsers/turing_machine.sake	4	1	4
../2026-10-05-review/corpus-v3/12-parsers/type_checker.sake	1	0	0
../2026-10-05-review/corpus-v3/12-parsers/type_checker.sake	2	0	0
../2026-10-05-review/corpus-v3/12-parsers/type_checker.sake	3	0	0
../2026-10-05-review/corpus-v3/12-parsers/type_checker.sake	4	0	0
../2026-10-05-review/corpus-v3/13-polymorphism/bitset_permissions.sake	1	0	0
../2026-10-05-review/corpus-v3/13-polymorphism/bitset_permissions.sake	2	0	0
../2026-10-05-review/corpus-v3/13-polymorphism/bitset_permissions.sake	3	1	10
../2026-10-05-review/corpus-v3/13-polymorphism/bitset_permissions.sake	4	1	11
../2026-10-05-review/corpus-v3/13-polymorphism/calendar_dates.sake	1	0	0
../2026-10-05-review/corpus-v3/13-polymorphism/calendar_dates.sake	2	1	4
../2026-10-05-review/corpus-v3/13-polymorphism/calendar_dates.sake	3	1	8
../2026-10-05-review/corpus-v3/13-polymorphism/calendar_dates.sake	4	1	11
../2026-10-05-review/corpus-v3/13-polymorphism/collision_check.sake	1	0	0
../2026-10-05-review/corpus-v3/13-polymorphism/collision_check.sake	2	0	0
../2026-10-05-review/corpus-v3/13-polymorphism/collision_check.sake	3	0	0
../2026-10-05-review/corpus-v3/13-polymorphism/collision_check.sake	4	0	0
../2026-10-05-review/corpus-v3/13-polymorphism/color_palette.sake	1	0	0
../2026-10-05-review/corpus-v3/13-polymorphism/color_palette.sake	2	1	7
../2026-10-05-review/corpus-v3/13-polymorphism/color_palette.sake	3	1	17
../2026-10-05-review/corpus-v3/13-polymorphism/color_palette.sake	4	1	18
../2026-10-05-review/corpus-v3/13-polymorphism/doc_render.sake	1	0	0
../2026-10-05-review/corpus-v3/13-polymorphism/doc_render.sake	2	1	3
../2026-10-05-review/corpus-v3/13-polymorphism/doc_render.sake	3	1	7
../2026-10-05-review/corpus-v3/13-polymorphism/doc_render.sake	4	1	7
../2026-10-05-review/corpus-v3/13-polymorphism/duration_timesheet.sake	1	0	0
../2026-10-05-review/corpus-v3/13-polymorphism/duration_timesheet.sake	2	0	0
../2026-10-05-review/corpus-v3/13-polymorphism/duration_timesheet.sake	3	1	5
../2026-10-05-review/corpus-v3/13-polymorphism/duration_timesheet.sake	4	1	7
../2026-10-05-review/corpus-v3/13-polymorphism/expr_tree.sake	1	0	0
../2026-10-05-review/corpus-v3/13-polymorphism/expr_tree.sake	2	0	0
../2026-10-05-review/corpus-v3/13-polymorphism/expr_tree.sake	3	1	1
../2026-10-05-review/corpus-v3/13-polymorphism/expr_tree.sake	4	1	2
../2026-10-05-review/corpus-v3/13-polymorphism/fraction_math.sake	1	0	0
../2026-10-05-review/corpus-v3/13-polymorphism/fraction_math.sake	2	0	0
../2026-10-05-review/corpus-v3/13-polymorphism/fraction_math.sake	3	1	1
../2026-10-05-review/corpus-v3/13-polymorphism/fraction_math.sake	4	1	2
../2026-10-05-review/corpus-v3/13-polymorphism/interval_arith.sake	1	0	0
../2026-10-05-review/corpus-v3/13-polymorphism/interval_arith.sake	2	1	26
../2026-10-05-review/corpus-v3/13-polymorphism/interval_arith.sake	3	1	32
../2026-10-05-review/corpus-v3/13-polymorphism/interval_arith.sake	4	1	34
../2026-10-05-review/corpus-v3/13-polymorphism/life_grid.sake	1	0	0
../2026-10-05-review/corpus-v3/13-polymorphism/life_grid.sake	2	1	4
../2026-10-05-review/corpus-v3/13-polymorphism/life_grid.sake	3	1	6
../2026-10-05-review/corpus-v3/13-polymorphism/life_grid.sake	4	1	6
../2026-10-05-review/corpus-v3/13-polymorphism/matrix_ops.sake	1	1	2
../2026-10-05-review/corpus-v3/13-polymorphism/matrix_ops.sake	2	1	3
../2026-10-05-review/corpus-v3/13-polymorphism/matrix_ops.sake	3	1	21
../2026-10-05-review/corpus-v3/13-polymorphism/matrix_ops.sake	4	1	24
../2026-10-05-review/corpus-v3/13-polymorphism/modint_combinatorics.sake	1	0	0
../2026-10-05-review/corpus-v3/13-polymorphism/modint_combinatorics.sake	2	0	0
../2026-10-05-review/corpus-v3/13-polymorphism/modint_combinatorics.sake	3	1	5
../2026-10-05-review/corpus-v3/13-polymorphism/modint_combinatorics.sake	4	1	7
../2026-10-05-review/corpus-v3/13-polymorphism/money_ledger.sake	1	0	0
../2026-10-05-review/corpus-v3/13-polymorphism/money_ledger.sake	2	0	0
../2026-10-05-review/corpus-v3/13-polymorphism/money_ledger.sake	3	1	3
../2026-10-05-review/corpus-v3/13-polymorphism/money_ledger.sake	4	1	4
../2026-10-05-review/corpus-v3/13-polymorphism/notify_channels.sake	1	0	0
../2026-10-05-review/corpus-v3/13-polymorphism/notify_channels.sake	2	0	0
../2026-10-05-review/corpus-v3/13-polymorphism/notify_channels.sake	3	1	1
../2026-10-05-review/corpus-v3/13-polymorphism/notify_channels.sake	4	1	1
../2026-10-05-review/corpus-v3/13-polymorphism/payroll.sake	1	0	0
../2026-10-05-review/corpus-v3/13-polymorphism/payroll.sake	2	1	4
../2026-10-05-review/corpus-v3/13-polymorphism/payroll.sake	3	1	4
../2026-10-05-review/corpus-v3/13-polymorphism/payroll.sake	4	1	4
../2026-10-05-review/corpus-v3/13-polymorphism/physical_quantities.sake	1	0	0
../2026-10-05-review/corpus-v3/13-polymorphism/physical_quantities.sake	2	0	0
../2026-10-05-review/corpus-v3/13-polymorphism/physical_quantities.sake	3	1	4
../2026-10-05-review/corpus-v3/13-polymorphism/physical_quantities.sake	4	1	5
../2026-10-05-review/corpus-v3/13-polymorphism/polynomial.sake	1	0	0
../2026-10-05-review/corpus-v3/13-polymorphism/polynomial.sake	2	1	2
../2026-10-05-review/corpus-v3/13-polymorphism/polynomial.sake	3	1	9
../2026-10-05-review/corpus-v3/13-polymorphism/polynomial.sake	4	1	10
../2026-10-05-review/corpus-v3/13-polymorphism/quaternion_rotation.sake	1	0	0
../2026-10-05-review/corpus-v3/13-polymorphism/quaternion_rotation.sake	2	0	0
../2026-10-05-review/corpus-v3/13-polymorphism/quaternion_rotation.sake	3	1	3
../2026-10-05-review/corpus-v3/13-polymorphism/quaternion_rotation.sake	4	1	3
../2026-10-05-review/corpus-v3/13-polymorphism/shapes_area.sake	1	0	0
../2026-10-05-review/corpus-v3/13-polymorphism/shapes_area.sake	2	0	0
../2026-10-05-review/corpus-v3/13-polymorphism/shapes_area.sake	3	1	1
../2026-10-05-review/corpus-v3/13-polymorphism/shapes_area.sake	4	1	1
../2026-10-05-review/corpus-v3/13-polymorphism/sparse_vector.sake	1	0	0
../2026-10-05-review/corpus-v3/13-polymorphism/sparse_vector.sake	2	0	0
../2026-10-05-review/corpus-v3/13-polymorphism/sparse_vector.sake	3	1	3
../2026-10-05-review/corpus-v3/13-polymorphism/sparse_vector.sake	4	1	3
../2026-10-05-review/corpus-v3/13-polymorphism/stack_vm.sake	1	0	0
../2026-10-05-review/corpus-v3/13-polymorphism/stack_vm.sake	2	1	5
../2026-10-05-review/corpus-v3/13-polymorphism/stack_vm.sake	3	1	8
../2026-10-05-review/corpus-v3/13-polymorphism/stack_vm.sake	4	1	10
../2026-10-05-review/corpus-v3/13-polymorphism/task_heap.sake	1	0	0
../2026-10-05-review/corpus-v3/13-polymorphism/task_heap.sake	2	1	8
../2026-10-05-review/corpus-v3/13-polymorphism/task_heap.sake	3	1	10
../2026-10-05-review/corpus-v3/13-polymorphism/task_heap.sake	4	1	10
../2026-10-05-review/corpus-v3/13-polymorphism/temperature_units.sake	1	0	0
../2026-10-05-review/corpus-v3/13-polymorphism/temperature_units.sake	2	1	4
../2026-10-05-review/corpus-v3/13-polymorphism/temperature_units.sake	3	1	9
../2026-10-05-review/corpus-v3/13-polymorphism/temperature_units.sake	4	1	10
../2026-10-05-review/corpus-v3/13-polymorphism/vector_polygon.sake	1	0	0
../2026-10-05-review/corpus-v3/13-polymorphism/vector_polygon.sake	2	0	0
../2026-10-05-review/corpus-v3/13-polymorphism/vector_polygon.sake	3	1	8
../2026-10-05-review/corpus-v3/13-polymorphism/vector_polygon.sake	4	1	8
../2026-10-05-review/corpus-v3/13-polymorphism/version_constraints.sake	1	0	0
../2026-10-05-review/corpus-v3/13-polymorphism/version_constraints.sake	2	0	0
../2026-10-05-review/corpus-v3/13-polymorphism/version_constraints.sake	3	1	4
../2026-10-05-review/corpus-v3/13-polymorphism/version_constraints.sake	4	1	6
../2026-10-05-review/corpus-v3/14-errors/bank_transfers.sake	1	0	0
../2026-10-05-review/corpus-v3/14-errors/bank_transfers.sake	2	0	0
../2026-10-05-review/corpus-v3/14-errors/bank_transfers.sake	3	1	1
../2026-10-05-review/corpus-v3/14-errors/bank_transfers.sake	4	1	1
../2026-10-05-review/corpus-v3/14-errors/card_validation.sake	1	0	0
../2026-10-05-review/corpus-v3/14-errors/card_validation.sake	2	0	0
../2026-10-05-review/corpus-v3/14-errors/card_validation.sake	3	1	2
../2026-10-05-review/corpus-v3/14-errors/card_validation.sake	4	1	2
../2026-10-05-review/corpus-v3/14-errors/circuit_breaker.sake	1	0	0
../2026-10-05-review/corpus-v3/14-errors/circuit_breaker.sake	2	0	0
../2026-10-05-review/corpus-v3/14-errors/circuit_breaker.sake	3	0	0
../2026-10-05-review/corpus-v3/14-errors/circuit_breaker.sake	4	0	0
../2026-10-05-review/corpus-v3/14-errors/config_loader.sake	1	1	2
../2026-10-05-review/corpus-v3/14-errors/config_loader.sake	2	1	2
../2026-10-05-review/corpus-v3/14-errors/config_loader.sake	3	1	2
../2026-10-05-review/corpus-v3/14-errors/config_loader.sake	4	1	2
../2026-10-05-review/corpus-v3/14-errors/contracts.sake	1	0	0
../2026-10-05-review/corpus-v3/14-errors/contracts.sake	2	0	0
../2026-10-05-review/corpus-v3/14-errors/contracts.sake	3	0	0
../2026-10-05-review/corpus-v3/14-errors/contracts.sake	4	0	0
../2026-10-05-review/corpus-v3/14-errors/csv_import.sake	1	0	0
../2026-10-05-review/corpus-v3/14-errors/csv_import.sake	2	1	1
../2026-10-05-review/corpus-v3/14-errors/csv_import.sake	3	1	15
../2026-10-05-review/corpus-v3/14-errors/csv_import.sake	4	1	15
../2026-10-05-review/corpus-v3/14-errors/dependency_resolver.sake	1	0	0
../2026-10-05-review/corpus-v3/14-errors/dependency_resolver.sake	2	1	1
../2026-10-05-review/corpus-v3/14-errors/dependency_resolver.sake	3	1	1
../2026-10-05-review/corpus-v3/14-errors/dependency_resolver.sake	4	1	1
../2026-10-05-review/corpus-v3/14-errors/error_wrapping.sake	1	0	0
../2026-10-05-review/corpus-v3/14-errors/error_wrapping.sake	2	0	0
../2026-10-05-review/corpus-v3/14-errors/error_wrapping.sake	3	0	0
../2026-10-05-review/corpus-v3/14-errors/error_wrapping.sake	4	0	0
../2026-10-05-review/corpus-v3/14-errors/expr_calculator.sake	1	0	0
../2026-10-05-review/corpus-v3/14-errors/expr_calculator.sake	2	0	0
../2026-10-05-review/corpus-v3/14-errors/expr_calculator.sake	3	1	8
../2026-10-05-review/corpus-v3/14-errors/expr_calculator.sake	4	1	8
../2026-10-05-review/corpus-v3/14-errors/http_error_mapping.sake	1	0	0
../2026-10-05-review/corpus-v3/14-errors/http_error_mapping.sake	2	0	0
../2026-10-05-review/corpus-v3/14-errors/http_error_mapping.sake	3	1	1
../2026-10-05-review/corpus-v3/14-errors/http_error_mapping.sake	4	1	1
../2026-10-05-review/corpus-v3/14-errors/job_queue.sake	1	0	0
../2026-10-05-review/corpus-v3/14-errors/job_queue.sake	2	0	0
../2026-10-05-review/corpus-v3/14-errors/job_queue.sake	3	0	0
../2026-10-05-review/corpus-v3/14-errors/job_queue.sake	4	0	0
../2026-10-05-review/corpus-v3/14-errors/ledger_reconcile.sake	1	0	0
../2026-10-05-review/corpus-v3/14-errors/ledger_reconcile.sake	2	0	0
../2026-10-05-review/corpus-v3/14-errors/ledger_reconcile.sake	3	1	3
../2026-10-05-review/corpus-v3/14-errors/ledger_reconcile.sake	4	1	3
../2026-10-05-review/corpus-v3/14-errors/log_triage.sake	1	0	0
../2026-10-05-review/corpus-v3/14-errors/log_triage.sake	2	1	2
../2026-10-05-review/corpus-v3/14-errors/log_triage.sake	3	1	6
../2026-10-05-review/corpus-v3/14-errors/log_triage.sake	4	1	6
../2026-10-05-review/corpus-v3/14-errors/matrix_checks.sake	1	0	0
../2026-10-05-review/corpus-v3/14-errors/matrix_checks.sake	2	1	5
../2026-10-05-review/corpus-v3/14-errors/matrix_checks.sake	3	1	5
../2026-10-05-review/corpus-v3/14-errors/matrix_checks.sake	4	1	5
../2026-10-05-review/corpus-v3/14-errors/nested_schema.sake	1	0	0
../2026-10-05-review/corpus-v3/14-errors/nested_schema.sake	2	1	3
../2026-10-05-review/corpus-v3/14-errors/nested_schema.sake	3	1	3
../2026-10-05-review/corpus-v3/14-errors/nested_schema.sake	4	1	3
../2026-10-05-review/corpus-v3/14-errors/order_lifecycle.sake	1	0	0
../2026-10-05-review/corpus-v3/14-errors/order_lifecycle.sake	2	1	3
../2026-10-05-review/corpus-v3/14-errors/order_lifecycle.sake	3	1	3
../2026-10-05-review/corpus-v3/14-errors/order_lifecycle.sake	4	1	3
../2026-10-05-review/corpus-v3/14-errors/param_coercion.sake	1	1	1
../2026-10-05-review/corpus-v3/14-errors/param_coercion.sake	2	1	1
../2026-10-05-review/corpus-v3/14-errors/param_coercion.sake	3	1	1
../2026-10-05-review/corpus-v3/14-errors/param_coercion.sake	4	1	1
../2026-10-05-review/corpus-v3/14-errors/password_policy.sake	1	0	0
../2026-10-05-review/corpus-v3/14-errors/password_policy.sake	2	0	0
../2026-10-05-review/corpus-v3/14-errors/password_policy.sake	3	0	0
../2026-10-05-review/corpus-v3/14-errors/password_policy.sake	4	0	0
../2026-10-05-review/corpus-v3/14-errors/quote_fallback.sake	1	0	0
../2026-10-05-review/corpus-v3/14-errors/quote_fallback.sake	2	0	0
../2026-10-05-review/corpus-v3/14-errors/quote_fallback.sake	3	1	2
../2026-10-05-review/corpus-v3/14-errors/quote_fallback.sake	4	1	2
../2026-10-05-review/corpus-v3/14-errors/registration_form.sake	1	0	0
../2026-10-05-review/corpus-v3/14-errors/registration_form.sake	2	0	0
../2026-10-05-review/corpus-v3/14-errors/registration_form.sake	3	1	2
../2026-10-05-review/corpus-v3/14-errors/registration_form.sake	4	1	2
../2026-10-05-review/corpus-v3/14-errors/result_pipeline.sake	1	0	0
../2026-10-05-review/corpus-v3/14-errors/result_pipeline.sake	2	0	0
../2026-10-05-review/corpus-v3/14-errors/result_pipeline.sake	3	1	1
../2026-10-05-review/corpus-v3/14-errors/result_pipeline.sake	4	1	1
../2026-10-05-review/corpus-v3/14-errors/retry_backoff.sake	1	0	0
../2026-10-05-review/corpus-v3/14-errors/retry_backoff.sake	2	0	0
../2026-10-05-review/corpus-v3/14-errors/retry_backoff.sake	3	1	4
../2026-10-05-review/corpus-v3/14-errors/retry_backoff.sake	4	1	4
../2026-10-05-review/corpus-v3/14-errors/spreadsheet_errors.sake	1	0	0
../2026-10-05-review/corpus-v3/14-errors/spreadsheet_errors.sake	2	1	6
../2026-10-05-review/corpus-v3/14-errors/spreadsheet_errors.sake	3	1	14
../2026-10-05-review/corpus-v3/14-errors/spreadsheet_errors.sake	4	1	16
../2026-10-05-review/corpus-v3/14-errors/unit_quantities.sake	1	1	1
../2026-10-05-review/corpus-v3/14-errors/unit_quantities.sake	2	1	1
../2026-10-05-review/corpus-v3/14-errors/unit_quantities.sake	3	1	6
../2026-10-05-review/corpus-v3/14-errors/unit_quantities.sake	4	1	9
../2026-10-05-review/corpus-v3/14-errors/warehouse_reservation.sake	1	0	0
../2026-10-05-review/corpus-v3/14-errors/warehouse_reservation.sake	2	0	0
../2026-10-05-review/corpus-v3/14-errors/warehouse_reservation.sake	3	1	2
../2026-10-05-review/corpus-v3/14-errors/warehouse_reservation.sake	4	1	2
../2026-10-05-review/corpus-v3/15-data/access_log_report.sake	1	0	0
../2026-10-05-review/corpus-v3/15-data/access_log_report.sake	2	1	1
../2026-10-05-review/corpus-v3/15-data/access_log_report.sake	3	1	7
../2026-10-05-review/corpus-v3/15-data/access_log_report.sake	4	1	7
../2026-10-05-review/corpus-v3/15-data/bank_reconcile.sake	1	0	0
../2026-10-05-review/corpus-v3/15-data/bank_reconcile.sake	2	0	0
../2026-10-05-review/corpus-v3/15-data/bank_reconcile.sake	3	1	5
../2026-10-05-review/corpus-v3/15-data/bank_reconcile.sake	4	1	5
../2026-10-05-review/corpus-v3/15-data/budget_variance.sake	1	0	0
../2026-10-05-review/corpus-v3/15-data/budget_variance.sake	2	0	0
../2026-10-05-review/corpus-v3/15-data/budget_variance.sake	3	0	0
../2026-10-05-review/corpus-v3/15-data/budget_variance.sake	4	0	0
../2026-10-05-review/corpus-v3/15-data/clickstream_sessions.sake	1	0	0
../2026-10-05-review/corpus-v3/15-data/clickstream_sessions.sake	2	0	0
../2026-10-05-review/corpus-v3/15-data/clickstream_sessions.sake	3	1	5
../2026-10-05-review/corpus-v3/15-data/clickstream_sessions.sake	4	1	5
../2026-10-05-review/corpus-v3/15-data/cohort_retention.sake	1	0	0
../2026-10-05-review/corpus-v3/15-data/cohort_retention.sake	2	1	4
../2026-10-05-review/corpus-v3/15-data/cohort_retention.sake	3	1	7
../2026-10-05-review/corpus-v3/15-data/cohort_retention.sake	4	1	8
../2026-10-05-review/corpus-v3/15-data/csv_import_validation.sake	1	0	0
../2026-10-05-review/corpus-v3/15-data/csv_import_validation.sake	2	1	4
../2026-10-05-review/corpus-v3/15-data/csv_import_validation.sake	3	1	6
../2026-10-05-review/corpus-v3/15-data/csv_import_validation.sake	4	1	6
../2026-10-05-review/corpus-v3/15-data/customer_dedupe.sake	1	0	0
../2026-10-05-review/corpus-v3/15-data/customer_dedupe.sake	2	0	0
../2026-10-05-review/corpus-v3/15-data/customer_dedupe.sake	3	0	0
../2026-10-05-review/corpus-v3/15-data/customer_dedupe.sake	4	0	0
../2026-10-05-review/corpus-v3/15-data/employee_dept_join.sake	1	0	0
../2026-10-05-review/corpus-v3/15-data/employee_dept_join.sake	2	0	0
../2026-10-05-review/corpus-v3/15-data/employee_dept_join.sake	3	0	0
../2026-10-05-review/corpus-v3/15-data/employee_dept_join.sake	4	0	0
../2026-10-05-review/corpus-v3/15-data/etl_star_schema.sake	1	0	0
../2026-10-05-review/corpus-v3/15-data/etl_star_schema.sake	2	0	0
../2026-10-05-review/corpus-v3/15-data/etl_star_schema.sake	3	1	8
../2026-10-05-review/corpus-v3/15-data/etl_star_schema.sake	4	1	8
../2026-10-05-review/corpus-v3/15-data/expense_pivot.sake	1	0	0
../2026-10-05-review/corpus-v3/15-data/expense_pivot.sake	2	0	0
../2026-10-05-review/corpus-v3/15-data/expense_pivot.sake	3	1	3
../2026-10-05-review/corpus-v3/15-data/expense_pivot.sake	4	1	3
../2026-10-05-review/corpus-v3/15-data/fulfillment_report.sake	1	0	0
../2026-10-05-review/corpus-v3/15-data/fulfillment_report.sake	2	0	0
../2026-10-05-review/corpus-v3/15-data/fulfillment_report.sake	3	0	0
../2026-10-05-review/corpus-v3/15-data/fulfillment_report.sake	4	0	0
../2026-10-05-review/corpus-v3/15-data/fx_conversion.sake	1	1	1
../2026-10-05-review/corpus-v3/15-data/fx_conversion.sake	2	1	1
../2026-10-05-review/corpus-v3/15-data/fx_conversion.sake	3	1	3
../2026-10-05-review/corpus-v3/15-data/fx_conversion.sake	4	1	3
../2026-10-05-review/corpus-v3/15-data/grade_book.sake	1	1	2
../2026-10-05-review/corpus-v3/15-data/grade_book.sake	2	1	2
../2026-10-05-review/corpus-v3/15-data/grade_book.sake	3	1	2
../2026-10-05-review/corpus-v3/15-data/grade_book.sake	4	1	2
../2026-10-05-review/corpus-v3/15-data/groupby_query.sake	1	1	5
../2026-10-05-review/corpus-v3/15-data/groupby_query.sake	2	1	5
../2026-10-05-review/corpus-v3/15-data/groupby_query.sake	3	1	5
../2026-10-05-review/corpus-v3/15-data/groupby_query.sake	4	1	5
../2026-10-05-review/corpus-v3/15-data/inventory_diff.sake	1	1	2
../2026-10-05-review/corpus-v3/15-data/inventory_diff.sake	2	1	4
../2026-10-05-review/corpus-v3/15-data/inventory_diff.sake	3	1	4
../2026-10-05-review/corpus-v3/15-data/inventory_diff.sake	4	1	4
../2026-10-05-review/corpus-v3/15-data/invoice_totals.sake	1	0	0
../2026-10-05-review/corpus-v3/15-data/invoice_totals.sake	2	0	0
../2026-10-05-review/corpus-v3/15-data/invoice_totals.sake	3	0	0
../2026-10-05-review/corpus-v3/15-data/invoice_totals.sake	4	0	0
../2026-10-05-review/corpus-v3/15-data/league_standings.sake	1	0	0
../2026-10-05-review/corpus-v3/15-data/league_standings.sake	2	0	0
../2026-10-05-review/corpus-v3/15-data/league_standings.sake	3	1	4
../2026-10-05-review/corpus-v3/15-data/league_standings.sake	4	1	4
../2026-10-05-review/corpus-v3/15-data/metric_anomalies.sake	1	1	1
../2026-10-05-review/corpus-v3/15-data/metric_anomalies.sake	2	1	3
../2026-10-05-review/corpus-v3/15-data/metric_anomalies.sake	3	1	8
../2026-10-05-review/corpus-v3/15-data/metric_anomalies.sake	4	1	8
../2026-10-05-review/corpus-v3/15-data/quality_rules.sake	1	0	0
../2026-10-05-review/corpus-v3/15-data/quality_rules.sake	2	0	0
../2026-10-05-review/corpus-v3/15-data/quality_rules.sake	3	0	0
../2026-10-05-review/corpus-v3/15-data/quality_rules.sake	4	0	0
../2026-10-05-review/corpus-v3/15-data/sales_by_region.sake	1	0	0
../2026-10-05-review/corpus-v3/15-data/sales_by_region.sake	2	0	0
../2026-10-05-review/corpus-v3/15-data/sales_by_region.sake	3	1	2
../2026-10-05-review/corpus-v3/15-data/sales_by_region.sake	4	1	2
../2026-10-05-review/corpus-v3/15-data/size_histogram.sake	1	0	0
../2026-10-05-review/corpus-v3/15-data/size_histogram.sake	2	1	3
../2026-10-05-review/corpus-v3/15-data/size_histogram.sake	3	1	3
../2026-10-05-review/corpus-v3/15-data/size_histogram.sake	4	1	3
../2026-10-05-review/corpus-v3/15-data/survey_crosstab.sake	1	0	0
../2026-10-05-review/corpus-v3/15-data/survey_crosstab.sake	2	0	0
../2026-10-05-review/corpus-v3/15-data/survey_crosstab.sake	3	0	0
../2026-10-05-review/corpus-v3/15-data/survey_crosstab.sake	4	0	0
../2026-10-05-review/corpus-v3/15-data/table_renderer.sake	1	1	6
../2026-10-05-review/corpus-v3/15-data/table_renderer.sake	2	1	13
../2026-10-05-review/corpus-v3/15-data/table_renderer.sake	3	1	13
../2026-10-05-review/corpus-v3/15-data/table_renderer.sake	4	1	13
../2026-10-05-review/corpus-v3/15-data/timesheet_payroll.sake	1	0	0
../2026-10-05-review/corpus-v3/15-data/timesheet_payroll.sake	2	1	2
../2026-10-05-review/corpus-v3/15-data/timesheet_payroll.sake	3	1	6
../2026-10-05-review/corpus-v3/15-data/timesheet_payroll.sake	4	1	6
../2026-10-05-review/corpus-v3/15-data/top_products.sake	1	0	0
../2026-10-05-review/corpus-v3/15-data/top_products.sake	2	0	0
../2026-10-05-review/corpus-v3/15-data/top_products.sake	3	0	0
../2026-10-05-review/corpus-v3/15-data/top_products.sake	4	0	0
../2026-10-05-review/corpus-v3/16-dates/activity_heatmap.sake	1	0	0
../2026-10-05-review/corpus-v3/16-dates/activity_heatmap.sake	2	0	0
../2026-10-05-review/corpus-v3/16-dates/activity_heatmap.sake	3	1	5
../2026-10-05-review/corpus-v3/16-dates/activity_heatmap.sake	4	1	5
../2026-10-05-review/corpus-v3/16-dates/age_calculator.sake	1	0	0
../2026-10-05-review/corpus-v3/16-dates/age_calculator.sake	2	1	2
../2026-10-05-review/corpus-v3/16-dates/age_calculator.sake	3	1	5
../2026-10-05-review/corpus-v3/16-dates/age_calculator.sake	4	1	5
../2026-10-05-review/corpus-v3/16-dates/billing_cycles.sake	1	0	0
../2026-10-05-review/corpus-v3/16-dates/billing_cycles.sake	2	1	1
../2026-10-05-review/corpus-v3/16-dates/billing_cycles.sake	3	1	14
../2026-10-05-review/corpus-v3/16-dates/billing_cycles.sake	4	1	15
../2026-10-05-review/corpus-v3/16-dates/business_days.sake	1	0	0
../2026-10-05-review/corpus-v3/16-dates/business_days.sake	2	0	0
../2026-10-05-review/corpus-v3/16-dates/business_days.sake	3	1	3
../2026-10-05-review/corpus-v3/16-dates/business_days.sake	4	1	4
../2026-10-05-review/corpus-v3/16-dates/calendar_systems.sake	1	0	0
../2026-10-05-review/corpus-v3/16-dates/calendar_systems.sake	2	1	2
../2026-10-05-review/corpus-v3/16-dates/calendar_systems.sake	3	1	2
../2026-10-05-review/corpus-v3/16-dates/calendar_systems.sake	4	1	2
../2026-10-05-review/corpus-v3/16-dates/cron_schedule.sake	1	0	0
../2026-10-05-review/corpus-v3/16-dates/cron_schedule.sake	2	1	1
../2026-10-05-review/corpus-v3/16-dates/cron_schedule.sake	3	1	4
../2026-10-05-review/corpus-v3/16-dates/cron_schedule.sake	4	1	8
../2026-10-05-review/corpus-v3/16-dates/date_arith.sake	1	0	0
../2026-10-05-review/corpus-v3/16-dates/date_arith.sake	2	0	0
../2026-10-05-review/corpus-v3/16-dates/date_arith.sake	3	1	4
../2026-10-05-review/corpus-v3/16-dates/date_arith.sake	4	1	6
../2026-10-05-review/corpus-v3/16-dates/date_parser.sake	1	0	0
../2026-10-05-review/corpus-v3/16-dates/date_parser.sake	2	0	0
../2026-10-05-review/corpus-v3/16-dates/date_parser.sake	3	1	24
../2026-10-05-review/corpus-v3/16-dates/date_parser.sake	4	1	24
../2026-10-05-review/corpus-v3/16-dates/day_of_week.sake	1	0	0
../2026-10-05-review/corpus-v3/16-dates/day_of_week.sake	2	0	0
../2026-10-05-review/corpus-v3/16-dates/day_of_week.sake	3	1	15
../2026-10-05-review/corpus-v3/16-dates/day_of_week.sake	4	1	15
../2026-10-05-review/corpus-v3/16-dates/durations.sake	1	0	0
../2026-10-05-review/corpus-v3/16-dates/durations.sake	2	0	0
../2026-10-05-review/corpus-v3/16-dates/durations.sake	3	1	5
../2026-10-05-review/corpus-v3/16-dates/durations.sake	4	1	6
../2026-10-05-review/corpus-v3/16-dates/easter.sake	1	0	0
../2026-10-05-review/corpus-v3/16-dates/easter.sake	2	0	0
../2026-10-05-review/corpus-v3/16-dates/easter.sake	3	1	2
../2026-10-05-review/corpus-v3/16-dates/easter.sake	4	1	2
../2026-10-05-review/corpus-v3/16-dates/fiscal_quarters.sake	1	0	0
../2026-10-05-review/corpus-v3/16-dates/fiscal_quarters.sake	2	0	0
../2026-10-05-review/corpus-v3/16-dates/fiscal_quarters.sake	3	1	15
../2026-10-05-review/corpus-v3/16-dates/fiscal_quarters.sake	4	1	15
../2026-10-05-review/corpus-v3/16-dates/iso_week.sake	1	0	0
../2026-10-05-review/corpus-v3/16-dates/iso_week.sake	2	0	0
../2026-10-05-review/corpus-v3/16-dates/iso_week.sake	3	1	13
../2026-10-05-review/corpus-v3/16-dates/iso_week.sake	4	1	13
../2026-10-05-review/corpus-v3/16-dates/meeting_scheduler.sake	1	0	0
../2026-10-05-review/corpus-v3/16-dates/meeting_scheduler.sake	2	1	14
../2026-10-05-review/corpus-v3/16-dates/meeting_scheduler.sake	3	1	17
../2026-10-05-review/corpus-v3/16-dates/meeting_scheduler.sake	4	1	17
../2026-10-05-review/corpus-v3/16-dates/month_calendar.sake	1	0	0
../2026-10-05-review/corpus-v3/16-dates/month_calendar.sake	2	0	0
../2026-10-05-review/corpus-v3/16-dates/month_calendar.sake	3	1	3
../2026-10-05-review/corpus-v3/16-dates/month_calendar.sake	4	1	3
../2026-10-05-review/corpus-v3/16-dates/moon_phases.sake	1	0	0
../2026-10-05-review/corpus-v3/16-dates/moon_phases.sake	2	0	0
../2026-10-05-review/corpus-v3/16-dates/moon_phases.sake	3	0	0
../2026-10-05-review/corpus-v3/16-dates/moon_phases.sake	4	0	0
../2026-10-05-review/corpus-v3/16-dates/parking_fees.sake	1	0	0
../2026-10-05-review/corpus-v3/16-dates/parking_fees.sake	2	1	11
../2026-10-05-review/corpus-v3/16-dates/parking_fees.sake	3	1	21
../2026-10-05-review/corpus-v3/16-dates/parking_fees.sake	4	1	21
../2026-10-05-review/corpus-v3/16-dates/project_gantt.sake	1	0	0
../2026-10-05-review/corpus-v3/16-dates/project_gantt.sake	2	1	8
../2026-10-05-review/corpus-v3/16-dates/project_gantt.sake	3	1	8
../2026-10-05-review/corpus-v3/16-dates/project_gantt.sake	4	1	10
../2026-10-05-review/corpus-v3/16-dates/public_holidays.sake	1	0	0
../2026-10-05-review/corpus-v3/16-dates/public_holidays.sake	2	0	0
../2026-10-05-review/corpus-v3/16-dates/public_holidays.sake	3	0	0
../2026-10-05-review/corpus-v3/16-dates/public_holidays.sake	4	0	0
../2026-10-05-review/corpus-v3/16-dates/recurring_events.sake	1	0	0
../2026-10-05-review/corpus-v3/16-dates/recurring_events.sake	2	1	3
../2026-10-05-review/corpus-v3/16-dates/recurring_events.sake	3	1	8
../2026-10-05-review/corpus-v3/16-dates/recurring_events.sake	4	1	8
../2026-10-05-review/corpus-v3/16-dates/room_booking.sake	1	0	0
../2026-10-05-review/corpus-v3/16-dates/room_booking.sake	2	0	0
../2026-10-05-review/corpus-v3/16-dates/room_booking.sake	3	1	2
../2026-10-05-review/corpus-v3/16-dates/room_booking.sake	4	1	6
../2026-10-05-review/corpus-v3/16-dates/shift_rota.sake	1	0	0
../2026-10-05-review/corpus-v3/16-dates/shift_rota.sake	2	1	1
../2026-10-05-review/corpus-v3/16-dates/shift_rota.sake	3	1	3
../2026-10-05-review/corpus-v3/16-dates/shift_rota.sake	4	1	3
../2026-10-05-review/corpus-v3/16-dates/time_zones.sake	1	0	0
../2026-10-05-review/corpus-v3/16-dates/time_zones.sake	2	0	0
../2026-10-05-review/corpus-v3/16-dates/time_zones.sake	3	0	0
../2026-10-05-review/corpus-v3/16-dates/time_zones.sake	4	0	0
../2026-10-05-review/corpus-v3/16-dates/timesheet.sake	1	0	0
../2026-10-05-review/corpus-v3/16-dates/timesheet.sake	2	1	6
../2026-10-05-review/corpus-v3/16-dates/timesheet.sake	3	1	19
../2026-10-05-review/corpus-v3/16-dates/timesheet.sake	4	1	20
../2026-10-05-review/corpus-v3/16-dates/timetable.sake	1	0	0
../2026-10-05-review/corpus-v3/16-dates/timetable.sake	2	1	8
../2026-10-05-review/corpus-v3/16-dates/timetable.sake	3	1	11
../2026-10-05-review/corpus-v3/16-dates/timetable.sake	4	1	11
../2026-10-05-review/corpus-v3/17-encodings/ascii85.sake	1	0	0
../2026-10-05-review/corpus-v3/17-encodings/ascii85.sake	2	0	0
../2026-10-05-review/corpus-v3/17-encodings/ascii85.sake	3	1	1
../2026-10-05-review/corpus-v3/17-encodings/ascii85.sake	4	1	6
../2026-10-05-review/corpus-v3/17-encodings/base32_ids.sake	1	0	0
../2026-10-05-review/corpus-v3/17-encodings/base32_ids.sake	2	0	0
../2026-10-05-review/corpus-v3/17-encodings/base32_ids.sake	3	1	5
../2026-10-05-review/corpus-v3/17-encodings/base32_ids.sake	4	1	8
../2026-10-05-review/corpus-v3/17-encodings/base64_codec.sake	1	0	0
../2026-10-05-review/corpus-v3/17-encodings/base64_codec.sake	2	0	0
../2026-10-05-review/corpus-v3/17-encodings/base64_codec.sake	3	1	7
../2026-10-05-review/corpus-v3/17-encodings/base64_codec.sake	4	1	9
../2026-10-05-review/corpus-v3/17-encodings/bitset.sake	1	0	0
../2026-10-05-review/corpus-v3/17-encodings/bitset.sake	2	0	0
../2026-10-05-review/corpus-v3/17-encodings/bitset.sake	3	1	1
../2026-10-05-review/corpus-v3/17-encodings/bitset.sake	4	1	3
../2026-10-05-review/corpus-v3/17-encodings/bloom_filter.sake	1	0	0
../2026-10-05-review/corpus-v3/17-encodings/bloom_filter.sake	2	0	0
../2026-10-05-review/corpus-v3/17-encodings/bloom_filter.sake	3	1	2
../2026-10-05-review/corpus-v3/17-encodings/bloom_filter.sake	4	1	2
../2026-10-05-review/corpus-v3/17-encodings/caesar_cracker.sake	1	0	0
../2026-10-05-review/corpus-v3/17-encodings/caesar_cracker.sake	2	0	0
../2026-10-05-review/corpus-v3/17-encodings/caesar_cracker.sake	3	1	3
../2026-10-05-review/corpus-v3/17-encodings/caesar_cracker.sake	4	1	3
../2026-10-05-review/corpus-v3/17-encodings/check_digits.sake	1	0	0
../2026-10-05-review/corpus-v3/17-encodings/check_digits.sake	2	0	0
../2026-10-05-review/corpus-v3/17-encodings/check_digits.sake	3	0	0
../2026-10-05-review/corpus-v3/17-encodings/check_digits.sake	4	0	0
../2026-10-05-review/corpus-v3/17-encodings/crc_catalog.sake	1	0	0
../2026-10-05-review/corpus-v3/17-encodings/crc_catalog.sake	2	0	0
../2026-10-05-review/corpus-v3/17-encodings/crc_catalog.sake	3	1	1
../2026-10-05-review/corpus-v3/17-encodings/crc_catalog.sake	4	1	1
../2026-10-05-review/corpus-v3/17-encodings/frame_parser.sake	1	1	1
../2026-10-05-review/corpus-v3/17-encodings/frame_parser.sake	2	1	1
../2026-10-05-review/corpus-v3/17-encodings/frame_parser.sake	3	1	18
../2026-10-05-review/corpus-v3/17-encodings/frame_parser.sake	4	1	18
../2026-10-05-review/corpus-v3/17-encodings/hamming_secded.sake	1	0	0
../2026-10-05-review/corpus-v3/17-encodings/hamming_secded.sake	2	0	0
../2026-10-05-review/corpus-v3/17-encodings/hamming_secded.sake	3	0	0
../2026-10-05-review/corpus-v3/17-encodings/hamming_secded.sake	4	0	0
../2026-10-05-review/corpus-v3/17-encodings/hex_dump.sake	1	0	0
../2026-10-05-review/corpus-v3/17-encodings/hex_dump.sake	2	0	0
../2026-10-05-review/corpus-v3/17-encodings/hex_dump.sake	3	1	2
../2026-10-05-review/corpus-v3/17-encodings/hex_dump.sake	4	1	4
../2026-10-05-review/corpus-v3/17-encodings/huffman.sake	1	0	0
../2026-10-05-review/corpus-v3/17-encodings/huffman.sake	2	1	7
../2026-10-05-review/corpus-v3/17-encodings/huffman.sake	3	1	8
../2026-10-05-review/corpus-v3/17-encodings/huffman.sake	4	1	8
../2026-10-05-review/corpus-v3/17-encodings/lzw.sake	1	0	0
../2026-10-05-review/corpus-v3/17-encodings/lzw.sake	2	0	0
../2026-10-05-review/corpus-v3/17-encodings/lzw.sake	3	1	6
../2026-10-05-review/corpus-v3/17-encodings/lzw.sake	4	1	7
../2026-10-05-review/corpus-v3/17-encodings/morse.sake	1	0	0
../2026-10-05-review/corpus-v3/17-encodings/morse.sake	2	0	0
../2026-10-05-review/corpus-v3/17-encodings/morse.sake	3	0	0
../2026-10-05-review/corpus-v3/17-encodings/morse.sake	4	0	0
../2026-10-05-review/corpus-v3/17-encodings/murmur_ring.sake	1	0	0
../2026-10-05-review/corpus-v3/17-encodings/murmur_ring.sake	2	0	0
../2026-10-05-review/corpus-v3/17-encodings/murmur_ring.sake	3	1	7
../2026-10-05-review/corpus-v3/17-encodings/murmur_ring.sake	4	1	7
../2026-10-05-review/corpus-v3/17-encodings/percent_encoding.sake	1	0	0
../2026-10-05-review/corpus-v3/17-encodings/percent_encoding.sake	2	0	0
../2026-10-05-review/corpus-v3/17-encodings/percent_encoding.sake	3	1	1
../2026-10-05-review/corpus-v3/17-encodings/percent_encoding.sake	4	1	2
../2026-10-05-review/corpus-v3/17-encodings/playfair.sake	1	0	0
../2026-10-05-review/corpus-v3/17-encodings/playfair.sake	2	0	0
../2026-10-05-review/corpus-v3/17-encodings/playfair.sake	3	1	1
../2026-10-05-review/corpus-v3/17-encodings/playfair.sake	4	1	2
../2026-10-05-review/corpus-v3/17-encodings/protobuf_wire.sake	1	0	0
../2026-10-05-review/corpus-v3/17-encodings/protobuf_wire.sake	2	1	6
../2026-10-05-review/corpus-v3/17-encodings/protobuf_wire.sake	3	1	9
../2026-10-05-review/corpus-v3/17-encodings/protobuf_wire.sake	4	1	13
../2026-10-05-review/corpus-v3/17-encodings/raid5_parity.sake	1	0	0
../2026-10-05-review/corpus-v3/17-encodings/raid5_parity.sake	2	0	0
../2026-10-05-review/corpus-v3/17-encodings/raid5_parity.sake	3	1	7
../2026-10-05-review/corpus-v3/17-encodings/raid5_parity.sake	4	1	8
../2026-10-05-review/corpus-v3/17-encodings/rolling_sync.sake	1	0	0
../2026-10-05-review/corpus-v3/17-encodings/rolling_sync.sake	2	0	0
../2026-10-05-review/corpus-v3/17-encodings/rolling_sync.sake	3	1	6
../2026-10-05-review/corpus-v3/17-encodings/rolling_sync.sake	4	1	6
../2026-10-05-review/corpus-v3/17-encodings/run_length.sake	1	1	1
../2026-10-05-review/corpus-v3/17-encodings/run_length.sake	2	1	1
../2026-10-05-review/corpus-v3/17-encodings/run_length.sake	3	1	1
../2026-10-05-review/corpus-v3/17-encodings/run_length.sake	4	1	3
../2026-10-05-review/corpus-v3/17-encodings/transposition.sake	1	0	0
../2026-10-05-review/corpus-v3/17-encodings/transposition.sake	2	0	0
../2026-10-05-review/corpus-v3/17-encodings/transposition.sake	3	1	1
../2026-10-05-review/corpus-v3/17-encodings/transposition.sake	4	1	1
../2026-10-05-review/corpus-v3/17-encodings/utf8_codec.sake	1	0	0
../2026-10-05-review/corpus-v3/17-encodings/utf8_codec.sake	2	0	0
../2026-10-05-review/corpus-v3/17-encodings/utf8_codec.sake	3	1	15
../2026-10-05-review/corpus-v3/17-encodings/utf8_codec.sake	4	1	23
../2026-10-05-review/corpus-v3/17-encodings/vigenere.sake	1	0	0
../2026-10-05-review/corpus-v3/17-encodings/vigenere.sake	2	0	0
../2026-10-05-review/corpus-v3/17-encodings/vigenere.sake	3	1	2
../2026-10-05-review/corpus-v3/17-encodings/vigenere.sake	4	1	2
../2026-10-05-review/corpus-v3/17-encodings/xor_breaker.sake	1	0	0
../2026-10-05-review/corpus-v3/17-encodings/xor_breaker.sake	2	1	2
../2026-10-05-review/corpus-v3/17-encodings/xor_breaker.sake	3	1	7
../2026-10-05-review/corpus-v3/17-encodings/xor_breaker.sake	4	1	7
../2026-10-05-review/corpus-v3/18-collections/access_log.sake	1	0	0
../2026-10-05-review/corpus-v3/18-collections/access_log.sake	2	1	2
../2026-10-05-review/corpus-v3/18-collections/access_log.sake	3	1	7
../2026-10-05-review/corpus-v3/18-collections/access_log.sake	4	1	7
../2026-10-05-review/corpus-v3/18-collections/build_order.sake	1	0	0
../2026-10-05-review/corpus-v3/18-collections/build_order.sake	2	1	2
../2026-10-05-review/corpus-v3/18-collections/build_order.sake	3	1	7
../2026-10-05-review/corpus-v3/18-collections/build_order.sake	4	1	9
../2026-10-05-review/corpus-v3/18-collections/cart_discounts.sake	1	0	0
../2026-10-05-review/corpus-v3/18-collections/cart_discounts.sake	2	0	0
../2026-10-05-review/corpus-v3/18-collections/cart_discounts.sake	3	1	4
../2026-10-05-review/corpus-v3/18-collections/cart_discounts.sake	4	1	4
../2026-10-05-review/corpus-v3/18-collections/contact_dedupe.sake	1	0	0
../2026-10-05-review/corpus-v3/18-collections/contact_dedupe.sake	2	0	0
../2026-10-05-review/corpus-v3/18-collections/contact_dedupe.sake	3	1	7
../2026-10-05-review/corpus-v3/18-collections/contact_dedupe.sake	4	1	7
../2026-10-05-review/corpus-v3/18-collections/course_overlap.sake	1	0	0
../2026-10-05-review/corpus-v3/18-collections/course_overlap.sake	2	1	3
../2026-10-05-review/corpus-v3/18-collections/course_overlap.sake	3	1	7
../2026-10-05-review/corpus-v3/18-collections/course_overlap.sake	4	1	7
../2026-10-05-review/corpus-v3/18-collections/friend_graph.sake	1	0	0
../2026-10-05-review/corpus-v3/18-collections/friend_graph.sake	2	1	2
../2026-10-05-review/corpus-v3/18-collections/friend_graph.sake	3	1	12
../2026-10-05-review/corpus-v3/18-collections/friend_graph.sake	4	1	12
../2026-10-05-review/corpus-v3/18-collections/grade_book.sake	1	0	0
../2026-10-05-review/corpus-v3/18-collections/grade_book.sake	2	1	8
../2026-10-05-review/corpus-v3/18-collections/grade_book.sake	3	1	8
../2026-10-05-review/corpus-v3/18-collections/grade_book.sake	4	1	8
../2026-10-05-review/corpus-v3/18-collections/inventory_diff.sake	1	0	0
../2026-10-05-review/corpus-v3/18-collections/inventory_diff.sake	2	0	0
../2026-10-05-review/corpus-v3/18-collections/inventory_diff.sake	3	1	8
../2026-10-05-review/corpus-v3/18-collections/inventory_diff.sake	4	1	10
../2026-10-05-review/corpus-v3/18-collections/ip_ranges.sake	1	0	0
../2026-10-05-review/corpus-v3/18-collections/ip_ranges.sake	2	1	5
../2026-10-05-review/corpus-v3/18-collections/ip_ranges.sake	3	1	14
../2026-10-05-review/corpus-v3/18-collections/ip_ranges.sake	4	1	17
../2026-10-05-review/corpus-v3/18-collections/latency_buckets.sake	1	0	0
../2026-10-05-review/corpus-v3/18-collections/latency_buckets.sake	2	1	1
../2026-10-05-review/corpus-v3/18-collections/latency_buckets.sake	3	1	2
../2026-10-05-review/corpus-v3/18-collections/latency_buckets.sake	4	1	2
../2026-10-05-review/corpus-v3/18-collections/leaderboard.sake	1	0	0
../2026-10-05-review/corpus-v3/18-collections/leaderboard.sake	2	1	5
../2026-10-05-review/corpus-v3/18-collections/leaderboard.sake	3	1	6
../2026-10-05-review/corpus-v3/18-collections/leaderboard.sake	4	1	6
../2026-10-05-review/corpus-v3/18-collections/library_loans.sake	1	0	0
../2026-10-05-review/corpus-v3/18-collections/library_loans.sake	2	1	6
../2026-10-05-review/corpus-v3/18-collections/library_loans.sake	3	1	16
../2026-10-05-review/corpus-v3/18-collections/library_loans.sake	4	1	16
../2026-10-05-review/corpus-v3/18-collections/lottery.sake	1	0	0
../2026-10-05-review/corpus-v3/18-collections/lottery.sake	2	1	3
../2026-10-05-review/corpus-v3/18-collections/lottery.sake	3	1	3
../2026-10-05-review/corpus-v3/18-collections/lottery.sake	4	1	3
../2026-10-05-review/corpus-v3/18-collections/paginate.sake	1	0	0
../2026-10-05-review/corpus-v3/18-collections/paginate.sake	2	1	5
../2026-10-05-review/corpus-v3/18-collections/paginate.sake	3	1	10
../2026-10-05-review/corpus-v3/18-collections/paginate.sake	4	1	10
../2026-10-05-review/corpus-v3/18-collections/prime_sets.sake	1	0	0
../2026-10-05-review/corpus-v3/18-collections/prime_sets.sake	2	1	3
../2026-10-05-review/corpus-v3/18-collections/prime_sets.sake	3	1	5
../2026-10-05-review/corpus-v3/18-collections/prime_sets.sake	4	1	5
../2026-10-05-review/corpus-v3/18-collections/range_set.sake	1	0	0
../2026-10-05-review/corpus-v3/18-collections/range_set.sake	2	1	15
../2026-10-05-review/corpus-v3/18-collections/range_set.sake	3	1	15
../2026-10-05-review/corpus-v3/18-collections/range_set.sake	4	1	15
../2026-10-05-review/corpus-v3/18-collections/role_permissions.sake	1	0	0
../2026-10-05-review/corpus-v3/18-collections/role_permissions.sake	2	0	0
../2026-10-05-review/corpus-v3/18-collections/role_permissions.sake	3	1	8
../2026-10-05-review/corpus-v3/18-collections/role_permissions.sake	4	1	10
../2026-10-05-review/corpus-v3/18-collections/room_bookings.sake	1	0	0
../2026-10-05-review/corpus-v3/18-collections/room_bookings.sake	2	1	15
../2026-10-05-review/corpus-v3/18-collections/room_bookings.sake	3	1	22
../2026-10-05-review/corpus-v3/18-collections/room_bookings.sake	4	1	22
../2026-10-05-review/corpus-v3/18-collections/sales_pivot.sake	1	0	0
../2026-10-05-review/corpus-v3/18-collections/sales_pivot.sake	2	1	7
../2026-10-05-review/corpus-v3/18-collections/sales_pivot.sake	3	1	13
../2026-10-05-review/corpus-v3/18-collections/sales_pivot.sake	4	1	13
../2026-10-05-review/corpus-v3/18-collections/sensor_merge.sake	1	0	0
../2026-10-05-review/corpus-v3/18-collections/sensor_merge.sake	2	1	2
../2026-10-05-review/corpus-v3/18-collections/sensor_merge.sake	3	1	4
../2026-10-05-review/corpus-v3/18-collections/sensor_merge.sake	4	1	4
../2026-10-05-review/corpus-v3/18-collections/sparse_vectors.sake	1	0	0
../2026-10-05-review/corpus-v3/18-collections/sparse_vectors.sake	2	1	3
../2026-10-05-review/corpus-v3/18-collections/sparse_vectors.sake	3	1	7
../2026-10-05-review/corpus-v3/18-collections/sparse_vectors.sake	4	1	7
../2026-10-05-review/corpus-v3/18-collections/survey_venn.sake	1	0	0
../2026-10-05-review/corpus-v3/18-collections/survey_venn.sake	2	0	0
../2026-10-05-review/corpus-v3/18-collections/survey_venn.sake	3	1	3
../2026-10-05-review/corpus-v3/18-collections/survey_venn.sake	4	1	3
../2026-10-05-review/corpus-v3/18-collections/tag_recommender.sake	1	0	0
../2026-10-05-review/corpus-v3/18-collections/tag_recommender.sake	2	1	1
../2026-10-05-review/corpus-v3/18-collections/tag_recommender.sake	3	1	3
../2026-10-05-review/corpus-v3/18-collections/tag_recommender.sake	4	1	3
../2026-10-05-review/corpus-v3/18-collections/word_pipeline.sake	1	0	0
../2026-10-05-review/corpus-v3/18-collections/word_pipeline.sake	2	0	0
../2026-10-05-review/corpus-v3/18-collections/word_pipeline.sake	3	1	2
../2026-10-05-review/corpus-v3/18-collections/word_pipeline.sake	4	1	2
../2026-10-05-review/corpus-v3/18-collections/word_rack.sake	1	0	0
../2026-10-05-review/corpus-v3/18-collections/word_rack.sake	2	1	2
../2026-10-05-review/corpus-v3/18-collections/word_rack.sake	3	1	3
../2026-10-05-review/corpus-v3/18-collections/word_rack.sake	4	1	3
../2026-10-05-review/corpus-v3/19-statemachines/bank_queue_sim.sake	1	0	0
../2026-10-05-review/corpus-v3/19-statemachines/bank_queue_sim.sake	2	1	7
../2026-10-05-review/corpus-v3/19-statemachines/bank_queue_sim.sake	3	1	7
../2026-10-05-review/corpus-v3/19-statemachines/bank_queue_sim.sake	4	1	7
../2026-10-05-review/corpus-v3/19-statemachines/bracket_checker.sake	1	0	0
../2026-10-05-review/corpus-v3/19-statemachines/bracket_checker.sake	2	0	0
../2026-10-05-review/corpus-v3/19-statemachines/bracket_checker.sake	3	1	1
../2026-10-05-review/corpus-v3/19-statemachines/bracket_checker.sake	4	1	1
../2026-10-05-review/corpus-v3/19-statemachines/button_debounce.sake	1	1	1
../2026-10-05-review/corpus-v3/19-statemachines/button_debounce.sake	2	1	4
../2026-10-05-review/corpus-v3/19-statemachines/button_debounce.sake	3	1	4
../2026-10-05-review/corpus-v3/19-statemachines/button_debounce.sake	4	1	4
../2026-10-05-review/corpus-v3/19-statemachines/circuit_breaker.sake	1	0	0
../2026-10-05-review/corpus-v3/19-statemachines/circuit_breaker.sake	2	0	0
../2026-10-05-review/corpus-v3/19-statemachines/circuit_breaker.sake	3	1	4
../2026-10-05-review/corpus-v3/19-statemachines/circuit_breaker.sake	4	1	4
../2026-10-05-review/corpus-v3/19-statemachines/csv_parser.sake	1	0	0
../2026-10-05-review/corpus-v3/19-statemachines/csv_parser.sake	2	1	2
../2026-10-05-review/corpus-v3/19-statemachines/csv_parser.sake	3	1	4
../2026-10-05-review/corpus-v3/19-statemachines/csv_parser.sake	4	1	4
../2026-10-05-review/corpus-v3/19-statemachines/dfa_minimize.sake	1	0	0
../2026-10-05-review/corpus-v3/19-statemachines/dfa_minimize.sake	2	0	0
../2026-10-05-review/corpus-v3/19-statemachines/dfa_minimize.sake	3	1	1
../2026-10-05-review/corpus-v3/19-statemachines/dfa_minimize.sake	4	1	1
../2026-10-05-review/corpus-v3/19-statemachines/divisibility_dfa.sake	1	0	0
../2026-10-05-review/corpus-v3/19-statemachines/divisibility_dfa.sake	2	0	0
../2026-10-05-review/corpus-v3/19-statemachines/divisibility_dfa.sake	3	1	1
../2026-10-05-review/corpus-v3/19-statemachines/divisibility_dfa.sake	4	1	1
../2026-10-05-review/corpus-v3/19-statemachines/elevator.sake	1	0	0
../2026-10-05-review/corpus-v3/19-statemachines/elevator.sake	2	1	4
../2026-10-05-review/corpus-v3/19-statemachines/elevator.sake	3	1	4
../2026-10-05-review/corpus-v3/19-statemachines/elevator.sake	4	1	4
../2026-10-05-review/corpus-v3/19-statemachines/enemy_ai.sake	1	0	0
../2026-10-05-review/corpus-v3/19-statemachines/enemy_ai.sake	2	1	7
../2026-10-05-review/corpus-v3/19-statemachines/enemy_ai.sake	3	1	8
../2026-10-05-review/corpus-v3/19-statemachines/enemy_ai.sake	4	1	8
../2026-10-05-review/corpus-v3/19-statemachines/event_sourcing.sake	1	0	0
../2026-10-05-review/corpus-v3/19-statemachines/event_sourcing.sake	2	0	0
../2026-10-05-review/corpus-v3/19-statemachines/event_sourcing.sake	3	0	0
../2026-10-05-review/corpus-v3/19-statemachines/event_sourcing.sake	4	0	0
../2026-10-05-review/corpus-v3/19-statemachines/expr_lexer.sake	1	0	0
../2026-10-05-review/corpus-v3/19-statemachines/expr_lexer.sake	2	0	0
../2026-10-05-review/corpus-v3/19-statemachines/expr_lexer.sake	3	0	0
../2026-10-05-review/corpus-v3/19-statemachines/expr_lexer.sake	4	0	0
../2026-10-05-review/corpus-v3/19-statemachines/http_parser.sake	1	0	0
../2026-10-05-review/corpus-v3/19-statemachines/http_parser.sake	2	0	0
../2026-10-05-review/corpus-v3/19-statemachines/http_parser.sake	3	1	15
../2026-10-05-review/corpus-v3/19-statemachines/http_parser.sake	4	1	20
../2026-10-05-review/corpus-v3/19-statemachines/job_pipeline.sake	1	0	0
../2026-10-05-review/corpus-v3/19-statemachines/job_pipeline.sake	2	1	1
../2026-10-05-review/corpus-v3/19-statemachines/job_pipeline.sake	3	1	3
../2026-10-05-review/corpus-v3/19-statemachines/job_pipeline.sake	4	1	3
../2026-10-05-review/corpus-v3/19-statemachines/keypad_lock.sake	1	1	1
../2026-10-05-review/corpus-v3/19-statemachines/keypad_lock.sake	2	1	1
../2026-10-05-review/corpus-v3/19-statemachines/keypad_lock.sake	3	1	1
../2026-10-05-review/corpus-v3/19-statemachines/keypad_lock.sake	4	1	1
../2026-10-05-review/corpus-v3/19-statemachines/machine_mixin.sake	1	0	0
../2026-10-05-review/corpus-v3/19-statemachines/machine_mixin.sake	2	0	0
../2026-10-05-review/corpus-v3/19-statemachines/machine_mixin.sake	3	0	0
../2026-10-05-review/corpus-v3/19-statemachines/machine_mixin.sake	4	0	0
../2026-10-05-review/corpus-v3/19-statemachines/markdown_blocks.sake	1	0	0
../2026-10-05-review/corpus-v3/19-statemachines/markdown_blocks.sake	2	0	0
../2026-10-05-review/corpus-v3/19-statemachines/markdown_blocks.sake	3	1	4
../2026-10-05-review/corpus-v3/19-statemachines/markdown_blocks.sake	4	1	4
../2026-10-05-review/corpus-v3/19-statemachines/morse_decoder.sake	1	0	0
../2026-10-05-review/corpus-v3/19-statemachines/morse_decoder.sake	2	1	1
../2026-10-05-review/corpus-v3/19-statemachines/morse_decoder.sake	3	1	5
../2026-10-05-review/corpus-v3/19-statemachines/morse_decoder.sake	4	1	5
../2026-10-05-review/corpus-v3/19-statemachines/order_workflow.sake	1	0	0
../2026-10-05-review/corpus-v3/19-statemachines/order_workflow.sake	2	0	0
../2026-10-05-review/corpus-v3/19-statemachines/order_workflow.sake	3	0	0
../2026-10-05-review/corpus-v3/19-statemachines/order_workflow.sake	4	0	0
../2026-10-05-review/corpus-v3/19-statemachines/regex_nfa.sake	1	0	0
../2026-10-05-review/corpus-v3/19-statemachines/regex_nfa.sake	2	1	8
../2026-10-05-review/corpus-v3/19-statemachines/regex_nfa.sake	3	1	16
../2026-10-05-review/corpus-v3/19-statemachines/regex_nfa.sake	4	1	16
../2026-10-05-review/corpus-v3/19-statemachines/shell_words.sake	1	0	0
../2026-10-05-review/corpus-v3/19-statemachines/shell_words.sake	2	1	1
../2026-10-05-review/corpus-v3/19-statemachines/shell_words.sake	3	1	2
../2026-10-05-review/corpus-v3/19-statemachines/shell_words.sake	4	1	2
../2026-10-05-review/corpus-v3/19-statemachines/smtp_session.sake	1	0	0
../2026-10-05-review/corpus-v3/19-statemachines/smtp_session.sake	2	1	5
../2026-10-05-review/corpus-v3/19-statemachines/smtp_session.sake	3	1	6
../2026-10-05-review/corpus-v3/19-statemachines/smtp_session.sake	4	1	6
../2026-10-05-review/corpus-v3/19-statemachines/tcp_states.sake	1	0	0
../2026-10-05-review/corpus-v3/19-statemachines/tcp_states.sake	2	0	0
../2026-10-05-review/corpus-v3/19-statemachines/tcp_states.sake	3	0	0
../2026-10-05-review/corpus-v3/19-statemachines/tcp_states.sake	4	0	0
../2026-10-05-review/corpus-v3/19-statemachines/traffic_light.sake	1	0	0
../2026-10-05-review/corpus-v3/19-statemachines/traffic_light.sake	2	0	0
../2026-10-05-review/corpus-v3/19-statemachines/traffic_light.sake	3	1	4
../2026-10-05-review/corpus-v3/19-statemachines/traffic_light.sake	4	1	4
../2026-10-05-review/corpus-v3/19-statemachines/turnstile.sake	1	0	0
../2026-10-05-review/corpus-v3/19-statemachines/turnstile.sake	2	0	0
../2026-10-05-review/corpus-v3/19-statemachines/turnstile.sake	3	0	0
../2026-10-05-review/corpus-v3/19-statemachines/turnstile.sake	4	0	0
../2026-10-05-review/corpus-v3/19-statemachines/vending_machine.sake	1	1	1
../2026-10-05-review/corpus-v3/19-statemachines/vending_machine.sake	2	1	1
../2026-10-05-review/corpus-v3/19-statemachines/vending_machine.sake	3	1	1
../2026-10-05-review/corpus-v3/19-statemachines/vending_machine.sake	4	1	1
../2026-10-05-review/corpus-v3/20-business/appointment_scheduler.sake	1	0	0
../2026-10-05-review/corpus-v3/20-business/appointment_scheduler.sake	2	0	0
../2026-10-05-review/corpus-v3/20-business/appointment_scheduler.sake	3	1	1
../2026-10-05-review/corpus-v3/20-business/appointment_scheduler.sake	4	1	1
../2026-10-05-review/corpus-v3/20-business/bank_ledger.sake	1	0	0
../2026-10-05-review/corpus-v3/20-business/bank_ledger.sake	2	1	2
../2026-10-05-review/corpus-v3/20-business/bank_ledger.sake	3	1	5
../2026-10-05-review/corpus-v3/20-business/bank_ledger.sake	4	1	6
../2026-10-05-review/corpus-v3/20-business/course_enrollment.sake	1	0	0
../2026-10-05-review/corpus-v3/20-business/course_enrollment.sake	2	0	0
../2026-10-05-review/corpus-v3/20-business/course_enrollment.sake	3	0	0
../2026-10-05-review/corpus-v3/20-business/course_enrollment.sake	4	0	0
../2026-10-05-review/corpus-v3/20-business/customer_loyalty.sake	1	0	0
../2026-10-05-review/corpus-v3/20-business/customer_loyalty.sake	2	1	3
../2026-10-05-review/corpus-v3/20-business/customer_loyalty.sake	3	1	3
../2026-10-05-review/corpus-v3/20-business/customer_loyalty.sake	4	1	3
../2026-10-05-review/corpus-v3/20-business/event_registration.sake	1	0	0
../2026-10-05-review/corpus-v3/20-business/event_registration.sake	2	0	0
../2026-10-05-review/corpus-v3/20-business/event_registration.sake	3	0	0
../2026-10-05-review/corpus-v3/20-business/event_registration.sake	4	0	0
../2026-10-05-review/corpus-v3/20-business/expense_tracker.sake	1	0	0
../2026-10-05-review/corpus-v3/20-business/expense_tracker.sake	2	1	2
../2026-10-05-review/corpus-v3/20-business/expense_tracker.sake	3	1	7
../2026-10-05-review/corpus-v3/20-business/expense_tracker.sake	4	1	7
../2026-10-05-review/corpus-v3/20-business/grade_book.sake	1	0	0
../2026-10-05-review/corpus-v3/20-business/grade_book.sake	2	1	4
../2026-10-05-review/corpus-v3/20-business/grade_book.sake	3	1	7
../2026-10-05-review/corpus-v3/20-business/grade_book.sake	4	1	7
../2026-10-05-review/corpus-v3/20-business/gym_membership.sake	1	0	0
../2026-10-05-review/corpus-v3/20-business/gym_membership.sake	2	1	1
../2026-10-05-review/corpus-v3/20-business/gym_membership.sake	3	1	2
../2026-10-05-review/corpus-v3/20-business/gym_membership.sake	4	1	2
../2026-10-05-review/corpus-v3/20-business/hotel_billing.sake	1	1	1
../2026-10-05-review/corpus-v3/20-business/hotel_billing.sake	2	1	1
../2026-10-05-review/corpus-v3/20-business/hotel_billing.sake	3	1	1
../2026-10-05-review/corpus-v3/20-business/hotel_billing.sake	4	1	2
../2026-10-05-review/corpus-v3/20-business/inventory_reorder.sake	1	0	0
../2026-10-05-review/corpus-v3/20-business/inventory_reorder.sake	2	1	1
../2026-10-05-review/corpus-v3/20-business/inventory_reorder.sake	3	1	1
../2026-10-05-review/corpus-v3/20-business/inventory_reorder.sake	4	1	1
../2026-10-05-review/corpus-v3/20-business/invoice_generator.sake	1	0	0
../2026-10-05-review/corpus-v3/20-business/invoice_generator.sake	2	1	10
../2026-10-05-review/corpus-v3/20-business/invoice_generator.sake	3	1	17
../2026-10-05-review/corpus-v3/20-business/invoice_generator.sake	4	1	17
../2026-10-05-review/corpus-v3/20-business/library_loans.sake	1	0	0
../2026-10-05-review/corpus-v3/20-business/library_loans.sake	2	0	0
../2026-10-05-review/corpus-v3/20-business/library_loans.sake	3	0	0
../2026-10-05-review/corpus-v3/20-business/library_loans.sake	4	0	0
../2026-10-05-review/corpus-v3/20-business/parking_garage.sake	1	0	0
../2026-10-05-review/corpus-v3/20-business/parking_garage.sake	2	1	3
../2026-10-05-review/corpus-v3/20-business/parking_garage.sake	3	1	6
../2026-10-05-review/corpus-v3/20-business/parking_garage.sake	4	1	6
../2026-10-05-review/corpus-v3/20-business/payroll.sake	1	0	0
../2026-10-05-review/corpus-v3/20-business/payroll.sake	2	1	4
../2026-10-05-review/corpus-v3/20-business/payroll.sake	3	1	4
../2026-10-05-review/corpus-v3/20-business/payroll.sake	4	1	4
../2026-10-05-review/corpus-v3/20-business/rental_fleet.sake	1	0	0
../2026-10-05-review/corpus-v3/20-business/rental_fleet.sake	2	1	5
../2026-10-05-review/corpus-v3/20-business/rental_fleet.sake	3	1	5
../2026-10-05-review/corpus-v3/20-business/rental_fleet.sake	4	1	5
../2026-10-05-review/corpus-v3/20-business/restaurant_orders.sake	1	0	0
../2026-10-05-review/corpus-v3/20-business/restaurant_orders.sake	2	0	0
../2026-10-05-review/corpus-v3/20-business/restaurant_orders.sake	3	0	0
../2026-10-05-review/corpus-v3/20-business/restaurant_orders.sake	4	0	0
../2026-10-05-review/corpus-v3/20-business/room_reservations.sake	1	0	0
../2026-10-05-review/corpus-v3/20-business/room_reservations.sake	2	1	2
../2026-10-05-review/corpus-v3/20-business/room_reservations.sake	3	1	4
../2026-10-05-review/corpus-v3/20-business/room_reservations.sake	4	1	7
../2026-10-05-review/corpus-v3/20-business/sales_report.sake	1	1	1
../2026-10-05-review/corpus-v3/20-business/sales_report.sake	2	1	11
../2026-10-05-review/corpus-v3/20-business/sales_report.sake	3	1	12
../2026-10-05-review/corpus-v3/20-business/sales_report.sake	4	1	12
../2026-10-05-review/corpus-v3/20-business/shopping_cart.sake	1	1	1
../2026-10-05-review/corpus-v3/20-business/shopping_cart.sake	2	1	3
../2026-10-05-review/corpus-v3/20-business/shopping_cart.sake	3	1	3
../2026-10-05-review/corpus-v3/20-business/shopping_cart.sake	4	1	3
../2026-10-05-review/corpus-v3/20-business/subscription_billing.sake	1	1	1
../2026-10-05-review/corpus-v3/20-business/subscription_billing.sake	2	1	2
../2026-10-05-review/corpus-v3/20-business/subscription_billing.sake	3	1	2
../2026-10-05-review/corpus-v3/20-business/subscription_billing.sake	4	1	2
../2026-10-05-review/corpus-v3/20-business/ticket_helpdesk.sake	1	0	0
../2026-10-05-review/corpus-v3/20-business/ticket_helpdesk.sake	2	1	1
../2026-10-05-review/corpus-v3/20-business/ticket_helpdesk.sake	3	1	2
../2026-10-05-review/corpus-v3/20-business/ticket_helpdesk.sake	4	1	2
../2026-10-05-review/corpus-v3/20-business/timesheet.sake	1	0	0
../2026-10-05-review/corpus-v3/20-business/timesheet.sake	2	1	7
../2026-10-05-review/corpus-v3/20-business/timesheet.sake	3	1	15
../2026-10-05-review/corpus-v3/20-business/timesheet.sake	4	1	15
../2026-10-05-review/corpus-v3/20-business/todo_list.sake	1	0	0
../2026-10-05-review/corpus-v3/20-business/todo_list.sake	2	0	0
../2026-10-05-review/corpus-v3/20-business/todo_list.sake	3	1	3
../2026-10-05-review/corpus-v3/20-business/todo_list.sake	4	1	3
../2026-10-05-review/corpus-v3/20-business/vendor_quotes.sake	1	0	0
../2026-10-05-review/corpus-v3/20-business/vendor_quotes.sake	2	1	4
../2026-10-05-review/corpus-v3/20-business/vendor_quotes.sake	3	1	6
../2026-10-05-review/corpus-v3/20-business/vendor_quotes.sake	4	1	6
../2026-10-05-review/corpus-v3/20-business/warehouse_picking.sake	1	0	0
../2026-10-05-review/corpus-v3/20-business/warehouse_picking.sake	2	1	7
../2026-10-05-review/corpus-v3/20-business/warehouse_picking.sake	3	1	11
../2026-10-05-review/corpus-v3/20-business/warehouse_picking.sake	4	1	12
