corpus/17-encodings/caesar_cracker.rb	(14,29)-(14,32):undefined method: Numeric#chr	V2
corpus/17-encodings/caesar_cracker.rb	(16,29)-(16,32):undefined method: Numeric#chr	V2
corpus/17-encodings/check_digits.rb	(22,12)-(22,13):failed to resolve overloads	V5
corpus/17-encodings/check_digits.rb	(30,44)-(30,45):failed to resolve overloads	V5
corpus/17-encodings/check_digits.rb	(40,21)-(40,22):wrong type of arguments	V5
corpus/17-encodings/check_digits.rb	(62,23)-(62,33):undefined method: singleton(CheckDigit)#card_brand	V5
corpus/17-encodings/check_digits.rb	(63,21)-(63,32):undefined method: singleton(CheckDigit)#luhn_valid?	V5
corpus/17-encodings/check_digits.rb	(65,21)-(65,34):undefined method: singleton(CheckDigit)#isbn10_valid?	V5
corpus/17-encodings/check_digits.rb	(67,21)-(67,33):undefined method: singleton(CheckDigit)#ean13_valid?	V5
corpus/17-encodings/check_digits.rb	(98,20)-(98,33):undefined method: singleton(CheckDigit)#luhn_complete	V5
corpus/17-encodings/check_digits.rb	(99,44)-(99,55):undefined method: singleton(CheckDigit)#luhn_valid?	V5
corpus/17-encodings/check_digits.rb	(102,25)-(102,37):undefined method: singleton(CheckDigit)#isbn10_to_13	V5
corpus/17-encodings/check_digits.rb	(103,46)-(103,58):undefined method: singleton(CheckDigit)#ean13_valid?	V5
corpus/17-encodings/frame_parser.rb	(46,28)-(46,34):undefined method: Integer#reduce	residual
corpus/17-encodings/frame_parser.rb	(70,23)-(70,26):undefined method: Integer#map	residual
corpus/17-encodings/frame_parser.rb	(111,12)-(111,17):undefined method: Position#centi	residual
corpus/17-encodings/frame_parser.rb	(111,12)-(111,17):undefined method: Note#centi	residual
corpus/17-encodings/frame_parser.rb	(112,48)-(112,54):undefined method: Position#sensor	residual
corpus/17-encodings/frame_parser.rb	(112,48)-(112,54):undefined method: Note#sensor	residual
corpus/17-encodings/frame_parser.rb	(114,36)-(114,39):undefined method: Temperature#lat	residual
corpus/17-encodings/frame_parser.rb	(114,36)-(114,39):undefined method: Note#lat	residual
corpus/17-encodings/frame_parser.rb	(114,53)-(114,56):undefined method: Temperature#lon	residual
corpus/17-encodings/frame_parser.rb	(114,53)-(114,56):undefined method: Note#lon	residual
corpus/17-encodings/frame_parser.rb	(116,18)-(116,22):undefined method: Temperature#text	residual
corpus/17-encodings/frame_parser.rb	(116,18)-(116,22):undefined method: Position#text	residual
corpus/17-encodings/hamming_secded.rb	(49,36)-(49,38):undefined method: nil#<<	V7
corpus/19-statemachines/smtp_session.rb	(38,6)-(38,9):undefined method: nil#[]	V7
corpus/19-statemachines/smtp_session.rb	(38,16)-(38,24):undefined method: nil#downcase	V9
corpus/19-statemachines/smtp_session.rb	(38,12)-(38,15):undefined method: nil#[]	V7
corpus/19-statemachines/smtp_session.rb	(67,18)-(67,21):undefined method: nil#[]	V7
corpus/03-numtheory/base_conversion.rb	(18,18)-(18,23):undefined method: nil#zero?	V6
corpus/03-numtheory/base_conversion.rb	(19,11)-(19,20):undefined method: nil#negative?	V6
corpus/03-numtheory/base_conversion.rb	(20,8)-(20,11):undefined method: nil#abs	V6
corpus/03-numtheory/base_conversion.rb	(24,8)-(24,15):wrong type of arguments	V1
corpus/03-numtheory/base_conversion.rb	(24,24)-(24,27):failed to resolve overloads	V1
corpus/03-numtheory/base_conversion.rb	(38,88)-(38,90):undefined method: nil#>=	V7
corpus/03-numtheory/base_conversion.rb	(45,18)-(45,23):undefined method: nil#zero?	V6
corpus/03-numtheory/base_conversion.rb	(48,10)-(48,11):undefined method: nil#%	V6
corpus/03-numtheory/base_conversion.rb	(51,13)-(51,14):undefined method: nil#+	V6
corpus/03-numtheory/base_conversion.rb	(53,10)-(53,17):wrong type of arguments	V6
corpus/03-numtheory/base_conversion.rb	(54,13)-(54,14):undefined method: nil#-	V6
corpus/03-numtheory/calendar_congruences.rb	(16,36)-(16,37):undefined method: Numeric#/	V2
corpus/03-numtheory/calendar_congruences.rb	(23,18)-(23,19):undefined method: Numeric#/	V2
corpus/03-numtheory/calendar_congruences.rb	(42,14)-(42,15):undefined method: Numeric#/	V2
corpus/03-numtheory/calendar_congruences.rb	(43,18)-(43,19):undefined method: Numeric#/	V2
corpus/03-numtheory/calendar_congruences.rb	(47,28)-(47,29):undefined method: Numeric#/	V2
corpus/03-numtheory/calendar_congruences.rb	(52,23)-(52,24):undefined method: nil#>	V9
corpus/03-numtheory/calendar_congruences.rb	(52,41)-(52,42):undefined method: nil#-	V9
corpus/03-numtheory/check_digits.rb	(6,9)-(6,16):undefined method: nil#reverse	V10
corpus/03-numtheory/check_digits.rb	(11,10)-(11,12):failed to resolve overloads	V11
corpus/03-numtheory/check_digits.rb	(23,5)-(23,7):undefined method: nil#<<	V10
corpus/03-numtheory/check_digits.rb	(56,36)-(56,38):failed to resolve overloads	V11
corpus/03-numtheory/check_digits.rb	(56,55)-(56,56):failed to resolve overloads	V11
corpus/03-numtheory/check_digits.rb	(63,18)-(63,33):undefined method: nil#each_with_index	V10
corpus/03-numtheory/check_digits.rb	(63,49)-(63,51):failed to resolve overloads	V11
corpus/03-numtheory/check_digits.rb	(63,68)-(63,69):failed to resolve overloads	V11
corpus/03-numtheory/check_digits.rb	(69,43)-(69,44):undefined method: Numeric#*	V2
corpus/03-numtheory/collatz_stats.rb	(52,66)-(52,70):wrong number of arguments (1 for 0)	residual
corpus/03-numtheory/continued_fractions.rb	(6,10)-(6,19):undefined method: nil#numerator	V9
corpus/03-numtheory/continued_fractions.rb	(7,10)-(7,21):undefined method: nil#denominator	V9
corpus/03-numtheory/continued_fractions.rb	(61,10)-(61,19):undefined method: nil#numerator	V9
corpus/03-numtheory/continued_fractions.rb	(62,10)-(62,21):undefined method: nil#denominator	V9
corpus/03-numtheory/continued_fractions.rb	(92,23)-(92,27):wrong type of arguments	V1
corpus/05-sorting/library_catalog.rb	(103,38)-(103,39):wrong type of arguments	V11
corpus/05-sorting/log_time_bisect.rb	(19,7)-(19,20):undefined method: :ts#call	residual
corpus/05-sorting/log_time_bisect.rb	(33,7)-(33,20):undefined method: :ts#call	residual
corpus/05-sorting/log_time_bisect.rb	(102,16)-(102,21):undefined method: nil#count	V9
corpus/05-sorting/log_time_bisect.rb	(102,30)-(102,35):undefined method: nil#level	V6
corpus/05-sorting/log_time_bisect.rb	(103,14)-(103,17):undefined method: nil#map	V9
corpus/05-sorting/log_time_bisect.rb	(104,31)-(104,35):undefined method: nil#size	V9
corpus/05-sorting/log_time_bisect.rb	(107,31)-(107,36):undefined method: nil#level	V6
corpus/05-sorting/meeting_intervals.rb	(4,37)-(4,38):undefined method: nil#/	V10
corpus/05-sorting/meeting_intervals.rb	(4,37)-(4,38):undefined method: Array[untyped]#/	V3
corpus/05-sorting/meeting_intervals.rb	(4,45)-(4,46):undefined method: nil#%	V10
corpus/05-sorting/meeting_intervals.rb	(4,45)-(4,46):undefined method: Array[untyped]#%	V3
corpus/05-sorting/meeting_intervals.rb	(31,9)-(31,10):wrong type of arguments	V3
corpus/05-sorting/meeting_intervals.rb	(37,69)-(37,71):undefined method: Array[untyped]#<=	V3
corpus/05-sorting/meeting_intervals.rb	(45,23)-(45,25):undefined method: Array[untyped]#<=	V3
corpus/05-sorting/meeting_intervals.rb	(46,37)-(46,38):undefined method: Array[untyped]#>	V3
corpus/05-sorting/meeting_intervals.rb	(58,39)-(58,41):undefined method: Array[untyped]#>=	V3
corpus/05-sorting/meeting_intervals.rb	(59,20)-(59,21):undefined method: Array[untyped]#>	V3
corpus/05-sorting/meeting_intervals.rb	(61,49)-(61,51):undefined method: Array[untyped]#>=	V3
corpus/05-sorting/meeting_intervals.rb	(120,52)-(120,53):undefined method: Array[untyped]#<	V3
corpus/05-sorting/natural_runs_sort.rb	(89,17)-(89,21):undefined method: nil#size	V9
corpus/05-sorting/natural_runs_sort.rb	(91,18)-(91,21):undefined method: nil#[]	V9
corpus/05-sorting/natural_runs_sort.rb	(95,17)-(95,20):undefined method: nil#[]	V9
corpus/05-sorting/natural_runs_sort.rb	(100,17)-(100,21):undefined method: nil#size	V9
corpus/05-sorting/natural_runs_sort.rb	(101,15)-(101,18):undefined method: nil#[]	V9
corpus/05-sorting/natural_runs_sort.rb	(167,9)-(167,10):undefined method: Numeric#*	V2
corpus/10-grids/minesweeper.rb	(46,15)-(46,16):undefined method: nil#+	V9
corpus/10-grids/n_queens.rb	(23,14)-(23,16):wrong type of arguments	failed@V6
corpus/10-grids/n_queens.rb	(40,4)-(40,9):undefined method: nil#times	failed@V6
corpus/10-grids/n_queens.rb	(57,25)-(57,26):failed to resolve overloads	failed@V6
corpus/10-grids/n_queens.rb	(68,35)-(68,40):expected: Comparable | Array[...]; actual: nil	failed@V6
corpus/10-grids/nonogram.rb	(11,14)-(11,15):failed to resolve overloads	V11
corpus/10-grids/nonogram.rb	(12,39)-(12,42):failed to resolve overloads	V11
corpus/10-grids/nonogram.rb	(14,26)-(14,29):failed to resolve overloads	V11
corpus/10-grids/nonogram.rb	(14,45)-(14,46):failed to resolve overloads	V11
corpus/10-grids/nonogram.rb	(96,2)-(96,6):wrong type of arguments	V1
corpus/10-grids/othello.rb	(99,42)-(99,43):failed to resolve overloads	V11
corpus/10-grids/othello.rb	(106,0)-(106,4):wrong type of arguments	V1
corpus/10-grids/othello.rb	(109,49)-(109,50):failed to resolve overloads	V11
corpus/10-grids/sliding_puzzle.rb	(136,51)-(136,53):undefined method: nil#tr	V9
corpus/02-analytics/access_log_urls.rb	(64,24)-(64,33):undefined method: nil#partition	V9
corpus/02-analytics/anagram_groups.rb	(50,35)-(50,39):undefined method: nil#size	V6
corpus/02-analytics/anagram_groups.rb	(51,35)-(51,36):expected: Comparable | Array[...]; actual: nil	V6
corpus/02-analytics/anagram_groups.rb	(57,36)-(57,40):undefined method: nil#size	V6
corpus/02-analytics/anagram_groups.rb	(60,37)-(60,41):undefined method: nil#size	V6
corpus/02-analytics/anagram_groups.rb	(67,29)-(67,33):undefined method: nil#size	V6
corpus/02-analytics/anagram_groups.rb	(67,29)-(67,33):undefined method: nil#size	V6
corpus/02-analytics/autocomplete.rb	(23,11)-(23,20):undefined method: nil#each_char	V9
corpus/02-analytics/autocomplete.rb	(85,33)-(85,37):undefined method: nil#size	V6
corpus/02-analytics/autocomplete.rb	(85,47)-(85,51):undefined method: nil#size	V9
corpus/02-analytics/cooccurrence_pmi.rb	(30,23)-(30,24):undefined method: nil#<	residual
corpus/02-analytics/cooccurrence_pmi.rb	(48,7)-(48,11):wrong type of arguments	V1
corpus/02-analytics/cooccurrence_pmi.rb	(77,41)-(77,42):undefined method: nil#+	residual
corpus/09-dp/coin_change.rb	(27,16)-(27,17):undefined method: nil#>	V6
corpus/09-dp/coin_change.rb	(28,20)-(28,21):undefined method: nil#-	V6
corpus/09-dp/coin_change.rb	(31,26)-(31,27):undefined method: nil#+	V7
corpus/09-dp/coin_change.rb	(32,23)-(32,24):undefined method: nil#+	V7
corpus/09-dp/coin_change.rb	(44,6)-(44,8):failed to resolve overloads	V6
corpus/09-dp/coin_change.rb	(88,16)-(88,17):undefined method: Numeric#/	V2
corpus/09-dp/company_party.rb	(28,12)-(28,15):undefined method: nil#[]	V7
corpus/09-dp/company_party.rb	(30,38)-(30,41):undefined method: nil#[]	V7
corpus/09-dp/company_party.rb	(31,21)-(31,24):undefined method: nil#[]	V7
corpus/09-dp/company_party.rb	(50,11)-(50,15):undefined method: nil#name	V7
corpus/09-dp/company_party.rb	(50,11)-(50,15):undefined method: nil#name	V7
corpus/09-dp/company_party.rb	(51,18)-(51,21):undefined method: nil#fun	V7
corpus/09-dp/company_party.rb	(53,8)-(53,15):undefined method: nil#reports	V7
corpus/09-dp/company_party.rb	(55,14)-(55,16):failed to resolve overloads	V11
corpus/09-dp/company_party.rb	(56,17)-(56,19):failed to resolve overloads	V11
corpus/09-dp/company_party.rb	(65,13)-(65,17):undefined method: nil#name	V7
corpus/09-dp/company_party.rb	(66,6)-(66,13):undefined method: nil#reports	V7
corpus/09-dp/company_party.rb	(71,30)-(71,34):undefined method: nil#name	V7
corpus/09-dp/company_party.rb	(72,39)-(72,43):undefined method: nil#name	V7
corpus/09-dp/company_party.rb	(72,52)-(72,55):undefined method: nil#fun	V7
corpus/09-dp/company_party.rb	(73,6)-(73,13):undefined method: nil#reports	V7
corpus/09-dp/company_party.rb	(76,23)-(76,24):failed to resolve overloads	V11
corpus/09-dp/company_party.rb	(76,29)-(76,36):undefined method: nil#reports	V7
corpus/09-dp/company_party.rb	(104,5)-(104,12):undefined method: nil#reports	V7
corpus/09-dp/decode_ways.rb	(64,25)-(64,26):undefined method: nil#+	V9
corpus/20-business/appointment_scheduler.rb	(46,14)-(46,15):failed to resolve overloads	V6
corpus/20-business/appointment_scheduler.rb	(46,14)-(46,15):undefined method: nil#+	residual
corpus/20-business/appointment_scheduler.rb	(47,30)-(47,31):failed to resolve overloads	V6
corpus/20-business/appointment_scheduler.rb	(47,30)-(47,31):undefined method: nil#+	residual
corpus/20-business/appointment_scheduler.rb	(55,13)-(55,20):undefined method: nil#minutes	V6
corpus/20-business/appointment_scheduler.rb	(56,55)-(56,64):undefined method: nil#specialty	V6
corpus/20-business/appointment_scheduler.rb	(61,38)-(61,44):undefined method: nil#prefer	V6
corpus/20-business/appointment_scheduler.rb	(63,26)-(63,37):failed to resolve overloads	V6
corpus/20-business/appointment_scheduler.rb	(63,33)-(63,34):failed to resolve overloads	V6
corpus/20-business/appointment_scheduler.rb	(63,44)-(63,51):undefined method: nil#patient	V6
corpus/20-business/appointment_scheduler.rb	(74,10)-(74,20):undefined method: nil#each_index	V10
corpus/20-business/appointment_scheduler.rb	(75,14)-(75,17):undefined method: nil#[]	V10
corpus/20-business/appointment_scheduler.rb	(76,13)-(76,16):undefined method: nil#[]=	V10
corpus/20-business/appointment_scheduler.rb	(89,51)-(89,58):undefined method: nil#patient	V6
corpus/20-business/appointment_scheduler.rb	(89,64)-(89,73):undefined method: nil#specialty	V6
corpus/20-business/appointment_scheduler.rb	(89,106)-(89,107):failed to resolve overloads	V6
corpus/20-business/appointment_scheduler.rb	(91,59)-(91,66):undefined method: nil#patient	V6
corpus/20-business/appointment_scheduler.rb	(91,72)-(91,81):undefined method: nil#specialty	V6
corpus/20-business/appointment_scheduler.rb	(91,87)-(91,93):undefined method: nil#prefer	V6
corpus/20-business/bank_ledger.rb	(45,18)-(45,23):undefined method: nil#split	V9
corpus/20-business/bank_ledger.rb	(46,8)-(46,12):undefined method: Array[String]#to_i	V3
corpus/20-business/bank_ledger.rb	(69,18)-(69,20):failed to resolve overloads	V3
corpus/20-business/bank_ledger.rb	(71,19)-(71,21):failed to resolve overloads	V3
corpus/20-business/bank_ledger.rb	(85,41)-(85,47):undefined method: nil#to_sym	V9
corpus/20-business/customer_loyalty.rb	(44,45)-(44,50):undefined method: String#floor	residual
corpus/20-business/customer_loyalty.rb	(44,18)-(44,19):wrong type of arguments	V1
corpus/20-business/customer_loyalty.rb	(59,82)-(59,83):wrong type of arguments	V11
corpus/20-business/event_registration.rb	(13,30)-(13,32):undefined method: nil#<=	residual
corpus/20-business/event_registration.rb	(69,13)-(69,17):undefined method: nil#size	residual
corpus/20-business/event_registration.rb	(73,32)-(73,33):failed to resolve overloads	V11
corpus/20-business/event_registration.rb	(75,12)-(75,14):failed to resolve overloads	V11
corpus/20-business/event_registration.rb	(76,12)-(76,14):failed to resolve overloads	V11
corpus/20-business/event_registration.rb	(77,11)-(77,15):undefined method: nil#each	residual
corpus/18-collections/word_pipeline.rb	(43,32)-(43,33):undefined method: nil#>	V6
corpus/18-collections/word_pipeline.rb	(65,69)-(65,70):wrong type of arguments	residual
corpus/18-collections/word_rack.rb	(19,24)-(19,29):undefined method: nil#chars	V9
corpus/18-collections/word_rack.rb	(19,24)-(19,29):undefined method: Integer#chars	V4
corpus/18-collections/word_rack.rb	(27,7)-(27,16):undefined method: nil#each_char	V9
corpus/18-collections/word_rack.rb	(27,7)-(27,16):undefined method: Integer#each_char	V4
corpus/18-collections/word_rack.rb	(61,34)-(61,35):wrong type of arguments	V1
corpus/18-collections/word_rack.rb	(62,101)-(62,102):wrong type of arguments	V1
corpus/19-statemachines/expr_lexer.rb	(25,10)-(25,16):undefined method: nil#match?	V7
corpus/19-statemachines/expr_lexer.rb	(27,10)-(27,16):undefined method: nil#match?	V7
corpus/19-statemachines/http_parser.rb	(34,18)-(34,23):undefined method: nil#index	V9
corpus/19-statemachines/http_parser.rb	(36,18)-(36,27):undefined method: nil#[]	V9
corpus/19-statemachines/http_parser.rb	(37,21)-(37,34):undefined method: nil#[]	V9
corpus/19-statemachines/http_parser.rb	(37,27)-(37,28):undefined method: nil#+	V7
corpus/19-statemachines/http_parser.rb	(48,12)-(48,14):undefined method: nil#+	V9
corpus/19-statemachines/http_parser.rb	(59,19)-(59,24):undefined method: nil#split	V7
corpus/19-statemachines/http_parser.rb	(85,30)-(85,39):undefined method: nil#partition	V7
corpus/19-statemachines/http_parser.rb	(90,30)-(90,36):undefined method: nil#empty?	V9
corpus/19-statemachines/http_parser.rb	(91,21)-(91,37):undefined method: nil#[]	V9
corpus/19-statemachines/http_parser.rb	(92,23)-(92,37):undefined method: nil#[]	V9
corpus/19-statemachines/http_parser.rb	(92,30)-(92,34):undefined method: nil#size	V9
corpus/19-statemachines/http_parser.rb	(94,26)-(94,30):undefined method: nil#size	V9
corpus/19-statemachines/http_parser.rb	(100,80)-(100,86):undefined method: nil#match?	V7
corpus/19-statemachines/http_parser.rb	(101,24)-(101,27):undefined method: nil#hex	V7
corpus/19-statemachines/http_parser.rb	(105,30)-(105,34):undefined method: nil#size	V9
corpus/19-statemachines/http_parser.rb	(106,30)-(106,46):undefined method: nil#[]	V9
corpus/19-statemachines/http_parser.rb	(107,72)-(107,103):undefined method: nil#[]	V9
corpus/19-statemachines/http_parser.rb	(108,23)-(108,43):undefined method: nil#[]	V9
corpus/19-statemachines/http_parser.rb	(139,92)-(139,96):undefined method: nil#size	V9
corpus/15-data/customer_dedupe.rb	(75,8)-(75,16):undefined method: :name#call	residual
corpus/15-data/customer_dedupe.rb	(75,8)-(75,16):undefined method: :city#call	residual
corpus/15-data/customer_dedupe.rb	(116,7)-(116,13):undefined method: nil#[]	V7
corpus/15-data/customer_dedupe.rb	(116,19)-(116,25):undefined method: nil#[]	V7
corpus/15-data/customer_dedupe.rb	(116,30)-(116,35):undefined method: nil#[]	V7
corpus/15-data/employee_dept_join.rb	(51,22)-(51,30):undefined method: :id#call	residual
corpus/15-data/employee_dept_join.rb	(68,25)-(68,26):undefined method: nil#/	V7
corpus/15-data/employee_dept_join.rb	(85,57)-(85,65):undefined method: Employee#location	residual
corpus/15-data/employee_dept_join.rb	(117,40)-(117,46):undefined method: Department#salary	residual
corpus/15-data/etl_star_schema.rb	(82,3)-(82,6):undefined method: nil#[]	V7
corpus/15-data/etl_star_schema.rb	(82,12)-(82,15):undefined method: nil#[]	V7
corpus/15-data/etl_star_schema.rb	(104,50)-(104,56):undefined method: nil#upcase	V10
corpus/15-data/etl_star_schema.rb	(104,50)-(104,56):undefined method: Integer#upcase	residual
corpus/15-data/etl_star_schema.rb	(124,27)-(124,31):undefined method: Array[String]#to_i	V3
corpus/15-data/etl_star_schema.rb	(124,20)-(124,26):undefined method: nil#[]	V10
corpus/15-data/etl_star_schema.rb	(124,43)-(124,47):undefined method: Array[String]#to_i	V3
corpus/15-data/etl_star_schema.rb	(124,36)-(124,42):undefined method: nil#[]	V10
corpus/15-data/etl_star_schema.rb	(124,59)-(124,63):undefined method: Array[String]#to_i	V3
corpus/15-data/etl_star_schema.rb	(124,52)-(124,58):undefined method: nil#[]	V10
corpus/15-data/etl_star_schema.rb	(145,82)-(145,83):failed to resolve overloads	V11
corpus/15-data/expense_pivot.rb	(39,10)-(39,16):undefined method: nil#[]	residual
corpus/15-data/expense_pivot.rb	(81,15)-(81,16):undefined method: nil#-	residual
corpus/06-linked/bank_teller_sim.rb	(38,4)-(38,8):undefined method: Walkable#each	residual
corpus/06-linked/bank_teller_sim.rb	(44,4)-(44,8):undefined method: Walkable#each	residual
corpus/06-linked/bank_teller_sim.rb	(119,11)-(119,15):undefined method: nil#line	V9
corpus/06-linked/bank_teller_sim.rb	(124,12)-(124,19):undefined method: nil#started=	V8
corpus/06-linked/bank_teller_sim.rb	(125,29)-(125,35):undefined method: nil#arrive	V8
corpus/06-linked/bank_teller_sim.rb	(127,41)-(127,42):undefined method: Numeric#*	V2
corpus/06-linked/bank_teller_sim.rb	(127,36)-(127,40):undefined method: nil#work	V8
corpus/06-linked/bank_teller_sim.rb	(143,64)-(143,68):undefined method: singleton(Stats)#mean	V5
corpus/06-linked/bank_teller_sim.rb	(143,83)-(143,93):undefined method: singleton(Stats)#percentile	V5
corpus/06-linked/bank_teller_sim.rb	(143,112)-(143,122):undefined method: singleton(Stats)#percentile	V5
corpus/06-linked/browser_history.rb	(23,23)-(23,26):undefined method: nil#url	V10
corpus/06-linked/browser_history.rb	(24,15)-(24,21):undefined method: nil#visits=	V10
corpus/06-linked/browser_history.rb	(24,15)-(24,21):undefined method: nil#visits	V10
corpus/06-linked/browser_history.rb	(28,13)-(28,20):undefined method: nil#forward=	V10
corpus/06-linked/browser_history.rb	(37,22)-(37,26):undefined method: nil#back	V10
corpus/06-linked/browser_history.rb	(48,21)-(48,28):undefined method: nil#forward	V10
corpus/06-linked/browser_history.rb	(58,35)-(58,39):undefined method: nil#back	V10
corpus/06-linked/browser_history.rb	(58,18)-(58,22):undefined method: nil#back	V10
corpus/06-linked/browser_history.rb	(74,14)-(74,27):undefined method: nil#delete_prefix	V9
corpus/06-linked/browser_history.rb	(111,21)-(111,26):undefined method: nil#title	V10
corpus/06-linked/browser_history.rb	(111,42)-(111,48):undefined method: nil#visits	V10
corpus/06-linked/chained_hash_table.rb	(17,31)-(17,32):undefined method: Numeric#*	V2
corpus/06-linked/circular_playlist.rb	(31,18)-(31,22):undefined method: nil#prev	V7
corpus/06-linked/circular_playlist.rb	(32,11)-(32,15):undefined method: nil#next=	V10
corpus/06-linked/circular_playlist.rb	(35,11)-(35,15):undefined method: nil#prev=	V7
corpus/06-linked/circular_playlist.rb	(46,12)-(46,16):undefined method: nil#next	V10
corpus/06-linked/circular_playlist.rb	(53,28)-(53,32):undefined method: nil#next	V10
corpus/06-linked/circular_playlist.rb	(55,31)-(55,35):undefined method: nil#prev	V10
corpus/06-linked/circular_playlist.rb	(66,15)-(66,19):undefined method: nil#next=	V10
corpus/06-linked/circular_playlist.rb	(67,15)-(67,19):undefined method: nil#prev=	V10
corpus/06-linked/circular_playlist.rb	(76,42)-(76,47):undefined method: nil#title	V10
corpus/06-linked/circular_playlist.rb	(80,19)-(80,23):undefined method: nil#next	V7
corpus/06-linked/circular_playlist.rb	(81,11)-(81,15):undefined method: nil#next=	V7
corpus/06-linked/circular_playlist.rb	(82,10)-(82,14):undefined method: nil#prev=	V10
corpus/06-linked/circular_playlist.rb	(83,10)-(83,14):undefined method: nil#next=	V10
corpus/06-linked/circular_playlist.rb	(84,10)-(84,14):undefined method: nil#prev=	V10
corpus/06-linked/circular_playlist.rb	(90,31)-(90,35):undefined method: nil#secs	V10
corpus/06-linked/circular_playlist.rb	(96,33)-(96,38):undefined method: nil#title	V10
corpus/06-linked/circular_playlist.rb	(105,9)-(105,13):undefined method: nil#secs	V10
corpus/06-linked/circular_playlist.rb	(106,21)-(106,26):undefined method: nil#title	V10
corpus/06-linked/circular_playlist.rb	(109,18)-(109,23):undefined method: nil#title	V10
corpus/06-linked/circular_playlist.rb	(110,18)-(110,22):undefined method: nil#secs	V10
corpus/06-linked/circular_playlist.rb	(136,35)-(136,41):undefined method: nil#artist	V10
corpus/06-linked/circular_playlist.rb	(136,35)-(136,41):undefined method: nil#artist	V10
corpus/06-linked/circular_playlist.rb	(136,48)-(136,52):undefined method: nil#secs	V10
corpus/01-text/ascii_table.rb	(36,16)-(36,20):undefined method: nil#size	residual
corpus/01-text/ascii_table.rb	(37,10)-(37,21):undefined method: nil#[]	residual
corpus/01-text/ascii_table.rb	(38,21)-(38,22):undefined method: nil#+	V9
corpus/01-text/ascii_table.rb	(38,3)-(38,20):undefined method: nil#[]	residual
corpus/01-text/ascii_table.rb	(43,20)-(43,25):undefined method: nil#ljust	residual
corpus/01-text/ascii_table.rb	(44,21)-(44,26):undefined method: nil#rjust	residual
corpus/01-text/ascii_table.rb	(45,22)-(45,28):undefined method: nil#center	residual
corpus/01-text/ascii_table.rb	(58,51)-(58,55):undefined method: nil#size	residual
corpus/01-text/bwt_rle.rb	(49,50)-(49,51):undefined method: nil#+	V9
corpus/01-text/case_convert.rb	(11,18)-(11,20):undefined method: nil#>=	V9
corpus/01-text/case_convert.rb	(11,30)-(11,32):undefined method: nil#<=	V9
corpus/01-text/case_convert.rb	(86,20)-(86,25):wrong type of arguments	V11
corpus/10-grids/flood_fill.rb	(27,24)-(27,26):undefined method: nil#>=	V9
corpus/10-grids/flood_fill.rb	(27,34)-(27,35):undefined method: nil#<	V9
corpus/10-grids/flood_fill.rb	(30,8)-(30,9):undefined method: nil#-	V9
corpus/10-grids/flood_fill.rb	(30,20)-(30,21):undefined method: nil#+	V9
corpus/10-grids/flood_fill.rb	(100,0)-(100,4):wrong type of arguments	V1
corpus/10-grids/flood_fill.rb	(108,0)-(108,4):wrong type of arguments	V1
corpus/10-grids/game_2048.rb	(40,10)-(40,13):failed to resolve overloads	V6
corpus/10-grids/game_2048.rb	(40,10)-(40,13):failed to resolve overloads	V6
corpus/10-grids/game_2048.rb	(40,10)-(40,13):failed to resolve overloads	V6
corpus/10-grids/game_2048.rb	(85,0)-(85,4):wrong type of arguments	V1
corpus/10-grids/game_2048.rb	(100,0)-(100,4):wrong type of arguments	V1
corpus/10-grids/game_of_life.rb	(53,2)-(53,6):wrong type of arguments	V1
corpus/10-grids/game_of_life.rb	(68,2)-(68,6):wrong type of arguments	V1
corpus/10-grids/hex_game.rb	(123,2)-(123,6):wrong type of arguments	V1
corpus/10-grids/knights_tour.rb	(10,38)-(10,41):undefined method: nil#row	V9
corpus/10-grids/knights_tour.rb	(10,56)-(10,59):undefined method: nil#col	V9
corpus/10-grids/knights_tour.rb	(32,13)-(32,16):undefined method: nil#row	V9
corpus/10-grids/knights_tour.rb	(32,20)-(32,23):undefined method: nil#col	V9
corpus/10-grids/knights_tour.rb	(35,40)-(35,41):undefined method: nil#+	V9
corpus/10-grids/knights_tour.rb	(64,8)-(64,9):undefined method: nil#-	V9
corpus/10-grids/knights_tour.rb	(83,4)-(83,8):wrong type of arguments	V1
corpus/05-sorting/sorted_matrix_search.rb	(97,27)-(97,48):failed to resolve overloads	V11
corpus/05-sorting/trail_peak_search.rb	(71,27)-(71,30):wrong type of arguments	V1
corpus/05-sorting/trail_peak_search.rb	(113,36)-(113,40):undefined method: nil#name	V9
corpus/05-sorting/version_resolver.rb	(18,21)-(18,26):undefined method: nil#split	V9
corpus/09-dp/line_breaking.rb	(12,20)-(12,23):undefined method: nil#sum	V9
corpus/09-dp/line_breaking.rb	(12,37)-(12,38):undefined method: nil#-	V6
corpus/09-dp/line_breaking.rb	(12,37)-(12,38):failed to resolve overloads	V6
corpus/09-dp/line_breaking.rb	(15,9)-(15,10):failed to resolve overloads	V11
corpus/09-dp/line_breaking.rb	(31,16)-(31,17):undefined method: nil#+	V10
corpus/09-dp/line_breaking.rb	(31,25)-(31,26):undefined method: nil#+	V6
corpus/09-dp/line_breaking.rb	(34,11)-(34,14):failed to resolve overloads	V6
corpus/09-dp/line_breaking.rb	(34,19)-(34,20):undefined method: nil#+	V6
corpus/09-dp/line_breaking.rb	(37,8)-(37,11):failed to resolve overloads	V6
corpus/09-dp/line_breaking.rb	(42,31)-(42,35):undefined method: nil#join	V9
corpus/09-dp/line_breaking.rb	(66,16)-(66,19):block is not expected	residual
corpus/09-dp/line_breaking.rb	(66,36)-(66,37):failed to resolve overloads	V11
corpus/09-dp/longest_increasing.rb	(72,33)-(72,34):undefined method: Integer#w	V4
corpus/09-dp/longest_increasing.rb	(72,39)-(72,40):undefined method: Integer#h	V4
corpus/09-dp/longest_increasing.rb	(77,29)-(77,30):undefined method: Integer#h	V4
corpus/09-dp/longest_increasing.rb	(78,38)-(78,39):undefined method: Integer#w	V4
corpus/09-dp/longest_increasing.rb	(78,44)-(78,45):undefined method: Integer#w	V4
corpus/09-dp/longest_increasing.rb	(107,37)-(107,38):undefined method: nil#+	V9
corpus/09-dp/longest_increasing.rb	(116,29)-(116,34):undefined method: Integer#label	V4
corpus/09-dp/longest_increasing.rb	(116,40)-(116,41):undefined method: Integer#w	V4
corpus/09-dp/longest_increasing.rb	(116,47)-(116,48):undefined method: Integer#h	V4
corpus/09-dp/matrix_chain.rb	(40,23)-(40,24):undefined method: nil#+	V10
corpus/09-dp/optimal_bst.rb	(27,23)-(27,24):undefined method: nil#+	V10
corpus/09-dp/optimal_bst.rb	(28,33)-(28,34):undefined method: nil#-	V7
corpus/09-dp/optimal_bst.rb	(53,15)-(53,18):undefined method: nil#key	V7
corpus/09-dp/optimal_bst.rb	(53,49)-(53,53):undefined method: nil#left	V7
corpus/09-dp/optimal_bst.rb	(53,96)-(53,101):undefined method: nil#right	V7
corpus/09-dp/optimal_bst.rb	(68,12)-(68,17):undefined method: nil#right	V7
corpus/09-dp/optimal_bst.rb	(69,23)-(69,26):undefined method: nil#key	V7
corpus/09-dp/optimal_bst.rb	(70,12)-(70,16):undefined method: nil#left	V7
corpus/09-dp/optimal_bst.rb	(76,19)-(76,23):undefined method: nil#left	V7
corpus/09-dp/optimal_bst.rb	(76,38)-(76,43):undefined method: nil#right	V7
corpus/09-dp/optimal_bst.rb	(83,32)-(83,33):failed to resolve overloads	V11
corpus/09-dp/optimal_bst.rb	(102,69)-(102,72):undefined method: nil#key	V10
corpus/09-dp/palindromes.rb	(34,6)-(34,10):failed to resolve overloads	V6
corpus/09-dp/palindromes.rb	(35,21)-(35,24):failed to resolve overloads	V6
corpus/09-dp/palindromes.rb	(36,35)-(36,36):undefined method: nil#+	V10
corpus/09-dp/palindromes.rb	(36,30)-(36,31):undefined method: nil#-	V6
corpus/09-dp/palindromes.rb	(50,10)-(50,11):undefined method: nil#-	V6
corpus/09-dp/palindromes.rb	(60,5)-(60,8):failed to resolve overloads	V6
corpus/09-dp/palindromes.rb	(61,7)-(61,8):undefined method: nil#+	V6
corpus/09-dp/palindromes.rb	(62,7)-(62,10):failed to resolve overloads	V6
corpus/09-dp/palindromes.rb	(62,17)-(62,20):failed to resolve overloads	V6
corpus/09-dp/palindromes.rb	(62,25)-(62,28):failed to resolve overloads	V6
corpus/09-dp/palindromes.rb	(62,32)-(62,39):failed to resolve overloads	V6
corpus/09-dp/palindromes.rb	(62,35)-(62,36):undefined method: nil#+	V6
corpus/09-dp/palindromes.rb	(62,42)-(62,43):undefined method: nil#-	V6
corpus/09-dp/palindromes.rb	(62,55)-(62,62):failed to resolve overloads	V6
corpus/09-dp/palindromes.rb	(62,58)-(62,59):undefined method: nil#+	V6
corpus/09-dp/palindromes.rb	(62,68)-(62,71):failed to resolve overloads	V6
corpus/09-dp/palindromes.rb	(62,74)-(62,75):undefined method: nil#-	V6
corpus/01-text/ini_config.rb	(38,17)-(38,20):undefined method: nil#[]	V8
corpus/01-text/ini_config.rb	(44,18)-(44,21):undefined method: nil#sub	V9
corpus/01-text/ini_config.rb	(123,12)-(123,17):wrong type of arguments	V11
corpus/01-text/ini_config.rb	(123,37)-(123,42):undefined method: nil#ljust	residual
corpus/01-text/json_pretty.rb	(100,38)-(100,41):undefined method: nil#hex	V9
corpus/01-text/json_pretty.rb	(113,21)-(113,26):undefined method: nil#match	V9
corpus/01-text/json_pretty.rb	(122,22)-(122,33):undefined method: nil#start_with?	V9
corpus/01-text/json_pretty.rb	(165,22)-(165,26):undefined method: nil#join	residual
corpus/01-text/justify_text.rb	(30,17)-(30,18):failed to resolve overloads	V11
corpus/01-text/justify_text.rb	(35,15)-(35,16):wrong type of arguments	V11
corpus/01-text/justify_text.rb	(35,28)-(35,29):wrong type of arguments	V11
corpus/01-text/justify_text.rb	(63,31)-(63,36):undefined method: nil#ljust	residual
corpus/01-text/line_diff.rb	(62,7)-(62,11):undefined method: Edit#each	residual
corpus/01-text/line_diff.rb	(70,17)-(70,22):undefined method: Edit#count	residual
corpus/01-text/line_diff.rb	(71,17)-(71,22):undefined method: Edit#count	residual
corpus/01-text/line_diff.rb	(94,6)-(94,10):undefined method: Edit#each	residual
corpus/01-text/line_diff.rb	(94,35)-(94,36):wrong type of arguments	V11
corpus/01-text/line_diff.rb	(94,35)-(94,36):undefined method: nil#+	residual
corpus/01-text/markdown_html.rb	(12,4)-(12,8):undefined method: nil#gsub	residual
corpus/01-text/markdown_html.rb	(18,18)-(18,23):undefined method: nil#match	residual
corpus/01-text/markdown_html.rb	(19,26)-(19,35):undefined method: nil#pre_match	V9
corpus/01-text/markdown_html.rb	(19,65)-(19,68):undefined method: nil#[]	V9
corpus/01-text/markdown_html.rb	(20,13)-(20,23):undefined method: nil#post_match	V9
corpus/01-text/markdown_html.rb	(69,57)-(69,62):undefined method: nil#strip	V9
corpus/01-text/markdown_html.rb	(69,49)-(69,53):undefined method: nil#size	V9
corpus/01-text/markdown_html.rb	(69,72)-(69,76):undefined method: nil#size	V9
corpus/19-statemachines/markdown_blocks.rb	(1,23)-(1,27):undefined method: nil#gsub	V9
corpus/19-statemachines/markdown_blocks.rb	(58,23)-(58,28):undefined method: nil#strip	V9
corpus/19-statemachines/markdown_blocks.rb	(64,25)-(64,29):undefined method: nil#size	V9
corpus/19-statemachines/markdown_blocks.rb	(83,25)-(83,30):undefined method: nil#strip	V9
corpus/19-statemachines/morse_decoder.rb	(46,14)-(46,15):failed to resolve overloads	V11
corpus/19-statemachines/order_workflow.rb	(10,34)-(10,35):failed to resolve overloads	V11
corpus/19-statemachines/regex_nfa.rb	(112,25)-(112,30):undefined method: nil#holes	V9
corpus/19-statemachines/regex_nfa.rb	(112,35)-(112,40):undefined method: nil#start	V9
corpus/19-statemachines/regex_nfa.rb	(113,29)-(113,34):undefined method: nil#start	V9
corpus/19-statemachines/regex_nfa.rb	(113,39)-(113,44):undefined method: nil#holes	V9
corpus/19-statemachines/regex_nfa.rb	(118,28)-(118,33):undefined method: nil#start	V9
corpus/19-statemachines/regex_nfa.rb	(119,28)-(119,33):undefined method: nil#start	V9
corpus/19-statemachines/regex_nfa.rb	(120,32)-(120,37):undefined method: nil#holes	V9
corpus/19-statemachines/regex_nfa.rb	(120,43)-(120,48):undefined method: nil#holes	V9
corpus/19-statemachines/regex_nfa.rb	(125,27)-(125,32):undefined method: nil#start	V7
corpus/19-statemachines/regex_nfa.rb	(127,33)-(127,38):undefined method: nil#holes	V7
corpus/19-statemachines/regex_nfa.rb	(129,26)-(129,31):undefined method: nil#holes	V7
corpus/19-statemachines/regex_nfa.rb	(130,35)-(130,40):undefined method: nil#start	V7
corpus/19-statemachines/regex_nfa.rb	(141,20)-(141,25):undefined method: nil#holes	V9
corpus/19-statemachines/regex_nfa.rb	(142,22)-(142,27):undefined method: nil#start	V9
corpus/18-collections/cart_discounts.rb	(35,38)-(35,39):undefined method: nil#<	V6
corpus/18-collections/cart_discounts.rb	(35,56)-(35,59):undefined method: nil#abs	V6
corpus/18-collections/cart_discounts.rb	(35,69)-(35,72):undefined method: nil#abs	V6
corpus/18-collections/cart_discounts.rb	(53,48)-(53,49):failed to resolve overloads	V11
corpus/18-collections/cart_discounts.rb	(77,43)-(77,46):undefined method: nil#[]	residual
corpus/18-collections/contact_dedupe.rb	(108,48)-(108,49):wrong type of arguments	V1
corpus/18-collections/contact_dedupe.rb	(109,48)-(109,49):wrong type of arguments	V1
corpus/18-collections/contact_dedupe.rb	(110,46)-(110,47):wrong type of arguments	V1
corpus/08-graphs/land_islands.rb	(14,20)-(14,21):undefined method: nil#*	residual
corpus/08-graphs/land_islands.rb	(17,6)-(17,8):undefined method: nil#>=	V9
corpus/08-graphs/land_islands.rb	(17,26)-(17,27):undefined method: nil#<	V9
corpus/08-graphs/land_islands.rb	(46,13)-(46,14):undefined method: nil#+	residual
corpus/08-graphs/land_islands.rb	(47,13)-(47,14):undefined method: nil#+	residual
corpus/08-graphs/land_islands.rb	(85,13)-(85,14):undefined method: nil#+	V9
corpus/08-graphs/land_islands.rb	(85,27)-(85,28):undefined method: nil#-	V9
corpus/08-graphs/land_islands.rb	(108,75)-(108,76):undefined method: nil#+	V9
corpus/08-graphs/make_rebuild.rb	(55,23)-(55,28):undefined method: nil#split	V9
corpus/08-graphs/make_rebuild.rb	(55,19)-(55,22):undefined method: nil#[]	V8
corpus/08-graphs/maze_bfs.rb	(31,13)-(31,14):undefined method: nil#+	residual
corpus/08-graphs/maze_bfs.rb	(65,18)-(65,22):wrong type of arguments	V11
corpus/08-graphs/metro_transfers.rb	(24,15)-(24,20):undefined method: nil#stops	V9
corpus/08-graphs/metro_transfers.rb	(26,5)-(26,6):undefined method: nil#-	V9
corpus/08-graphs/metro_transfers.rb	(26,12)-(26,13):undefined method: nil#+	V9
corpus/08-graphs/org_chart_lca.rb	(69,23)-(69,24):failed to resolve overloads	V11
corpus/13-polymorphism/calendar_dates.rb	(67,29)-(67,36):undefined method: Integer#ordinal	residual
corpus/13-polymorphism/calendar_dates.rb	(118,60)-(118,67):undefined method: nil#ordinal	V6
corpus/13-polymorphism/color_palette.rb	(25,19)-(25,22):undefined method: nil#hex	V9
corpus/13-polymorphism/color_palette.rb	(25,29)-(25,32):undefined method: nil#hex	V9
corpus/13-polymorphism/color_palette.rb	(25,39)-(25,42):undefined method: nil#hex	V9
corpus/13-polymorphism/color_palette.rb	(32,35)-(32,36):undefined method: Float#r	residual
corpus/13-polymorphism/color_palette.rb	(32,35)-(32,36):undefined method: Integer#r	residual
corpus/13-polymorphism/color_palette.rb	(32,53)-(32,54):undefined method: Float#g	residual
corpus/13-polymorphism/color_palette.rb	(32,53)-(32,54):undefined method: Integer#g	residual
corpus/13-polymorphism/color_palette.rb	(32,71)-(32,72):undefined method: Float#b	residual
corpus/13-polymorphism/color_palette.rb	(32,71)-(32,72):undefined method: Integer#b	residual
corpus/13-polymorphism/doc_render.rb	(67,22)-(67,23):wrong type of arguments	V11
corpus/13-polymorphism/doc_render.rb	(91,54)-(91,55):undefined method: nil#+	V9
corpus/08-graphs/pipeline_flow.rb	(49,16)-(49,19):undefined method: nil#[]	V10
corpus/08-graphs/pipeline_flow.rb	(56,16)-(56,19):undefined method: nil#[]	V10
corpus/08-graphs/word_ladder.rb	(70,68)-(70,71):undefined method: nil#[]	V9
corpus/08-graphs/word_ladder.rb	(70,83)-(70,86):undefined method: nil#[]	V9
corpus/05-sorting/hashtag_trends.rb	(69,42)-(69,43):undefined method: nil#-	V7
corpus/05-sorting/heap_scheduler.rb	(121,9)-(121,10):undefined method: Numeric#*	V2
corpus/05-sorting/kway_log_merge.rb	(36,15)-(36,19):undefined method: Array[String]#to_i	V3
corpus/05-sorting/kway_log_merge.rb	(72,13)-(72,17):undefined method: nil#head	residual
corpus/05-sorting/kway_log_merge.rb	(73,6)-(73,9):undefined method: nil#pos=	residual
corpus/05-sorting/kway_log_merge.rb	(73,6)-(73,9):undefined method: nil#pos	residual
corpus/05-sorting/kway_log_merge.rb	(74,9)-(74,14):undefined method: nil#done?	residual
corpus/18-collections/friend_graph.rb	(32,9)-(32,14):wrong type of arguments	V1
corpus/18-collections/friend_graph.rb	(57,28)-(57,31):undefined method: nil#[]	V9
corpus/18-collections/friend_graph.rb	(57,40)-(57,43):undefined method: nil#[]	V9
corpus/18-collections/friend_graph.rb	(69,28)-(69,29):wrong type of arguments	V1
corpus/18-collections/friend_graph.rb	(75,12)-(75,13):wrong type of arguments	V1
corpus/18-collections/grade_book.rb	(27,18)-(27,24):undefined method: nil#empty?	V6
corpus/18-collections/grade_book.rb	(27,36)-(27,39):undefined method: nil#sum	V6
corpus/18-collections/grade_book.rb	(27,45)-(27,49):undefined method: nil#size	V6
corpus/18-collections/grade_book.rb	(30,23)-(30,29):undefined method: nil#empty?	V6
corpus/18-collections/grade_book.rb	(31,16)-(31,20):undefined method: nil#size	V6
corpus/18-collections/grade_book.rb	(31,34)-(31,38):undefined method: nil#sort	V6
corpus/18-collections/grade_book.rb	(38,33)-(38,34):undefined method: nil#*	V10
corpus/18-collections/grade_book.rb	(49,29)-(49,30):undefined method: nil#-@	V10
corpus/18-collections/grade_book.rb	(59,15)-(59,18):undefined method: nil#[]	V9
corpus/18-collections/grade_book.rb	(59,33)-(59,36):undefined method: nil#[]	V9
corpus/18-collections/grade_book.rb	(65,13)-(65,14):failed to resolve overloads	V11
corpus/18-collections/grade_book.rb	(67,17)-(67,18):undefined method: nil#+	V10
corpus/18-collections/grade_book.rb	(80,42)-(80,44):undefined method: nil#>=	V10
corpus/18-collections/ip_ranges.rb	(23,12)-(23,17):undefined method: Array[String]#split	V3
corpus/18-collections/ip_ranges.rb	(39,11)-(39,13):wrong type of arguments	V3
corpus/18-collections/ip_ranges.rb	(39,18)-(39,19):failed to resolve overloads	V3
corpus/18-collections/ip_ranges.rb	(54,45)-(54,70):expected: Integer; actual: bool	residual
corpus/18-collections/ip_ranges.rb	(73,45)-(73,50):undefined method: nil#label	V9
corpus/18-collections/ip_ranges.rb	(73,54)-(73,58):undefined method: nil#cidr	V9
corpus/18-collections/latency_buckets.rb	(40,21)-(40,22):undefined method: nil#-	V7
corpus/04-numeric/polynomial.rb	(31,33)-(31,39):undefined method: Float#degree	residual
corpus/04-numeric/polynomial.rb	(33,10)-(33,16):undefined method: Float#coeffs	residual
corpus/04-numeric/polynomial.rb	(92,6)-(92,8):undefined method: nil#-	V10
corpus/04-numeric/polynomial.rb	(106,34)-(106,35):undefined method: nil#-@	V10
corpus/04-numeric/polynomial.rb	(143,62)-(143,64):undefined method: nil#at	residual
corpus/04-numeric/polynomial.rb	(143,74)-(143,77):wrong type of arguments	V1
corpus/04-numeric/polynomial.rb	(143,89)-(143,94):wrong type of arguments	V1
corpus/04-numeric/polynomial.rb	(143,100)-(143,104):wrong type of arguments	V1
corpus/04-numeric/root_finding.rb	(93,54)-(93,57):wrong type of arguments	V1
corpus/04-numeric/root_finding.rb	(94,51)-(94,54):wrong type of arguments	V1
corpus/04-numeric/root_finding.rb	(94,69)-(94,72):wrong type of arguments	V1
corpus/04-numeric/root_finding.rb	(99,36)-(99,37):undefined method: nil#-	V6
corpus/04-numeric/root_finding.rb	(99,49)-(99,52):wrong type of arguments	V6
corpus/04-numeric/root_finding.rb	(99,78)-(99,81):wrong type of arguments	V6
corpus/04-numeric/root_finding.rb	(110,41)-(110,45):wrong type of arguments	V1
corpus/04-numeric/root_finding.rb	(112,71)-(112,82):undefined method: nil#method_name	V9
corpus/04-numeric/root_finding.rb	(112,91)-(112,95):undefined method: nil#root	V9
corpus/04-numeric/root_finding.rb	(112,103)-(112,107):wrong type of arguments	V1
corpus/04-numeric/special_functions.rb	(16,26)-(16,29):wrong type of arguments	V1
corpus/04-numeric/special_functions.rb	(22,7)-(22,11):wrong type of arguments	V1
corpus/04-numeric/special_functions.rb	(22,52)-(22,55):wrong type of arguments	V1
corpus/04-numeric/special_functions.rb	(29,18)-(29,21):wrong type of arguments	V1
corpus/04-numeric/special_functions.rb	(35,27)-(35,30):wrong type of arguments	V1
corpus/04-numeric/special_functions.rb	(35,51)-(35,54):wrong type of arguments	V1
corpus/04-numeric/special_functions.rb	(48,13)-(48,17):wrong type of arguments	V1
corpus/04-numeric/special_functions.rb	(55,7)-(55,10):wrong type of arguments	V1
corpus/04-numeric/special_functions.rb	(55,26)-(55,30):wrong type of arguments	V1
corpus/04-numeric/special_functions.rb	(75,22)-(75,25):wrong type of arguments	V1
corpus/04-numeric/special_functions.rb	(104,79)-(104,82):wrong type of arguments	V1
corpus/04-numeric/time_series.rb	(26,33)-(26,34):failed to resolve overloads	residual
corpus/04-numeric/time_series.rb	(26,53)-(26,54):failed to resolve overloads	residual
corpus/04-numeric/time_series.rb	(33,9)-(33,13):wrong type of arguments	V11
corpus/04-numeric/time_series.rb	(38,9)-(38,13):undefined method: nil#sort	V9
corpus/04-numeric/time_series.rb	(52,24)-(52,27):undefined method: nil#map	V9
corpus/04-numeric/time_series.rb	(53,34)-(53,35):failed to resolve overloads	residual
corpus/04-numeric/time_series.rb	(109,71)-(109,72):undefined method: nil#+	V9
corpus/04-numeric/time_series.rb	(109,84)-(109,85):undefined method: nil#+	V9
corpus/04-numeric/vector_geometry.rb	(15,20)-(15,23):wrong type of arguments	V11
corpus/04-numeric/vector_geometry.rb	(23,18)-(23,22):wrong type of arguments	V1
corpus/04-numeric/vector_geometry.rb	(32,9)-(32,14):wrong type of arguments	V1
corpus/04-numeric/vector_geometry.rb	(109,25)-(109,29):undefined method: nil#name	V9
corpus/14-errors/bank_transfers.rb	(52,16)-(52,17):wrong type of arguments	residual
corpus/14-errors/bank_transfers.rb	(53,66)-(53,67):undefined method: nil#-	residual
corpus/14-errors/bank_transfers.rb	(53,92)-(53,93):undefined method: nil#-	residual
corpus/14-errors/bank_transfers.rb	(55,13)-(55,15):failed to resolve overloads	residual
corpus/14-errors/bank_transfers.rb	(60,13)-(60,15):failed to resolve overloads	residual
corpus/14-errors/bank_transfers.rb	(79,61)-(79,63):undefined method: nil#<=	residual
corpus/14-errors/bank_transfers.rb	(80,95)-(80,96):undefined method: nil#>	residual
corpus/14-errors/bank_transfers.rb	(90,18)-(90,20):failed to resolve overloads	residual
corpus/14-errors/bank_transfers.rb	(126,20)-(126,25):undefined method: nil#split	residual
corpus/14-errors/bank_transfers.rb	(126,20)-(126,25):undefined method: nil#split	residual
corpus/14-errors/card_validation.rb	(41,31)-(41,32):undefined method: nil#<	V9
corpus/14-errors/config_loader.rb	(77,69)-(77,77):undefined method: nil#between?	V9
corpus/14-errors/config_loader.rb	(81,69)-(81,77):undefined method: nil#between?	V9
corpus/14-errors/contracts.rb	(14,70)-(14,78):undefined method: Contract#describe	residual
corpus/14-errors/contracts.rb	(18,72)-(18,80):undefined method: Contract#describe	residual
corpus/14-errors/contracts.rb	(22,14)-(22,31):undefined method: Contract#invariant_problem	residual
corpus/14-errors/contracts.rb	(23,76)-(23,84):undefined method: Contract#describe	residual
corpus/07-trees/merkle_sync.rb	(53,21)-(53,25):undefined method: MLeaf#left	residual
corpus/07-trees/merkle_sync.rb	(54,29)-(54,34):undefined method: MLeaf#right	residual
corpus/07-trees/merkle_sync.rb	(55,18)-(55,22):undefined method: MLeaf#left	residual
corpus/07-trees/merkle_sync.rb	(57,28)-(57,32):undefined method: MLeaf#left	residual
corpus/07-trees/merkle_sync.rb	(58,18)-(58,23):undefined method: MLeaf#right	residual
corpus/07-trees/merkle_sync.rb	(105,59)-(105,62):failed to resolve overloads	residual
corpus/07-trees/org_chart.rb	(16,38)-(16,39):failed to resolve overloads	V11
corpus/07-trees/org_chart.rb	(18,37)-(18,38):failed to resolve overloads	V11
corpus/07-trees/org_chart.rb	(34,24)-(34,28):undefined method: Array[untyped]#to_i	V3
corpus/07-trees/org_chart.rb	(58,25)-(58,35):undefined method: nil#manager_id	V9
corpus/07-trees/org_chart.rb	(59,55)-(59,59):undefined method: nil#name	V9
corpus/07-trees/org_chart.rb	(80,45)-(80,47):undefined method: nil#id	V9
corpus/07-trees/org_chart.rb	(108,56)-(108,60):undefined method: nil#name	V9
corpus/07-trees/org_chart.rb	(108,72)-(108,79):undefined method: nil#reports	V9
corpus/07-trees/quadtree.rb	(57,44)-(57,50):undefined method: nil#insert	V9
corpus/07-trees/quadtree.rb	(68,26)-(68,27):failed to resolve overloads	V11
corpus/07-trees/quadtree.rb	(69,16)-(69,17):failed to resolve overloads	V11
corpus/07-trees/quadtree.rb	(70,35)-(70,36):failed to resolve overloads	V11
corpus/07-trees/rope_editor.rb	(24,25)-(24,29):undefined method: nil#size	V9
corpus/07-trees/rope_editor.rb	(33,33)-(33,34):undefined method: nil#+	residual
corpus/07-trees/rope_editor.rb	(37,27)-(37,31):undefined method: nil#size	V9
corpus/07-trees/rope_editor.rb	(38,10)-(38,14):undefined method: nil#size	V9
corpus/07-trees/rope_editor.rb	(39,22)-(39,31):undefined method: nil#[]	V9
corpus/07-trees/rope_editor.rb	(39,47)-(39,54):undefined method: nil#[]	V9
corpus/07-trees/rope_editor.rb	(43,71)-(43,72):undefined method: nil#<	residual
corpus/07-trees/rope_editor.rb	(43,80)-(43,82):undefined method: nil#>=	residual
corpus/07-trees/rope_editor.rb	(45,9)-(45,10):undefined method: nil#<	residual
corpus/07-trees/rope_editor.rb	(45,13)-(45,19):undefined method: RLeaf#weight	residual
corpus/07-trees/rope_editor.rb	(45,13)-(45,19):undefined method: nil#weight	residual
corpus/07-trees/rope_editor.rb	(46,12)-(46,16):undefined method: RLeaf#left	residual
corpus/07-trees/rope_editor.rb	(46,12)-(46,16):undefined method: nil#left	residual
corpus/07-trees/rope_editor.rb	(48,8)-(48,10):undefined method: nil#-	residual
corpus/07-trees/rope_editor.rb	(48,13)-(48,19):undefined method: RLeaf#weight	residual
corpus/07-trees/rope_editor.rb	(48,13)-(48,19):undefined method: nil#weight	residual
corpus/07-trees/rope_editor.rb	(49,12)-(49,17):undefined method: RLeaf#right	residual
corpus/07-trees/rope_editor.rb	(49,12)-(49,17):undefined method: nil#right	residual
corpus/07-trees/rope_editor.rb	(52,8)-(52,11):undefined method: nil#[]	V9
corpus/07-trees/rope_editor.rb	(52,4)-(52,8):undefined method: RNode#text	residual
corpus/07-trees/rope_editor.rb	(52,4)-(52,8):undefined method: nil#text	residual
corpus/07-trees/rope_editor.rb	(61,25)-(61,27):undefined method: nil#>=	V7
corpus/07-trees/rope_editor.rb	(61,30)-(61,34):undefined method: nil#size	V9
corpus/07-trees/rope_editor.rb	(62,25)-(62,27):undefined method: nil#<=	V7
corpus/07-trees/rope_editor.rb	(63,16)-(63,23):undefined method: nil#[]	V9
corpus/07-trees/rope_editor.rb	(63,37)-(63,42):undefined method: nil#[]	V9
corpus/07-trees/rope_editor.rb	(65,9)-(65,10):undefined method: nil#<	V7
corpus/07-trees/rope_editor.rb	(69,30)-(69,31):undefined method: nil#-	V7
corpus/07-trees/rope_editor.rb	(69,30)-(69,31):undefined method: String#-	residual
corpus/07-trees/rope_editor.rb	(138,41)-(138,42):undefined method: nil#-	residual
corpus/07-trees/rope_editor.rb	(143,34)-(143,35):undefined method: nil#-	residual
corpus/11-simulation/ecosystem_patches.rb	(99,19)-(99,23):wrong type of arguments	V1
corpus/11-simulation/elevator_scan.rb	(20,8)-(20,9):undefined method: nil#>	V9
corpus/11-simulation/elevator_scan.rb	(22,11)-(22,12):undefined method: nil#<	V9
corpus/11-simulation/elevator_scan.rb	(91,30)-(91,34):undefined method: String#cost	V4
corpus/11-simulation/elevator_scan.rb	(91,30)-(91,34):undefined method: Integer#cost	V4
corpus/11-simulation/elevator_scan.rb	(91,55)-(91,57):undefined method: String#id	V4
corpus/11-simulation/elevator_scan.rb	(91,55)-(91,57):undefined method: Integer#id	V4
corpus/11-simulation/elevator_scan.rb	(92,7)-(92,12):undefined method: nil#stops	V9
corpus/11-simulation/elevator_scan.rb	(92,7)-(92,12):undefined method: String#stops	V4
corpus/11-simulation/elevator_scan.rb	(92,7)-(92,12):undefined method: Integer#stops	V4
corpus/11-simulation/elevator_scan.rb	(113,65)-(113,67):undefined method: nil#id	V9
corpus/11-simulation/elevator_scan.rb	(113,65)-(113,67):undefined method: String#id	V4
corpus/11-simulation/elevator_scan.rb	(113,65)-(113,67):undefined method: Integer#id	V4
corpus/11-simulation/elevator_scan.rb	(121,16)-(121,20):wrong type of arguments	V1
corpus/11-simulation/elevator_scan.rb	(125,22)-(125,23):undefined method: nil#-	V10
corpus/11-simulation/elevator_scan.rb	(126,22)-(126,23):undefined method: nil#-	V10
corpus/11-simulation/hotel_bookings.rb	(46,42)-(46,43):undefined method: nil#+	V6
corpus/11-simulation/hotel_bookings.rb	(46,46)-(46,47):undefined method: nil#*	V6
corpus/11-simulation/hotel_bookings.rb	(75,9)-(75,14):undefined method: nil#stays	V7
corpus/11-simulation/hotel_bookings.rb	(77,33)-(77,39):undefined method: nil#number	V7
corpus/11-simulation/hotel_bookings.rb	(104,28)-(104,32):undefined method: nil#kind	V7
corpus/07-trees/spanning_tree.rb	(14,36)-(14,42):failed to resolve overloads	failed@V11
corpus/07-trees/spanning_tree.rb	(14,17)-(14,23):failed to resolve overloads	failed@V11
corpus/07-trees/spanning_tree.rb	(15,16)-(15,19):failed to resolve overloads	failed@V11
corpus/07-trees/spanning_tree.rb	(16,18)-(16,21):failed to resolve overloads	failed@V11
corpus/07-trees/spanning_tree.rb	(17,12)-(17,15):failed to resolve overloads	failed@V11
corpus/07-trees/spanning_tree.rb	(27,27)-(27,31):failed to resolve overloads	failed@V11
corpus/07-trees/spanning_tree.rb	(27,38)-(27,42):failed to resolve overloads	failed@V11
corpus/07-trees/spanning_tree.rb	(28,10)-(28,14):failed to resolve overloads	failed@V11
corpus/07-trees/spanning_tree.rb	(29,25)-(29,29):failed to resolve overloads	failed@V11
corpus/07-trees/spanning_tree.rb	(29,37)-(29,41):failed to resolve overloads	failed@V11
corpus/07-trees/spanning_tree.rb	(29,4)-(29,17):failed to resolve overloads	failed@V11
corpus/07-trees/spanning_tree.rb	(29,4)-(29,17):failed to resolve overloads	failed@V11
corpus/07-trees/spanning_tree.rb	(54,7)-(54,12):failed to resolve overloads	failed@V11
corpus/07-trees/spanning_tree.rb	(55,7)-(55,12):failed to resolve overloads	failed@V11
corpus/07-trees/spanning_tree.rb	(69,7)-(69,10):failed to resolve overloads	failed@V11
corpus/07-trees/spanning_tree.rb	(71,12)-(71,15):failed to resolve overloads	failed@V11
corpus/07-trees/spanning_tree.rb	(72,11)-(72,14):failed to resolve overloads	failed@V11
corpus/07-trees/spanning_tree.rb	(73,11)-(73,14):failed to resolve overloads	failed@V11
corpus/07-trees/spanning_tree.rb	(73,22)-(73,25):failed to resolve overloads	failed@V11
corpus/07-trees/spanning_tree.rb	(88,16)-(88,19):failed to resolve overloads	failed@V11
corpus/07-trees/spanning_tree.rb	(92,16)-(92,19):failed to resolve overloads	failed@V11
corpus/07-trees/spanning_tree.rb	(102,16)-(102,19):failed to resolve overloads	failed@V11
corpus/07-trees/spanning_tree.rb	(102,69)-(102,72):failed to resolve overloads	failed@V11
corpus/07-trees/spanning_tree.rb	(104,17)-(104,20):failed to resolve overloads	failed@V11
corpus/07-trees/spanning_tree.rb	(104,53)-(104,56):failed to resolve overloads	failed@V11
corpus/07-trees/taxonomy_lca.rb	(54,9)-(54,12):undefined method: nil#[]	residual
corpus/07-trees/taxonomy_lca.rb	(75,32)-(75,40):expected: Comparable | Array[...]; actual: nil	V6
corpus/07-trees/traversals.rb	(21,14)-(21,19):undefined method: nil#label	V7
corpus/07-trees/traversals.rb	(22,17)-(22,21):undefined method: nil#left	V7
corpus/07-trees/traversals.rb	(23,14)-(23,19):undefined method: nil#label	V7
corpus/07-trees/traversals.rb	(24,17)-(24,22):undefined method: nil#right	V7
corpus/07-trees/traversals.rb	(25,14)-(25,19):undefined method: nil#label	V7
corpus/07-trees/traversals.rb	(35,13)-(35,18):undefined method: nil#label	V7
corpus/07-trees/traversals.rb	(36,17)-(36,22):undefined method: nil#right	V7
corpus/07-trees/traversals.rb	(36,26)-(36,30):undefined method: nil#left	V7
corpus/07-trees/traversals.rb	(51,13)-(51,18):undefined method: nil#label	V9
corpus/07-trees/traversals.rb	(52,12)-(52,17):undefined method: nil#right	V9
corpus/07-trees/traversals.rb	(63,18)-(63,23):undefined method: nil#label	V7
corpus/07-trees/traversals.rb	(64,17)-(64,21):undefined method: nil#left	V7
corpus/07-trees/traversals.rb	(64,25)-(64,30):undefined method: nil#right	V7
corpus/07-trees/traversals.rb	(74,36)-(74,40):undefined method: nil#left	V10
corpus/07-trees/traversals.rb	(74,44)-(74,49):undefined method: nil#right	V10
corpus/07-trees/traversals.rb	(85,19)-(85,24):undefined method: nil#label	V7
corpus/07-trees/traversals.rb	(86,18)-(86,22):undefined method: nil#left	V7
corpus/07-trees/traversals.rb	(86,37)-(86,42):undefined method: nil#right	V7
corpus/07-trees/traversals.rb	(93,15)-(93,20):undefined method: nil#label	V7
corpus/07-trees/traversals.rb	(94,22)-(94,27):undefined method: nil#label	V7
corpus/07-trees/traversals.rb	(95,30)-(95,34):undefined method: nil#left	V7
corpus/07-trees/traversals.rb	(95,65)-(95,70):undefined method: nil#right	V7
corpus/07-trees/traversals.rb	(102,8)-(102,12):undefined method: nil#left	V7
corpus/07-trees/traversals.rb	(102,19)-(102,24):undefined method: nil#right	V7
corpus/07-trees/traversals.rb	(103,10)-(103,15):undefined method: nil#label	V10
corpus/07-trees/traversals.rb	(111,22)-(111,27):undefined method: nil#label	V7
corpus/07-trees/traversals.rb	(112,12)-(112,16):undefined method: nil#left	V7
corpus/07-trees/traversals.rb	(112,38)-(112,43):undefined method: nil#right	V7
corpus/07-trees/traversals.rb	(122,42)-(122,46):undefined method: nil#left	V10
corpus/07-trees/traversals.rb	(122,50)-(122,55):undefined method: nil#right	V10
corpus/07-trees/traversals.rb	(122,62)-(122,67):undefined method: nil#label	V10
corpus/07-trees/traversals.rb	(124,49)-(124,54):undefined method: nil#label	V10
corpus/07-trees/tree_codec.rb	(36,9)-(36,13):undefined method: nil#left=	V7
corpus/07-trees/tree_codec.rb	(37,18)-(37,22):undefined method: nil#left	V7
corpus/07-trees/tree_codec.rb	(39,9)-(39,14):undefined method: nil#right=	V7
corpus/07-trees/tree_codec.rb	(40,18)-(40,23):undefined method: nil#right	V7
corpus/07-trees/tree_codec.rb	(53,18)-(53,21):undefined method: nil#val	V7
corpus/07-trees/tree_codec.rb	(54,22)-(54,26):undefined method: nil#left	V7
corpus/07-trees/tree_codec.rb	(54,33)-(54,38):undefined method: nil#right	V7
corpus/07-trees/tree_codec.rb	(65,16)-(65,19):undefined method: nil#val	V7
corpus/07-trees/tree_codec.rb	(66,21)-(66,25):undefined method: nil#left	V7
corpus/07-trees/tree_codec.rb	(67,21)-(67,26):undefined method: nil#right	V7
corpus/07-trees/tree_codec.rb	(77,7)-(77,11):undefined method: nil#left=	V7
corpus/07-trees/tree_codec.rb	(78,7)-(78,12):undefined method: nil#right=	V7
corpus/07-trees/tree_codec.rb	(91,4)-(91,7):undefined method: nil#val	V7
corpus/07-trees/tree_codec.rb	(91,13)-(91,16):undefined method: nil#val	V7
corpus/07-trees/tree_codec.rb	(91,28)-(91,32):undefined method: nil#left	V7
corpus/07-trees/tree_codec.rb	(91,36)-(91,40):undefined method: nil#left	V7
corpus/07-trees/tree_codec.rb	(91,53)-(91,58):undefined method: nil#right	V7
corpus/07-trees/tree_codec.rb	(91,62)-(91,67):undefined method: nil#right	V7
corpus/07-trees/tree_codec.rb	(96,17)-(96,20):undefined method: nil#val	V7
corpus/07-trees/tree_codec.rb	(96,34)-(96,39):undefined method: nil#right	V7
corpus/07-trees/tree_codec.rb	(96,54)-(96,58):undefined method: nil#left	V7
corpus/07-trees/tree_codec.rb	(99,47)-(99,51):undefined method: nil#left	V7
corpus/07-trees/tree_codec.rb	(99,65)-(99,70):undefined method: nil#right	V7
corpus/07-trees/tree_codec.rb	(104,38)-(104,42):undefined method: nil#left	V7
corpus/07-trees/tree_codec.rb	(105,38)-(105,43):undefined method: nil#right	V7
corpus/07-trees/tree_codec.rb	(108,29)-(108,32):undefined method: nil#val	V7
corpus/07-trees/tree_codec.rb	(109,49)-(109,52):undefined method: nil#val	V7
corpus/07-trees/trie_autocomplete.rb	(50,23)-(50,31):undefined method: nil#terminal	V7
corpus/07-trees/trie_autocomplete.rb	(99,39)-(99,47):undefined method: nil#terminal	V7
corpus/07-trees/trie_autocomplete.rb	(99,25)-(99,29):undefined method: nil#freq	V7
corpus/07-trees/trie_autocomplete.rb	(100,9)-(100,17):undefined method: nil#children	V7
corpus/07-trees/trie_autocomplete.rb	(100,52)-(100,60):undefined method: nil#children	V7
corpus/12-parsers/lisp_interp.rb	(65,26)-(65,30):undefined method: Array[String?]#to_i	V9
corpus/12-parsers/lisp_interp.rb	(68,9)-(68,15):undefined method: Array[String?]#to_sym	V9
corpus/12-parsers/lisp_interp.rb	(110,11)-(110,15):undefined method: nil#each	residual
corpus/12-parsers/lisp_interp.rb	(110,11)-(110,15):undefined method: true#each	residual
corpus/12-parsers/lisp_interp.rb	(110,11)-(110,15):undefined method: false#each	residual
corpus/12-parsers/lisp_interp.rb	(110,11)-(110,15):... and other 2 errors	residual
corpus/12-parsers/lisp_interp.rb	(115,21)-(115,24):undefined method: true#[]	residual
corpus/12-parsers/lisp_interp.rb	(115,21)-(115,24):undefined method: false#[]	residual
corpus/12-parsers/lisp_interp.rb	(116,32)-(116,36):undefined method: true#drop	residual
corpus/12-parsers/lisp_interp.rb	(116,32)-(116,36):undefined method: false#drop	residual
corpus/12-parsers/lisp_interp.rb	(116,32)-(116,36):undefined method: :quote#drop	residual
corpus/12-parsers/lisp_interp.rb	(116,32)-(116,36):... and other 2 errors	residual
corpus/12-parsers/lisp_interp.rb	(135,16)-(135,20):undefined method: nil#size	residual
corpus/12-parsers/lisp_interp.rb	(135,16)-(135,20):undefined method: true#size	residual
corpus/12-parsers/lisp_interp.rb	(135,16)-(135,20):undefined method: false#size	residual
corpus/12-parsers/lisp_interp.rb	(136,54)-(136,58):undefined method: nil#size	residual
corpus/12-parsers/lisp_interp.rb	(136,54)-(136,58):undefined method: true#size	residual
corpus/12-parsers/lisp_interp.rb	(136,54)-(136,58):undefined method: false#size	residual
corpus/12-parsers/lisp_interp.rb	(139,13)-(139,16):undefined method: nil#zip	residual
corpus/12-parsers/lisp_interp.rb	(139,13)-(139,16):undefined method: true#zip	residual
corpus/12-parsers/lisp_interp.rb	(139,13)-(139,16):undefined method: false#zip	residual
corpus/12-parsers/lisp_interp.rb	(139,13)-(139,16):... and other 2 errors	residual
corpus/12-parsers/markdown.rb	(11,23)-(11,27):undefined method: nil#gsub	V9
corpus/12-parsers/markdown.rb	(16,14)-(16,18):undefined method: nil#size	residual
corpus/12-parsers/markdown.rb	(17,9)-(17,12):undefined method: nil#[]	residual
corpus/12-parsers/markdown.rb	(19,20)-(19,25):undefined method: nil#index	residual
corpus/12-parsers/markdown.rb	(20,37)-(20,54):undefined method: nil#[]	residual
corpus/12-parsers/markdown.rb	(21,18)-(21,19):undefined method: nil#+	V8
corpus/12-parsers/markdown.rb	(24,23)-(24,30):undefined method: nil#[]	residual
corpus/12-parsers/markdown.rb	(25,20)-(25,25):undefined method: nil#index	residual
corpus/12-parsers/markdown.rb	(26,34)-(26,51):undefined method: nil#[]	residual
corpus/12-parsers/markdown.rb	(27,18)-(27,19):undefined method: nil#+	V8
corpus/12-parsers/markdown.rb	(31,20)-(31,25):undefined method: nil#index	residual
corpus/12-parsers/markdown.rb	(32,30)-(32,47):undefined method: nil#[]	residual
corpus/12-parsers/markdown.rb	(33,18)-(33,19):undefined method: nil#+	V8
corpus/12-parsers/markdown.rb	(37,14)-(37,19):undefined method: nil#index	residual
corpus/12-parsers/markdown.rb	(38,23)-(38,28):undefined method: nil#index	residual
corpus/12-parsers/markdown.rb	(40,29)-(40,48):undefined method: nil#[]	residual
corpus/12-parsers/markdown.rb	(40,35)-(40,36):undefined method: nil#+	V9
corpus/12-parsers/markdown.rb	(40,62)-(40,77):undefined method: nil#[]	residual
corpus/12-parsers/markdown.rb	(75,38)-(75,41):undefined method: nil#[]	V8
corpus/12-parsers/markdown.rb	(75,49)-(75,53):undefined method: nil#size	V9
corpus/12-parsers/markdown.rb	(75,45)-(75,48):undefined method: nil#[]	V8
corpus/12-parsers/markdown.rb	(80,17)-(80,20):undefined method: nil#[]	V8
corpus/12-parsers/markdown.rb	(83,17)-(83,20):undefined method: nil#[]	V8
corpus/12-parsers/markdown.rb	(86,17)-(86,20):undefined method: nil#[]	V8
corpus/12-parsers/markdown.rb	(91,14)-(91,19):undefined method: nil#lines	V10
corpus/12-parsers/markdown.rb	(93,24)-(93,26):undefined method: nil#+	residual
corpus/12-parsers/markdown.rb	(93,41)-(93,46):undefined method: nil#strip	V9
corpus/12-parsers/pratt_parser.rb	(68,41)-(68,45):undefined method: Array[String?]#to_i	V9
corpus/12-parsers/pratt_parser.rb	(134,16)-(134,17):failed to resolve overloads	V11
corpus/12-parsers/pratt_parser.rb	(152,12)-(152,16):wrong number of arguments (0 for 1)	residual
corpus/12-parsers/pratt_parser.rb	(155,12)-(155,15):undefined method: nil#sum	residual
corpus/12-parsers/pratt_parser.rb	(155,12)-(155,15):undefined method: true#sum	residual
corpus/12-parsers/pratt_parser.rb	(155,12)-(155,15):undefined method: false#sum	residual
corpus/12-parsers/pratt_parser.rb	(155,12)-(155,15):block is not expected	residual
corpus/12-parsers/pratt_parser.rb	(155,12)-(155,15):... and other 2 errors	residual
corpus/12-parsers/pratt_parser.rb	(161,11)-(161,15):undefined method: nil#kids	residual
corpus/12-parsers/pratt_parser.rb	(162,9)-(162,13):undefined method: nil#kind	residual
corpus/12-parsers/pratt_parser.rb	(163,26)-(163,31):undefined method: nil#value	residual
corpus/12-parsers/pratt_parser.rb	(165,71)-(165,76):undefined method: nil#value	residual
corpus/12-parsers/pratt_parser.rb	(165,45)-(165,50):undefined method: nil#value	residual
corpus/12-parsers/pratt_parser.rb	(166,10)-(166,15):undefined method: nil#value	residual
corpus/12-parsers/pratt_parser.rb	(179,67)-(179,71):undefined method: nil#kind	residual
corpus/12-parsers/pratt_parser.rb	(180,19)-(180,24):undefined method: nil#value	residual
corpus/12-parsers/pratt_parser.rb	(182,11)-(182,16):undefined method: nil#value	residual
corpus/12-parsers/query_engine.rb	(64,40)-(64,46):undefined method: Array[String?]#upcase	V9
corpus/12-parsers/query_engine.rb	(80,25)-(80,31):undefined method: Array[String?]#match?	V9
corpus/12-parsers/query_engine.rb	(80,13)-(80,17):undefined method: Array[String?]#to_i	V9
corpus/12-parsers/query_engine.rb	(81,28)-(81,39):undefined method: Array[String?]#start_with?	V9
corpus/12-parsers/query_engine.rb	(87,12)-(87,18):undefined method: Array[String?]#upcase	V9
corpus/12-parsers/query_engine.rb	(99,17)-(99,23):undefined method: Array[String?]#upcase	V9
corpus/12-parsers/query_engine.rb	(163,60)-(163,64):failed to resolve overloads	V1
corpus/12-parsers/query_engine.rb	(177,27)-(177,31):failed to resolve overloads	V1
corpus/12-parsers/query_engine.rb	(180,28)-(180,33):wrong number of arguments (1 for 0)	residual
corpus/12-parsers/query_engine.rb	(189,28)-(189,33):wrong number of arguments (1 for 0)	residual
corpus/12-parsers/regex_matcher.rb	(16,28)-(16,36):undefined method: nil#include?	V9
corpus/12-parsers/regex_matcher.rb	(29,9)-(29,10):undefined method: nil#+	residual
corpus/12-parsers/regex_matcher.rb	(42,28)-(42,31):undefined method: nil#ord	V9
corpus/12-parsers/regex_matcher.rb	(42,35)-(42,38):undefined method: nil#ord	V9
corpus/06-linked/lfu_cache_buckets.rb	(39,9)-(39,13):undefined method: nil#prev	V10
corpus/06-linked/lfu_cache_buckets.rb	(39,26)-(39,30):undefined method: nil#next=	V10
corpus/06-linked/lfu_cache_buckets.rb	(39,21)-(39,25):undefined method: nil#prev	V10
corpus/06-linked/lfu_cache_buckets.rb	(39,38)-(39,42):undefined method: nil#next	V10
corpus/06-linked/lfu_cache_buckets.rb	(39,58)-(39,62):undefined method: nil#next	V10
corpus/06-linked/lfu_cache_buckets.rb	(40,9)-(40,13):undefined method: nil#next	V10
corpus/06-linked/lfu_cache_buckets.rb	(40,26)-(40,30):undefined method: nil#prev=	V10
corpus/06-linked/lfu_cache_buckets.rb	(40,21)-(40,25):undefined method: nil#next	V10
corpus/06-linked/lfu_cache_buckets.rb	(40,38)-(40,42):undefined method: nil#prev	V10
corpus/06-linked/lfu_cache_buckets.rb	(40,58)-(40,62):undefined method: nil#prev	V10
corpus/06-linked/lfu_cache_buckets.rb	(79,19)-(79,23):undefined method: nil#head	V10
corpus/06-linked/lfu_cache_buckets.rb	(80,10)-(80,16):undefined method: nil#remove	V10
corpus/06-linked/lfu_cache_buckets.rb	(81,27)-(81,30):undefined method: nil#key	V10
corpus/06-linked/lfu_cache_buckets.rb	(82,30)-(82,33):undefined method: nil#key	V10
corpus/06-linked/lfu_cache_buckets.rb	(82,47)-(82,51):undefined method: nil#freq	V10
corpus/06-linked/lfu_cache_buckets.rb	(83,30)-(83,36):undefined method: nil#empty?	V10
corpus/06-linked/lfu_cache_buckets.rb	(86,27)-(86,31):undefined method: nil#freq	V7
corpus/06-linked/lfu_cache_buckets.rb	(88,17)-(88,21):undefined method: nil#prev=	V10
corpus/06-linked/lfu_cache_buckets.rb	(92,10)-(92,16):undefined method: nil#append	V7
corpus/06-linked/lfu_cache_buckets.rb	(109,6)-(109,10):undefined method: nil#prev	V10
corpus/06-linked/lfu_cache_buckets.rb	(109,20)-(109,24):undefined method: nil#next=	V10
corpus/06-linked/lfu_cache_buckets.rb	(109,15)-(109,19):undefined method: nil#prev	V10
corpus/06-linked/lfu_cache_buckets.rb	(109,29)-(109,33):undefined method: nil#next	V10
corpus/06-linked/lfu_cache_buckets.rb	(109,48)-(109,52):undefined method: nil#next	V10
corpus/06-linked/lfu_cache_buckets.rb	(110,30)-(110,34):undefined method: nil#next	V10
corpus/06-linked/lfu_cache_buckets.rb	(110,11)-(110,15):undefined method: nil#prev=	V10
corpus/06-linked/lfu_cache_buckets.rb	(110,6)-(110,10):undefined method: nil#next	V10
corpus/06-linked/lfu_cache_buckets.rb	(110,20)-(110,24):undefined method: nil#prev	V10
corpus/06-linked/lfu_cache_buckets.rb	(115,15)-(115,19):undefined method: nil#next	V7
corpus/06-linked/lfu_cache_buckets.rb	(116,29)-(116,33):undefined method: nil#freq	V7
corpus/06-linked/lfu_cache_buckets.rb	(116,39)-(116,43):undefined method: nil#freq	V7
corpus/06-linked/lfu_cache_buckets.rb	(117,28)-(117,32):undefined method: nil#freq	V7
corpus/06-linked/lfu_cache_buckets.rb	(118,18)-(118,22):undefined method: nil#prev=	V10
corpus/06-linked/lfu_cache_buckets.rb	(119,8)-(119,12):undefined method: nil#next=	V7
corpus/06-linked/lfu_cache_buckets.rb	(121,6)-(121,12):undefined method: nil#remove	V7
corpus/06-linked/lfu_cache_buckets.rb	(122,11)-(122,17):undefined method: nil#append	V7
corpus/06-linked/lfu_cache_buckets.rb	(123,24)-(123,30):undefined method: nil#empty?	V7
corpus/06-linked/lfu_cache_buckets.rb	(150,16)-(150,17):undefined method: nil#+	V8
corpus/06-linked/list_toolkit.rb	(58,13)-(58,17):undefined method: nil#tail=	V10
corpus/06-linked/list_toolkit.rb	(121,7)-(121,8):failed to resolve overloads	V5
corpus/06-linked/list_toolkit.rb	(144,9)-(144,13):undefined method: singleton(L)#from	V5
corpus/06-linked/list_toolkit.rb	(145,21)-(145,25):undefined method: singleton(L)#show	V5
corpus/06-linked/list_toolkit.rb	(145,44)-(145,50):undefined method: singleton(L)#length	V5
corpus/06-linked/list_toolkit.rb	(146,21)-(146,33):undefined method: singleton(L)#kth_from_end	V5
corpus/06-linked/list_toolkit.rb	(146,59)-(146,71):undefined method: singleton(L)#kth_from_end	V5
corpus/06-linked/list_toolkit.rb	(147,2)-(147,9):undefined method: singleton(L)#dedupe!	V5
corpus/06-linked/list_toolkit.rb	(148,21)-(148,25):undefined method: singleton(L)#show	V5
corpus/06-linked/list_toolkit.rb	(149,14)-(149,23):undefined method: singleton(L)#partition	V5
corpus/06-linked/list_toolkit.rb	(150,21)-(150,25):undefined method: singleton(L)#show	V5
corpus/06-linked/list_toolkit.rb	(151,21)-(151,25):undefined method: singleton(L)#show	V5
corpus/06-linked/list_toolkit.rb	(152,21)-(152,25):undefined method: singleton(L)#fold	V5
corpus/06-linked/list_toolkit.rb	(152,58)-(152,62):undefined method: singleton(L)#fold	V5
corpus/06-linked/list_toolkit.rb	(153,11)-(153,21):undefined method: singleton(L)#interleave	V5
corpus/06-linked/list_toolkit.rb	(154,21)-(154,25):undefined method: singleton(L)#show	V5
corpus/06-linked/list_toolkit.rb	(156,13)-(156,25):undefined method: singleton(L)#rotate_right	V5
corpus/06-linked/list_toolkit.rb	(157,26)-(157,30):undefined method: singleton(L)#show	V5
corpus/06-linked/list_toolkit.rb	(159,21)-(159,25):undefined method: singleton(L)#show	V5
corpus/06-linked/list_toolkit.rb	(159,28)-(159,35):undefined method: singleton(L)#reverse	V5
corpus/06-linked/list_toolkit.rb	(162,12)-(162,16):undefined method: singleton(L)#from	V5
corpus/06-linked/list_toolkit.rb	(163,13)-(163,24):undefined method: singleton(L)#palindrome?	V5
corpus/06-linked/list_toolkit.rb	(164,70)-(164,74):undefined method: singleton(L)#to_a	V5
corpus/06-linked/list_toolkit.rb	(167,10)-(167,14):undefined method: singleton(L)#from	V5
corpus/06-linked/list_toolkit.rb	(168,2)-(168,9):undefined method: singleton(L)#dedupe!	V5
corpus/06-linked/list_toolkit.rb	(169,16)-(169,25):undefined method: singleton(L)#partition	V5
corpus/06-linked/list_toolkit.rb	(170,21)-(170,25):undefined method: singleton(L)#show	V5
corpus/06-linked/list_toolkit.rb	(171,21)-(171,25):undefined method: singleton(L)#show	V5
corpus/06-linked/list_toolkit.rb	(171,46)-(171,50):undefined method: singleton(L)#show	V5
corpus/06-linked/list_toolkit.rb	(172,21)-(172,25):undefined method: singleton(L)#fold	V5
corpus/06-linked/list_toolkit.rb	(172,28)-(172,38):undefined method: singleton(L)#interleave	V5
corpus/06-linked/list_toolkit.rb	(173,21)-(173,25):undefined method: singleton(L)#show	V5
corpus/06-linked/list_toolkit.rb	(173,28)-(173,40):undefined method: singleton(L)#rotate_right	V5
corpus/06-linked/list_toolkit.rb	(173,55)-(173,66):undefined method: singleton(L)#palindrome?	V5
corpus/06-linked/list_toolkit.rb	(173,77)-(173,89):undefined method: singleton(L)#kth_from_end	V5
corpus/06-linked/lru_cache.rb	(46,27)-(46,30):undefined method: nil#key	V10
corpus/06-linked/lru_cache.rb	(47,25)-(47,28):undefined method: nil#key	V10
corpus/06-linked/lru_cache.rb	(73,9)-(73,13):undefined method: nil#prev	V10
corpus/06-linked/lru_cache.rb	(74,13)-(74,17):undefined method: nil#next=	V10
corpus/06-linked/lru_cache.rb	(74,8)-(74,12):undefined method: nil#prev	V10
corpus/06-linked/lru_cache.rb	(74,22)-(74,26):undefined method: nil#next	V10
corpus/06-linked/lru_cache.rb	(76,18)-(76,22):undefined method: nil#next	V10
corpus/06-linked/lru_cache.rb	(78,9)-(78,13):undefined method: nil#next	V10
corpus/06-linked/lru_cache.rb	(79,13)-(79,17):undefined method: nil#prev=	V10
corpus/06-linked/lru_cache.rb	(79,8)-(79,12):undefined method: nil#next	V10
corpus/06-linked/lru_cache.rb	(79,22)-(79,26):undefined method: nil#prev	V10
corpus/06-linked/lru_cache.rb	(81,18)-(81,22):undefined method: nil#prev	V10
corpus/06-linked/lru_cache.rb	(83,6)-(83,10):undefined method: nil#prev=	V10
corpus/06-linked/lru_cache.rb	(84,6)-(84,10):undefined method: nil#next=	V10
corpus/06-linked/markup_tag_checker.rb	(44,27)-(44,32):undefined method: nil#match	V9
corpus/06-linked/markup_tag_checker.rb	(45,20)-(45,25):undefined method: nil#begin	V9
corpus/06-linked/markup_tag_checker.rb	(46,17)-(46,20):undefined method: nil#[]	V9
corpus/06-linked/markup_tag_checker.rb	(47,14)-(47,17):undefined method: nil#[]	V9
corpus/06-linked/markup_tag_checker.rb	(48,22)-(48,25):undefined method: nil#[]	V9
corpus/06-linked/markup_tag_checker.rb	(52,18)-(52,22):undefined method: nil#name	V7
corpus/06-linked/markup_tag_checker.rb	(53,20)-(53,26):undefined method: nil#parent	V7
corpus/06-linked/markup_tag_checker.rb	(57,24)-(57,30):undefined method: nil#parent	V10
corpus/06-linked/markup_tag_checker.rb	(60,38)-(60,42):undefined method: nil#line	V10
corpus/06-linked/markup_tag_checker.rb	(60,48)-(60,51):undefined method: nil#col	V10
corpus/06-linked/markup_tag_checker.rb	(60,61)-(60,65):undefined method: nil#name	V10
corpus/06-linked/markup_tag_checker.rb	(61,24)-(61,30):undefined method: nil#parent	V10
corpus/06-linked/markup_tag_checker.rb	(67,79)-(67,83):undefined method: nil#name	V7
corpus/06-linked/markup_tag_checker.rb	(75,15)-(75,18):undefined method: nil#end	V9
corpus/06-linked/markup_tag_checker.rb	(100,28)-(100,32):undefined method: Integer#line	V4
corpus/06-linked/markup_tag_checker.rb	(100,36)-(100,39):undefined method: Integer#col	V4
corpus/06-linked/markup_tag_checker.rb	(100,66)-(100,70):undefined method: Integer#line	V4
corpus/06-linked/markup_tag_checker.rb	(100,76)-(100,79):undefined method: Integer#col	V4
corpus/06-linked/markup_tag_checker.rb	(100,85)-(100,89):undefined method: Integer#text	V4
corpus/06-linked/merge_log_streams.rb	(56,9)-(56,11):undefined method: nil#<=	V10
corpus/06-linked/merge_log_streams.rb	(58,12)-(58,16):undefined method: nil#next	V10
corpus/06-linked/merge_log_streams.rb	(61,12)-(61,16):undefined method: nil#next	V10
corpus/06-linked/merge_log_streams.rb	(72,7)-(72,11):undefined method: nil#next=	V7
corpus/06-linked/merge_log_streams.rb	(78,14)-(78,18):undefined method: nil#next	V7
corpus/06-linked/merge_log_streams.rb	(80,16)-(80,20):undefined method: nil#next	V10
corpus/06-linked/merge_log_streams.rb	(81,21)-(81,25):undefined method: nil#next	V10
corpus/06-linked/merge_log_streams.rb	(81,16)-(81,20):undefined method: nil#next	V10
corpus/06-linked/merge_log_streams.rb	(83,16)-(83,20):undefined method: nil#next	V10
corpus/06-linked/merge_log_streams.rb	(84,7)-(84,11):undefined method: nil#next=	V10
corpus/06-linked/merge_log_streams.rb	(89,35)-(89,39):undefined method: nil#next	V7
corpus/06-linked/merge_log_streams.rb	(122,2)-(122,6):wrong type of arguments	V1
corpus/16-dates/activity_heatmap.rb	(13,4)-(13,6):undefined method: nil#+	failed@V6
corpus/16-dates/activity_heatmap.rb	(23,17)-(23,18):undefined method: nil#+	failed@V6
corpus/16-dates/activity_heatmap.rb	(27,9)-(27,10):undefined method: nil#*	failed@V6
corpus/16-dates/activity_heatmap.rb	(87,42)-(87,43):undefined method: nil#-	failed@V6
corpus/16-dates/activity_heatmap.rb	(92,52)-(92,54):failed to resolve overloads	failed@V6
corpus/16-dates/activity_heatmap.rb	(96,38)-(96,40):failed to resolve overloads	failed@V6
corpus/16-dates/activity_heatmap.rb	(100,35)-(100,36):expected: Comparable | Array[...]; actual: nil	failed@V6
corpus/16-dates/age_calculator.rb	(79,22)-(79,23):undefined method: nil#+	V9
corpus/16-dates/billing_cycles.rb	(51,13)-(51,14):failed to resolve overloads	V11
corpus/16-dates/billing_cycles.rb	(55,18)-(55,19):undefined method: Array[untyped]#%	V3
corpus/16-dates/billing_cycles.rb	(55,18)-(55,19):undefined method: Array[untyped]#%	V3
corpus/16-dates/billing_cycles.rb	(55,32)-(55,33):undefined method: Array[untyped]#%	V3
corpus/16-dates/billing_cycles.rb	(55,32)-(55,33):undefined method: Array[untyped]#%	V3
corpus/16-dates/billing_cycles.rb	(55,49)-(55,50):undefined method: Array[untyped]#%	V3
corpus/16-dates/billing_cycles.rb	(55,49)-(55,50):undefined method: Array[untyped]#%	V3
corpus/16-dates/billing_cycles.rb	(60,8)-(60,13):undefined method: nil#match	residual
corpus/16-dates/billing_cycles.rb	(62,4)-(62,12):undefined method: nil#captures	V7
corpus/16-dates/billing_cycles.rb	(73,9)-(73,10):wrong type of arguments	V3
corpus/16-dates/billing_cycles.rb	(87,51)-(87,52):failed to resolve overloads	V11
corpus/16-dates/calendar_systems.rb	(9,12)-(9,18):undefined method: CalendarDate#to_jdn	residual
corpus/16-dates/calendar_systems.rb	(10,25)-(10,31):undefined method: CalendarDate#to_jdn	residual
corpus/16-dates/calendar_systems.rb	(11,42)-(11,48):undefined method: CalendarDate#to_jdn	residual
corpus/16-dates/calendar_systems.rb	(12,45)-(12,51):undefined method: CalendarDate#to_jdn	residual
corpus/16-dates/calendar_systems.rb	(115,37)-(115,38):undefined method: Numeric#*	V2
corpus/16-dates/calendar_systems.rb	(115,55)-(115,56):undefined method: Numeric#*	V2
corpus/16-dates/calendar_systems.rb	(115,69)-(115,70):undefined method: Numeric#*	V2
corpus/16-dates/calendar_systems.rb	(115,84)-(115,85):undefined method: Numeric#*	V2
corpus/11-simulation/bank_ledger.rb	(149,34)-(149,38):wrong type of arguments	V1
corpus/11-simulation/car_rental.rb	(90,26)-(90,27):undefined method: nil#*	V9
corpus/11-simulation/checkout_lanes.rb	(16,61)-(16,63):undefined method: nil#<=	residual
corpus/11-simulation/checkout_lanes.rb	(18,38)-(18,39):failed to resolve overloads	V11
corpus/11-simulation/checkout_lanes.rb	(18,46)-(18,47):undefined method: nil#*	residual
corpus/11-simulation/checkout_lanes.rb	(23,9)-(23,10):failed to resolve overloads	V11
corpus/11-simulation/checkout_lanes.rb	(30,22)-(30,23):failed to resolve overloads	V11
corpus/11-simulation/checkout_lanes.rb	(32,32)-(32,33):failed to resolve overloads	residual
corpus/11-simulation/checkout_lanes.rb	(54,9)-(54,13):undefined method: String#open=	residual
corpus/11-simulation/checkout_lanes.rb	(59,27)-(59,40):undefined method: nil#expected_wait	V7
corpus/11-simulation/checkout_lanes.rb	(62,13)-(62,18):undefined method: nil#queue	V7
corpus/11-simulation/checkout_lanes.rb	(66,17)-(66,18):wrong type of arguments	residual
corpus/11-simulation/checkout_lanes.rb	(87,86)-(87,88):undefined method: nil#>=	residual
corpus/02-analytics/language_guess.rb	(63,37)-(63,38):wrong type of arguments	V1
corpus/02-analytics/log_summary.rb	(39,33)-(39,37):undefined method: nil#gsub	failed@V6
corpus/02-analytics/log_summary.rb	(43,28)-(43,36):undefined method: :level#call	failed@V6
corpus/02-analytics/log_summary.rb	(43,28)-(43,36):undefined method: :level#call	failed@V6
corpus/02-analytics/log_summary.rb	(43,28)-(43,36):undefined method: :component#call	failed@V6
corpus/02-analytics/log_summary.rb	(43,28)-(43,36):undefined method: :component#call	failed@V6
corpus/02-analytics/log_summary.rb	(43,28)-(43,36):undefined method: :hour#call	failed@V6
corpus/02-analytics/log_summary.rb	(43,28)-(43,36):undefined method: :hour#call	failed@V6
corpus/02-analytics/log_summary.rb	(89,61)-(89,62):wrong type of arguments	failed@V6
corpus/02-analytics/log_summary.rb	(93,16)-(93,21):undefined method: nil#match	failed@V6
corpus/02-analytics/log_summary.rb	(96,31)-(96,32):expected: Comparable | Array[...]; actual: nil	failed@V6
corpus/02-analytics/log_summary.rb	(103,16)-(103,21):undefined method: nil#match	failed@V6
corpus/02-analytics/near_duplicates.rb	(23,13)-(23,14):wrong type of arguments	V1
corpus/02-analytics/near_duplicates.rb	(23,13)-(23,14):wrong type of arguments	V1
corpus/02-analytics/near_duplicates.rb	(25,5)-(25,6):wrong type of arguments	V1
corpus/02-analytics/near_duplicates.rb	(25,5)-(25,6):wrong type of arguments	V1
corpus/02-analytics/near_duplicates.rb	(30,27)-(30,28):undefined method: Numeric#*	V2
corpus/04-numeric/bezier_curves.rb	(1,38)-(1,39):undefined method: nil#+	residual
corpus/04-numeric/bezier_curves.rb	(1,44)-(1,45):undefined method: nil#-	residual
corpus/04-numeric/bezier_curves.rb	(1,58)-(1,59):undefined method: nil#+	residual
corpus/04-numeric/bezier_curves.rb	(1,64)-(1,65):undefined method: nil#-	residual
corpus/04-numeric/bezier_curves.rb	(3,36)-(3,41):wrong type of arguments	V11
corpus/04-numeric/bezier_curves.rb	(3,45)-(3,46):undefined method: nil#-	residual
corpus/04-numeric/bezier_curves.rb	(3,54)-(3,55):undefined method: nil#-	residual
corpus/04-numeric/bezier_curves.rb	(22,6)-(22,8):failed to resolve overloads	V11
corpus/04-numeric/bezier_curves.rb	(22,11)-(22,12):failed to resolve overloads	residual
corpus/04-numeric/bezier_curves.rb	(23,6)-(23,8):failed to resolve overloads	V11
corpus/04-numeric/bezier_curves.rb	(23,11)-(23,12):failed to resolve overloads	residual
corpus/04-numeric/bezier_curves.rb	(68,19)-(68,20):undefined method: nil#-	V9
corpus/04-numeric/bezier_curves.rb	(69,19)-(69,20):undefined method: nil#+	V9
corpus/04-numeric/correlation_matrix.rb	(23,11)-(23,12):failed to resolve overloads	V11
corpus/04-numeric/correlation_matrix.rb	(24,15)-(24,16):failed to resolve overloads	V11
corpus/04-numeric/correlation_matrix.rb	(25,8)-(25,10):failed to resolve overloads	V11
corpus/04-numeric/correlation_matrix.rb	(26,8)-(26,10):failed to resolve overloads	V11
corpus/04-numeric/correlation_matrix.rb	(27,8)-(27,10):failed to resolve overloads	V11
corpus/04-numeric/correlation_matrix.rb	(30,13)-(30,17):wrong type of arguments	V1
corpus/04-numeric/correlation_matrix.rb	(35,40)-(35,43):failed to resolve overloads	V6
corpus/04-numeric/correlation_matrix.rb	(35,40)-(35,43):failed to resolve overloads	V6
corpus/04-numeric/correlation_matrix.rb	(80,49)-(80,52):undefined method: nil#abs	V7
corpus/04-numeric/correlation_matrix.rb	(80,68)-(80,71):undefined method: nil#abs	V7
corpus/04-numeric/correlation_matrix.rb	(80,64)-(80,67):undefined method: nil#[]	V7
corpus/04-numeric/correlation_matrix.rb	(93,40)-(93,44):wrong type of arguments	V1
corpus/04-numeric/correlation_matrix.rb	(100,15)-(100,18):wrong type of arguments	V1
corpus/04-numeric/correlation_matrix.rb	(101,16)-(101,20):wrong type of arguments	V1
corpus/04-numeric/correlation_matrix.rb	(104,16)-(104,19):wrong type of arguments	V1
corpus/04-numeric/correlation_matrix.rb	(104,45)-(104,48):wrong type of arguments	V1
corpus/04-numeric/correlation_matrix.rb	(105,16)-(105,19):wrong type of arguments	V1
corpus/04-numeric/correlation_matrix.rb	(105,45)-(105,48):wrong type of arguments	V1
corpus/04-numeric/curve_fitting.rb	(11,52)-(11,53):undefined method: nil#-	V9
corpus/04-numeric/curve_fitting.rb	(11,54)-(11,61):undefined method: Model#predict	residual
corpus/04-numeric/curve_fitting.rb	(12,26)-(12,30):wrong type of arguments	V11
corpus/04-numeric/curve_fitting.rb	(17,13)-(17,16):wrong type of arguments	V11
corpus/04-numeric/curve_fitting.rb	(17,34)-(17,41):undefined method: Model#nparams	residual
corpus/04-numeric/curve_fitting.rb	(29,66)-(29,67):failed to resolve overloads	residual
corpus/04-numeric/curve_fitting.rb	(43,29)-(43,32):wrong type of arguments	residual
corpus/04-numeric/curve_fitting.rb	(57,23)-(57,27):wrong type of arguments	V1
corpus/04-numeric/curve_fitting.rb	(71,34)-(71,35):failed to resolve overloads	residual
corpus/04-numeric/curve_fitting.rb	(75,45)-(75,46):failed to resolve overloads	residual
corpus/04-numeric/curve_fitting.rb	(84,52)-(84,53):undefined method: nil#*	V9
corpus/04-numeric/curve_fitting.rb	(90,37)-(90,40):wrong type of arguments	V1
corpus/04-numeric/curve_fitting.rb	(91,20)-(91,23):wrong type of arguments	residual
corpus/04-numeric/curve_fitting.rb	(116,30)-(116,38):undefined method: nil#describe	V9
corpus/04-numeric/curve_fitting.rb	(117,50)-(117,57):undefined method: nil#predict	V9
corpus/04-numeric/curve_fitting.rb	(118,23)-(118,32):undefined method: nil#residuals	V9
corpus/04-numeric/curve_fitting.rb	(118,60)-(118,63):undefined method: nil#abs	V9
corpus/14-errors/csv_import.rb	(15,28)-(15,29):undefined method: Array[untyped]#%	V3
corpus/14-errors/csv_import.rb	(15,43)-(15,44):undefined method: Array[untyped]#%	V3
corpus/14-errors/csv_import.rb	(15,59)-(15,60):undefined method: Array[untyped]#%	V3
corpus/14-errors/csv_import.rb	(30,27)-(30,28):undefined method: nil#<	V7
corpus/14-errors/csv_import.rb	(72,26)-(72,27):undefined method: nil#*	V9
corpus/20-business/invoice_generator.rb	(51,18)-(51,19):undefined method: nil#*	V9
corpus/20-business/invoice_generator.rb	(61,7)-(61,10):failed to resolve overloads	residual
corpus/20-business/invoice_generator.rb	(61,14)-(61,19):undefined method: nil#split	V9
corpus/20-business/invoice_generator.rb	(94,24)-(94,25):undefined method: nil#+	V9
corpus/20-business/invoice_generator.rb	(132,24)-(132,27):undefined method: nil#[]	V9
corpus/20-business/invoice_generator.rb	(132,31)-(132,34):undefined method: nil#[]	V9
corpus/20-business/invoice_generator.rb	(132,37)-(132,40):undefined method: nil#[]	V9
corpus/20-business/invoice_generator.rb	(132,43)-(132,46):undefined method: nil#[]	V9
corpus/20-business/invoice_generator.rb	(132,54)-(132,57):undefined method: nil#[]	V9
corpus/20-business/invoice_generator.rb	(162,13)-(162,17):undefined method: nil#date	V9
corpus/20-business/invoice_generator.rb	(162,26)-(162,30):undefined method: nil#date	V9
corpus/20-business/invoice_generator.rb	(163,27)-(163,31):undefined method: nil#date	V9
corpus/20-business/invoice_generator.rb	(163,61)-(163,65):undefined method: nil#date	V9
corpus/20-business/parking_garage.rb	(44,9)-(44,10):wrong type of arguments	V3
corpus/20-business/parking_garage.rb	(49,18)-(49,20):undefined method: Array[untyped]#<=	V3
corpus/20-business/parking_garage.rb	(49,35)-(49,42):undefined method: Array[untyped]#ceildiv	V3
corpus/20-business/parking_garage.rb	(72,42)-(72,46):undefined method: nil#size	V4
corpus/20-business/parking_garage.rb	(72,51)-(72,56):undefined method: Integer#level	V4
corpus/20-business/parking_garage.rb	(72,51)-(72,56):undefined method: nil#level	V4
corpus/20-business/parking_garage.rb	(73,9)-(73,14):undefined method: nil#plate=	V9
corpus/20-business/parking_garage.rb	(73,9)-(73,14):undefined method: Integer#plate=	V4
corpus/20-business/parking_garage.rb	(75,37)-(75,39):undefined method: nil#id	V9
corpus/20-business/parking_garage.rb	(75,37)-(75,39):undefined method: Integer#id	V4
corpus/20-business/parking_garage.rb	(90,9)-(90,14):undefined method: nil#plate=	V9
corpus/20-business/parking_garage.rb	(125,77)-(125,78):undefined method: Array[untyped]#/	V3
corpus/20-business/parking_garage.rb	(125,88)-(125,89):undefined method: Array[untyped]#%	V3
corpus/20-business/rental_fleet.rb	(49,15)-(49,16):undefined method: Numeric#*	V2
corpus/20-business/rental_fleet.rb	(49,61)-(49,62):undefined method: Numeric#*	V2
corpus/20-business/rental_fleet.rb	(74,45)-(74,46):undefined method: nil#>	V9
corpus/20-business/rental_fleet.rb	(74,53)-(74,54):undefined method: nil#+	V9
corpus/20-business/rental_fleet.rb	(87,58)-(87,59):undefined method: nil#-	V9
corpus/07-trees/interval_bookings.rb	(36,4)-(36,8):undefined method: Array[String]#to_i	V3
corpus/07-trees/interval_bookings.rb	(43,20)-(43,27):undefined method: nil#booking	V7
corpus/07-trees/interval_bookings.rb	(44,9)-(44,13):undefined method: nil#left=	V7
corpus/07-trees/interval_bookings.rb	(44,28)-(44,32):undefined method: nil#left	V7
corpus/07-trees/interval_bookings.rb	(46,9)-(46,14):undefined method: nil#right=	V7
corpus/07-trees/interval_bookings.rb	(46,29)-(46,34):undefined method: nil#right	V7
corpus/07-trees/interval_bookings.rb	(48,45)-(48,52):undefined method: nil#max_end	V7
corpus/07-trees/interval_bookings.rb	(48,7)-(48,14):undefined method: nil#max_end=	V7
corpus/07-trees/interval_bookings.rb	(55,34)-(55,41):undefined method: nil#max_end	V10
corpus/07-trees/interval_bookings.rb	(61,34)-(61,41):undefined method: nil#max_end	V7
corpus/07-trees/interval_bookings.rb	(62,20)-(62,24):undefined method: nil#left	V7
corpus/07-trees/interval_bookings.rb	(63,30)-(63,37):undefined method: nil#booking	V7
corpus/07-trees/interval_bookings.rb	(63,14)-(63,21):undefined method: nil#booking	V7
corpus/07-trees/interval_bookings.rb	(64,46)-(64,53):undefined method: nil#booking	V7
corpus/07-trees/interval_bookings.rb	(64,20)-(64,25):undefined method: nil#right	V7
corpus/07-trees/interval_bookings.rb	(70,16)-(70,20):undefined method: nil#left	V7
corpus/07-trees/interval_bookings.rb	(71,14)-(71,21):undefined method: nil#booking	V7
corpus/07-trees/interval_bookings.rb	(72,16)-(72,21):undefined method: nil#right	V7
corpus/07-trees/ip_route_trie.rb	(34,15)-(34,20):undefined method: Array[String]#split	V3
corpus/07-trees/ip_route_trie.rb	(46,48)-(46,50):wrong type of arguments	V3
corpus/07-trees/ip_route_trie.rb	(46,35)-(46,37):wrong type of arguments	V3
corpus/07-trees/ip_route_trie.rb	(46,55)-(46,56):failed to resolve overloads	V3
corpus/07-trees/ip_route_trie.rb	(57,21)-(57,26):undefined method: Array[String]#split	V3
corpus/07-trees/ip_route_trie.rb	(64,20)-(64,24):undefined method: nil#zero=	V10
corpus/07-trees/ip_route_trie.rb	(64,20)-(64,24):undefined method: nil#zero	V10
corpus/07-trees/ip_route_trie.rb	(66,20)-(66,23):undefined method: nil#one=	V10
corpus/07-trees/ip_route_trie.rb	(66,20)-(66,23):undefined method: nil#one	V10
corpus/07-trees/ip_route_trie.rb	(69,15)-(69,20):undefined method: nil#route	V10
corpus/07-trees/ip_route_trie.rb	(70,34)-(70,40):undefined method: nil#metric	V7
corpus/07-trees/ip_route_trie.rb	(72,9)-(72,14):undefined method: nil#route=	V10
corpus/07-trees/ip_route_trie.rb	(81,42)-(81,46):undefined method: nil#zero	V10
corpus/07-trees/ip_route_trie.rb	(81,54)-(81,57):undefined method: nil#one	V10
corpus/07-trees/ip_route_trie.rb	(83,18)-(83,23):undefined method: nil#route	V10
corpus/07-trees/ip_route_trie.rb	(94,40)-(94,44):undefined method: nil#zero	V7
corpus/07-trees/ip_route_trie.rb	(94,52)-(94,55):undefined method: nil#one	V7
corpus/07-trees/ip_route_trie.rb	(97,25)-(97,30):undefined method: nil#route	V7
corpus/07-trees/ip_route_trie.rb	(98,9)-(98,14):undefined method: nil#route=	V7
corpus/07-trees/ip_route_trie.rb	(111,29)-(111,34):undefined method: nil#route	V7
corpus/07-trees/ip_route_trie.rb	(111,15)-(111,20):undefined method: nil#route	V7
corpus/07-trees/ip_route_trie.rb	(112,14)-(112,18):undefined method: nil#zero	V7
corpus/07-trees/ip_route_trie.rb	(113,14)-(113,17):undefined method: nil#one	V7
corpus/07-trees/ip_route_trie.rb	(116,51)-(116,55):undefined method: nil#zero	V7
corpus/07-trees/ip_route_trie.rb	(116,70)-(116,73):undefined method: nil#one	V7
corpus/07-trees/ip_route_trie.rb	(147,47)-(147,52):undefined method: nil#iface	V10
corpus/07-trees/ip_route_trie.rb	(147,64)-(147,70):undefined method: nil#prefix	V10
corpus/07-trees/ip_route_trie.rb	(147,75)-(147,78):undefined method: nil#len	V10
corpus/07-trees/ip_route_trie.rb	(156,48)-(156,53):undefined method: nil#iface	V7
corpus/07-trees/kd_tree.rb	(46,11)-(46,16):undefined method: nil#place	V7
corpus/07-trees/kd_tree.rb	(52,34)-(52,35):failed to resolve overloads	V3
corpus/07-trees/kd_tree.rb	(52,15)-(52,19):undefined method: nil#axis	V7
corpus/07-trees/kd_tree.rb	(52,49)-(52,53):undefined method: nil#axis	V7
corpus/07-trees/kd_tree.rb	(53,31)-(53,35):undefined method: nil#left	V7
corpus/07-trees/kd_tree.rb	(53,42)-(53,47):undefined method: nil#right	V7
corpus/07-trees/kd_tree.rb	(53,57)-(53,62):undefined method: nil#right	V7
corpus/07-trees/kd_tree.rb	(53,69)-(53,73):undefined method: nil#left	V7
corpus/07-trees/kd_tree.rb	(60,11)-(60,16):undefined method: nil#place	V7
corpus/07-trees/kd_tree.rb	(69,34)-(69,35):failed to resolve overloads	V3
corpus/07-trees/kd_tree.rb	(69,15)-(69,19):undefined method: nil#axis	V7
corpus/07-trees/kd_tree.rb	(69,49)-(69,53):undefined method: nil#axis	V7
corpus/07-trees/kd_tree.rb	(70,31)-(70,35):undefined method: nil#left	V7
corpus/07-trees/kd_tree.rb	(70,42)-(70,47):undefined method: nil#right	V7
corpus/07-trees/kd_tree.rb	(70,57)-(70,62):undefined method: nil#right	V7
corpus/07-trees/kd_tree.rb	(70,69)-(70,73):undefined method: nil#left	V7
corpus/07-trees/kd_tree.rb	(79,11)-(79,16):undefined method: nil#place	V7
corpus/07-trees/kd_tree.rb	(81,19)-(81,23):undefined method: nil#axis	V7
corpus/07-trees/kd_tree.rb	(82,16)-(82,20):undefined method: nil#axis	V7
corpus/07-trees/kd_tree.rb	(83,47)-(83,49):wrong type of arguments	V3
corpus/07-trees/kd_tree.rb	(83,14)-(83,18):undefined method: nil#left	V7
corpus/07-trees/kd_tree.rb	(84,48)-(84,50):wrong type of arguments	V3
corpus/07-trees/kd_tree.rb	(84,14)-(84,19):undefined method: nil#right	V7
corpus/07-trees/kd_tree.rb	(88,52)-(88,56):undefined method: nil#left	V7
corpus/07-trees/kd_tree.rb	(88,71)-(88,76):undefined method: nil#right	V7
corpus/07-trees/kd_tree.rb	(115,70)-(115,75):undefined method: nil#place	V10
corpus/07-trees/kd_tree.rb	(122,15)-(122,19):undefined method: nil#name	V10
corpus/07-trees/kd_tree.rb	(122,29)-(122,33):undefined method: nil#name	V9
corpus/07-trees/kd_tree.rb	(124,28)-(124,32):undefined method: nil#name	V10
corpus/07-trees/kd_tree.rb	(124,39)-(124,43):wrong type of arguments	V1
corpus/07-trees/kd_tree.rb	(129,43)-(129,47):wrong type of arguments	V3
corpus/07-trees/lazy_seat_inventory.rb	(28,36)-(28,37):undefined method: nil#<	V10
corpus/07-trees/lazy_seat_inventory.rb	(107,13)-(107,14):undefined method: nil#<	V10
corpus/01-text/template_render.rb	(27,29)-(27,34):wrong type of arguments	V11
corpus/01-text/template_render.rb	(34,7)-(34,12):undefined method: Array[untyped]#split	V3
corpus/01-text/text_box.rb	(56,52)-(56,53):wrong type of arguments	V11
corpus/01-text/text_box.rb	(92,33)-(92,37):wrong type of arguments	V11
corpus/01-text/text_stats.rb	(16,23)-(16,31):undefined method: nil#downcase	V9
corpus/01-text/text_stats.rb	(19,11)-(19,14):undefined method: Array[String?]#sub	V9
corpus/01-text/text_stats.rb	(25,55)-(25,56):failed to resolve overloads	V11
corpus/01-text/text_stats.rb	(25,62)-(25,63):failed to resolve overloads	V11
corpus/01-text/text_stats.rb	(66,43)-(66,48):undefined method: Array[String?]#ljust	V9
corpus/01-text/whitespace_tidy.rb	(23,25)-(23,29):undefined method: nil#size	V9
corpus/01-text/whitespace_tidy.rb	(23,37)-(23,43):undefined method: nil#lstrip	V9
corpus/01-text/whitespace_tidy.rb	(25,24)-(25,29):undefined method: nil#strip	V9
corpus/01-text/whitespace_tidy.rb	(42,51)-(42,54):undefined method: nil#[]	V9
corpus/01-text/whitespace_tidy.rb	(49,17)-(49,18):undefined method: Numeric#*	V2
corpus/01-text/whitespace_tidy.rb	(49,40)-(49,46):undefined method: nil#lstrip	V9
corpus/01-text/whitespace_tidy.rb	(56,14)-(56,20):undefined method: nil#empty?	V9
corpus/01-text/word_wrap.rb	(32,34)-(32,40):undefined method: nil#lstrip	V9
corpus/01-text/word_wrap.rb	(37,12)-(37,17):undefined method: nil#words	V7
corpus/01-text/word_wrap.rb	(45,13)-(45,17):undefined method: nil#size	V9
corpus/01-text/word_wrap.rb	(46,18)-(46,29):undefined method: nil#[]	V9
corpus/01-text/word_wrap.rb	(47,15)-(47,24):undefined method: nil#[]	V9
corpus/01-text/word_wrap.rb	(49,29)-(49,35):undefined method: nil#empty?	V9
corpus/01-text/word_wrap.rb	(58,14)-(58,20):undefined method: nil#empty?	V9
corpus/01-text/word_wrap.rb	(60,17)-(60,21):undefined method: nil#size	V9
corpus/01-text/word_wrap.rb	(60,34)-(60,38):undefined method: nil#size	V9
corpus/01-text/word_wrap.rb	(61,20)-(61,21):undefined method: nil#+	V9
corpus/01-text/word_wrap.rb	(68,28)-(68,34):undefined method: nil#empty?	V9
corpus/15-data/fulfillment_report.rb	(122,15)-(122,20):undefined method: nil#price	residual
corpus/15-data/fulfillment_report.rb	(124,16)-(124,24):undefined method: nil#weight_g	residual
corpus/15-data/fulfillment_report.rb	(125,21)-(125,29):undefined method: nil#category	residual
corpus/15-data/fulfillment_report.rb	(125,21)-(125,29):undefined method: nil#category	residual
corpus/15-data/fulfillment_report.rb	(154,59)-(154,60):failed to resolve overloads	V11
corpus/15-data/fx_conversion.rb	(51,28)-(51,30):undefined method: Array[String]#<=	V3
corpus/15-data/fx_conversion.rb	(67,28)-(67,29):undefined method: nil#*	V9
corpus/15-data/fx_conversion.rb	(90,52)-(90,53):failed to resolve overloads	residual
corpus/15-data/grade_book.rb	(67,7)-(67,11):wrong type of arguments	V11
corpus/15-data/grade_book.rb	(67,28)-(67,29):failed to resolve overloads	V11
corpus/15-data/grade_book.rb	(76,35)-(76,40):undefined method: nil#round	residual
corpus/15-data/grade_book.rb	(76,52)-(76,57):undefined method: nil#round	V7
corpus/08-graphs/critical_path.rb	(33,23)-(33,28):undefined method: nil#split	V9
corpus/08-graphs/critical_path.rb	(97,30)-(97,35):undefined method: nil#title	V9
corpus/08-graphs/critical_path.rb	(97,45)-(97,50):undefined method: nil#slack	V9
corpus/08-graphs/currency_paths.rb	(37,25)-(37,26):undefined method: nil#*	V9
corpus/08-graphs/currency_paths.rb	(48,20)-(48,21):undefined method: nil#<	V9
corpus/08-graphs/currency_paths.rb	(50,22)-(50,23):undefined method: nil#<	V9
corpus/08-graphs/currency_paths.rb	(53,32)-(53,33):undefined method: nil#*	V9
corpus/08-graphs/currency_paths.rb	(53,25)-(53,26):undefined method: nil#*	V9
corpus/08-graphs/dot_stats.rb	(40,11)-(40,14):undefined method: nil#[]	V8
corpus/08-graphs/dot_stats.rb	(40,18)-(40,21):undefined method: nil#[]	V8
corpus/08-graphs/dot_stats.rb	(41,26)-(41,29):undefined method: nil#[]	V8
corpus/08-graphs/dot_stats.rb	(41,36)-(41,39):undefined method: nil#[]	V8
corpus/08-graphs/dot_stats.rb	(42,18)-(42,21):undefined method: nil#[]	V8
corpus/08-graphs/dot_stats.rb	(43,18)-(43,21):undefined method: nil#[]	V8
corpus/08-graphs/dot_stats.rb	(45,18)-(45,21):undefined method: nil#[]	V8
corpus/08-graphs/dot_stats.rb	(71,40)-(71,41):undefined method: nil#<	residual
corpus/20-business/expense_tracker.rb	(99,66)-(99,71):undefined method: nil#rjust	V9
corpus/20-business/expense_tracker.rb	(134,12)-(134,13):undefined method: nil#-	V9
corpus/20-business/expense_tracker.rb	(141,27)-(141,28):undefined method: nil#<	V7
corpus/20-business/expense_tracker.rb	(143,43)-(143,47):undefined method: nil#date	V9
corpus/20-business/expense_tracker.rb	(143,57)-(143,65):undefined method: nil#merchant	V9
corpus/20-business/expense_tracker.rb	(143,75)-(143,81):undefined method: nil#amount	V9
corpus/20-business/gym_membership.rb	(54,21)-(54,25):undefined method: Array[String]#to_i	V3
corpus/20-business/gym_membership.rb	(65,22)-(65,23):failed to resolve overloads	V3
corpus/20-business/gym_membership.rb	(66,70)-(66,71):undefined method: nil#*	residual
corpus/20-business/inventory_reorder.rb	(61,7)-(61,11):wrong type of arguments	V11
corpus/20-business/inventory_reorder.rb	(61,28)-(61,29):failed to resolve overloads	V11
corpus/20-business/inventory_reorder.rb	(113,46)-(113,50):wrong type of arguments	V1
corpus/20-business/inventory_reorder.rb	(117,13)-(117,17):wrong type of arguments	V11
corpus/20-business/inventory_reorder.rb	(117,20)-(117,21):failed to resolve overloads	V11
corpus/20-business/inventory_reorder.rb	(120,15)-(120,16):wrong type of arguments	V11
corpus/19-statemachines/dfa_minimize.rb	(16,9)-(16,18):undefined method: Array[Array[untyped] | String]#each_char	V11
corpus/19-statemachines/dfa_minimize.rb	(72,60)-(72,61):wrong type of arguments	V11
corpus/19-statemachines/elevator.rb	(33,16)-(33,17):undefined method: nil#>	V9
corpus/19-statemachines/elevator.rb	(107,52)-(107,54):wrong type of arguments	residual
corpus/19-statemachines/elevator.rb	(109,67)-(109,68):failed to resolve overloads	residual
corpus/19-statemachines/enemy_ai.rb	(9,28)-(9,29):undefined method: nil#+	residual
corpus/19-statemachines/enemy_ai.rb	(9,42)-(9,43):undefined method: nil#+	residual
corpus/19-statemachines/enemy_ai.rb	(10,28)-(10,29):undefined method: nil#-	residual
corpus/19-statemachines/enemy_ai.rb	(10,42)-(10,43):undefined method: nil#-	residual
corpus/19-statemachines/enemy_ai.rb	(12,21)-(12,24):undefined method: nil#abs	residual
corpus/19-statemachines/enemy_ai.rb	(12,30)-(12,33):undefined method: nil#abs	residual
corpus/19-statemachines/enemy_ai.rb	(13,24)-(13,29):undefined method: nil#clamp	residual
corpus/19-statemachines/enemy_ai.rb	(13,41)-(13,46):undefined method: nil#clamp	residual
corpus/19-statemachines/event_sourcing.rb	(84,12)-(84,19):undefined method: Transferred#account	residual
corpus/19-statemachines/event_sourcing.rb	(86,35)-(86,40):undefined method: Deposited#owner	residual
corpus/19-statemachines/event_sourcing.rb	(86,35)-(86,40):undefined method: Withdrawn#owner	residual
corpus/19-statemachines/event_sourcing.rb	(86,35)-(86,40):undefined method: Transferred#owner	residual
corpus/19-statemachines/event_sourcing.rb	(86,35)-(86,40):... and other 1 errors	residual
corpus/19-statemachines/event_sourcing.rb	(88,34)-(88,41):undefined method: Transferred#account	residual
corpus/19-statemachines/event_sourcing.rb	(89,23)-(89,29):undefined method: Opened#amount	residual
corpus/19-statemachines/event_sourcing.rb	(89,23)-(89,29):undefined method: Closed#amount	residual
corpus/19-statemachines/event_sourcing.rb	(91,34)-(91,41):undefined method: Transferred#account	residual
corpus/19-statemachines/event_sourcing.rb	(92,85)-(92,91):undefined method: Opened#amount	residual
corpus/19-statemachines/event_sourcing.rb	(92,85)-(92,91):undefined method: Closed#amount	residual
corpus/19-statemachines/event_sourcing.rb	(93,23)-(93,29):undefined method: Opened#amount	residual
corpus/19-statemachines/event_sourcing.rb	(93,23)-(93,29):undefined method: Closed#amount	residual
corpus/19-statemachines/event_sourcing.rb	(95,33)-(95,37):undefined method: Opened#from	residual
corpus/19-statemachines/event_sourcing.rb	(95,33)-(95,37):undefined method: Deposited#from	residual
corpus/19-statemachines/event_sourcing.rb	(95,33)-(95,37):undefined method: Withdrawn#from	residual
corpus/19-statemachines/event_sourcing.rb	(95,33)-(95,37):... and other 1 errors	residual
corpus/19-statemachines/event_sourcing.rb	(96,33)-(96,35):undefined method: Opened#to	residual
corpus/19-statemachines/event_sourcing.rb	(96,33)-(96,35):undefined method: Deposited#to	residual
corpus/19-statemachines/event_sourcing.rb	(96,33)-(96,35):undefined method: Withdrawn#to	residual
corpus/19-statemachines/event_sourcing.rb	(96,33)-(96,35):... and other 1 errors	residual
corpus/19-statemachines/event_sourcing.rb	(97,83)-(97,89):undefined method: Opened#amount	residual
corpus/19-statemachines/event_sourcing.rb	(97,83)-(97,89):undefined method: Closed#amount	residual
corpus/19-statemachines/event_sourcing.rb	(98,22)-(98,28):undefined method: Opened#amount	residual
corpus/19-statemachines/event_sourcing.rb	(98,22)-(98,28):undefined method: Closed#amount	residual
corpus/19-statemachines/event_sourcing.rb	(99,22)-(99,28):undefined method: Opened#amount	residual
corpus/19-statemachines/event_sourcing.rb	(99,22)-(99,28):undefined method: Closed#amount	residual
corpus/19-statemachines/event_sourcing.rb	(101,34)-(101,41):undefined method: Transferred#account	residual
corpus/10-grids/battleship.rb	(35,16)-(35,17):failed to resolve overloads	V5
corpus/10-grids/battleship.rb	(65,17)-(65,22):undefined method: singleton(Coord)#parse	V5
corpus/10-grids/battleship.rb	(70,62)-(70,66):wrong type of arguments	V5
corpus/10-grids/battleship.rb	(72,66)-(72,70):wrong type of arguments	V5
corpus/10-grids/battleship.rb	(78,16)-(78,21):undefined method: singleton(Coord)#parse	V5
corpus/10-grids/battleship.rb	(133,0)-(133,4):wrong type of arguments	V1
corpus/10-grids/battleship.rb	(142,33)-(142,38):undefined method: singleton(Coord)#parse	V5
corpus/10-grids/battleship.rb	(156,0)-(156,4):wrong type of arguments	V1
corpus/10-grids/chess_attacks.rb	(44,39)-(44,40):failed to resolve overloads	residual
corpus/10-grids/chess_attacks.rb	(44,58)-(44,59):undefined method: nil#+	residual
corpus/10-grids/chess_attacks.rb	(120,13)-(120,14):undefined method: Piece#+	residual
corpus/10-grids/chess_attacks.rb	(125,51)-(125,52):undefined method: Piece#+	residual
corpus/10-grids/connect_four.rb	(27,51)-(27,52):undefined method: nil#<	V9
corpus/10-grids/connect_four.rb	(27,62)-(27,64):undefined method: nil#>=	V9
corpus/10-grids/connect_four.rb	(38,11)-(38,12):undefined method: nil#+	residual
corpus/10-grids/connect_four.rb	(39,11)-(39,12):undefined method: nil#+	V9
corpus/10-grids/connect_four.rb	(109,2)-(109,6):wrong type of arguments	V1
corpus/10-grids/crossword.rb	(128,0)-(128,4):wrong type of arguments	V1
corpus/10-grids/falling_sand.rb	(66,2)-(66,6):wrong type of arguments	V1
corpus/10-grids/falling_sand.rb	(76,6)-(76,10):wrong type of arguments	V1
corpus/10-grids/falling_sand.rb	(80,2)-(80,6):wrong type of arguments	V1
corpus/11-simulation/inventory_reorder.rb	(63,10)-(63,17):undefined method: nil#on_hand=	V9
corpus/11-simulation/inventory_reorder.rb	(63,10)-(63,17):undefined method: nil#on_hand	V9
corpus/11-simulation/inventory_reorder.rb	(64,52)-(64,56):undefined method: nil#name	V9
corpus/11-simulation/inventory_reorder.rb	(74,17)-(74,24):undefined method: nil#on_hand	V9
corpus/11-simulation/inventory_reorder.rb	(77,10)-(77,17):undefined method: nil#on_hand=	V9
corpus/11-simulation/inventory_reorder.rb	(79,35)-(79,44):undefined method: nil#unit_cost	V9
corpus/11-simulation/inventory_reorder.rb	(80,67)-(80,71):undefined method: nil#name	V9
corpus/11-simulation/inventory_reorder.rb	(91,15)-(91,22):undefined method: nil#on_hand	V7
corpus/11-simulation/inventory_reorder.rb	(93,8)-(93,15):undefined method: nil#on_hand=	V7
corpus/11-simulation/inventory_reorder.rb	(94,33)-(94,42):undefined method: nil#unit_cost	V7
corpus/11-simulation/inventory_reorder.rb	(101,54)-(101,58):undefined method: nil#name	V7
corpus/11-simulation/inventory_reorder.rb	(108,29)-(108,30):failed to resolve overloads	V11
corpus/11-simulation/library_loans.rb	(78,80)-(78,81):undefined method: nil#+	V9
corpus/11-simulation/library_loans.rb	(94,31)-(94,39):undefined method: nil#renewals	V7
corpus/11-simulation/library_loans.rb	(97,11)-(97,19):undefined method: nil#renewals=	V7
corpus/11-simulation/library_loans.rb	(97,11)-(97,19):undefined method: nil#renewals	V7
corpus/11-simulation/library_loans.rb	(98,11)-(98,18):undefined method: nil#due_day=	V7
corpus/11-simulation/library_loans.rb	(98,11)-(98,18):undefined method: nil#due_day	V7
corpus/11-simulation/library_loans.rb	(99,56)-(99,63):undefined method: nil#due_day	V7
corpus/11-simulation/life_torus.rb	(49,43)-(49,44):undefined method: Numeric#*	V2
corpus/11-simulation/order_book.rb	(45,48)-(45,49):undefined method: nil#>	V10
corpus/11-simulation/order_book.rb	(45,58)-(45,59):undefined method: nil#<	V10
corpus/11-simulation/order_book.rb	(59,29)-(59,31):undefined method: nil#>=	V10
corpus/11-simulation/order_book.rb	(59,53)-(59,55):undefined method: nil#<=	V10
corpus/11-simulation/order_book.rb	(107,14)-(107,15):undefined method: nil#-	V10
corpus/11-simulation/order_book.rb	(111,57)-(111,58):undefined method: nil#/	V7
corpus/11-simulation/order_book.rb	(111,66)-(111,67):undefined method: nil#%	V7
corpus/07-trees/dom_tree.rb	(34,6)-(34,10):undefined method: nil#scan	V9
corpus/07-trees/dom_tree.rb	(44,25)-(44,30):undefined method: nil#strip	V9
corpus/07-trees/dom_tree.rb	(45,14)-(45,22):undefined method: nil#children	V10
corpus/07-trees/dom_tree.rb	(48,15)-(48,24):undefined method: nil#pre_match	V9
corpus/07-trees/dom_tree.rb	(49,12)-(49,20):undefined method: nil#children	V10
corpus/07-trees/dom_tree.rb	(50,11)-(50,14):undefined method: nil#[]	V9
corpus/07-trees/dom_tree.rb	(51,8)-(51,11):undefined method: nil#[]	V9
corpus/07-trees/dom_tree.rb	(52,17)-(52,20):undefined method: nil#tag	V10
corpus/07-trees/dom_tree.rb	(53,67)-(53,70):undefined method: nil#tag	V10
corpus/07-trees/dom_tree.rb	(53,83)-(53,88):undefined method: nil#begin	V9
corpus/07-trees/dom_tree.rb	(55,24)-(55,30):undefined method: nil#parent	V10
corpus/07-trees/dom_tree.rb	(57,41)-(57,44):undefined method: nil#[]	V9
corpus/07-trees/dom_tree.rb	(58,14)-(58,22):undefined method: nil#children	V10
corpus/07-trees/dom_tree.rb	(59,49)-(59,58):undefined method: nil#end_with?	V9
corpus/07-trees/dom_tree.rb	(59,45)-(59,48):undefined method: nil#[]	V9
corpus/07-trees/dom_tree.rb	(61,13)-(61,16):undefined method: nil#end	V9
corpus/07-trees/dom_tree.rb	(63,45)-(63,48):undefined method: nil#tag	V10
corpus/07-trees/dom_tree.rb	(73,13)-(73,18):undefined method: Array[String]#match	V3
corpus/07-trees/dom_tree.rb	(75,21)-(75,29):undefined method: nil#captures	V7
corpus/07-trees/dom_tree.rb	(107,17)-(107,23):undefined method: nil#parent	V10
corpus/07-trees/dom_tree.rb	(108,12)-(108,18):undefined method: nil#parent	V10
corpus/07-trees/expression_tree.rb	(109,12)-(109,18):undefined method: Array[String?]#match?	V9
corpus/07-trees/expression_tree.rb	(110,34)-(110,38):undefined method: Array[String?]#to_f	V9
corpus/07-trees/expression_tree.rb	(110,52)-(110,56):undefined method: Array[String?]#to_i	V9
corpus/07-trees/expression_tree.rb	(111,12)-(111,18):undefined method: Array[String?]#match?	V9
corpus/07-trees/expression_tree.rb	(130,20)-(130,21):undefined method: nil#+	residual
corpus/07-trees/expression_tree.rb	(131,20)-(131,21):undefined method: nil#-	residual
corpus/07-trees/expression_tree.rb	(132,20)-(132,21):undefined method: nil#*	residual
corpus/07-trees/expression_tree.rb	(132,20)-(132,21):undefined method: Numeric#*	residual
corpus/07-trees/expression_tree.rb	(133,20)-(133,21):undefined method: nil#/	residual
corpus/07-trees/expression_tree.rb	(133,20)-(133,21):undefined method: Numeric#/	residual
corpus/07-trees/expression_tree.rb	(134,10)-(134,12):undefined method: nil#**	residual
corpus/07-trees/expression_tree.rb	(134,10)-(134,12):undefined method: Numeric#**	residual
corpus/07-trees/expression_tree.rb	(198,73)-(198,74):undefined method: nil#-	residual
corpus/07-trees/fenwick_ranks.rb	(64,56)-(64,61):undefined method: Integer#count	residual
corpus/07-trees/fenwick_ranks.rb	(64,70)-(64,71):wrong type of arguments	V11
corpus/07-trees/filesystem_du.rb	(4,6)-(4,16):wrong number of arguments (1 for 2)	residual
corpus/07-trees/filesystem_du.rb	(18,59)-(18,62):wrong type of arguments	residual
corpus/07-trees/filesystem_du.rb	(100,11)-(100,14):wrong type of arguments	residual
corpus/07-trees/filesystem_du.rb	(104,22)-(104,27):undefined method: Array[String]#split	V3
corpus/07-trees/filesystem_du.rb	(126,14)-(126,16):failed to resolve overloads	V3
corpus/07-trees/heap_scheduler.rb	(56,28)-(56,29):undefined method: nil#<	V6
corpus/07-trees/heap_scheduler.rb	(68,40)-(68,41):undefined method: nil#<	V6
corpus/07-trees/heap_scheduler.rb	(69,40)-(69,41):undefined method: nil#<	V6
corpus/07-trees/heap_scheduler.rb	(87,25)-(87,30):undefined method: Array[String]#strip	V3
corpus/07-trees/heap_scheduler.rb	(118,12)-(118,16):undefined method: nil#name	failed@V11
corpus/07-trees/heap_scheduler.rb	(118,26)-(118,27):failed to resolve overloads	failed@V11
corpus/07-trees/heap_scheduler.rb	(118,32)-(118,39):undefined method: nil#arrival	failed@V11
corpus/07-trees/heap_scheduler.rb	(119,74)-(119,82):undefined method: nil#duration	failed@V11
corpus/07-trees/heap_scheduler.rb	(120,8)-(120,10):failed to resolve overloads	failed@V11
corpus/07-trees/heap_scheduler.rb	(120,15)-(120,23):undefined method: nil#duration	failed@V11
corpus/07-trees/heap_scheduler.rb	(125,27)-(125,30):undefined method: nil#[]	V9
corpus/07-trees/heap_scheduler.rb	(125,40)-(125,43):undefined method: nil#[]	V9
corpus/18-collections/range_set.rb	(102,38)-(102,43):undefined method: nil#begin	V9
corpus/18-collections/range_set.rb	(102,55)-(102,58):undefined method: nil#end	V9
corpus/18-collections/role_permissions.rb	(61,10)-(61,15):wrong type of arguments	V1
corpus/18-collections/role_permissions.rb	(61,10)-(61,15):wrong type of arguments	V1
corpus/18-collections/role_permissions.rb	(61,10)-(61,15):wrong type of arguments	V1
corpus/18-collections/role_permissions.rb	(67,48)-(67,49):wrong type of arguments	V1
corpus/18-collections/role_permissions.rb	(68,6)-(68,7):wrong type of arguments	V1
corpus/18-collections/role_permissions.rb	(76,20)-(76,21):wrong type of arguments	V1
corpus/18-collections/role_permissions.rb	(76,20)-(76,21):wrong type of arguments	V1
corpus/18-collections/role_permissions.rb	(76,20)-(76,21):wrong type of arguments	V1
corpus/18-collections/role_permissions.rb	(100,21)-(100,22):wrong type of arguments	V1
corpus/18-collections/role_permissions.rb	(101,21)-(101,22):wrong type of arguments	V1
corpus/18-collections/role_permissions.rb	(107,44)-(107,53):wrong type of arguments	V11
corpus/18-collections/role_permissions.rb	(107,44)-(107,53):wrong type of arguments	V11
corpus/18-collections/role_permissions.rb	(107,44)-(107,53):wrong type of arguments	V11
corpus/18-collections/sales_pivot.rb	(78,73)-(78,81):undefined method: nil#[]	failed@V6
corpus/18-collections/sales_pivot.rb	(78,84)-(78,94):undefined method: nil#[]	failed@V6
corpus/18-collections/sales_pivot.rb	(78,97)-(78,109):undefined method: nil#[]	failed@V6
corpus/18-collections/sales_pivot.rb	(83,47)-(83,48):undefined method: nil#-	failed@V6
corpus/18-collections/sales_pivot.rb	(85,43)-(85,44):expected: Comparable | Array[...]; actual: nil	failed@V6
corpus/18-collections/sensor_merge.rb	(6,7)-(6,11):undefined method: Array[String]#to_i	V3
corpus/18-collections/sensor_merge.rb	(33,15)-(33,16):wrong type of arguments	V1
corpus/18-collections/sensor_merge.rb	(35,23)-(35,24):wrong type of arguments	V1
corpus/18-collections/sensor_merge.rb	(35,67)-(35,68):wrong type of arguments	V1
corpus/18-collections/sensor_merge.rb	(40,40)-(40,41):wrong type of arguments	V1
corpus/18-collections/sensor_merge.rb	(67,35)-(67,36):undefined method: nil#>	V10
corpus/18-collections/sensor_merge.rb	(67,47)-(67,49):undefined method: nil#>=	V9
corpus/08-graphs/exam_slots.rb	(45,33)-(45,34):wrong type of arguments	V1
corpus/08-graphs/exam_slots.rb	(70,20)-(70,21):wrong type of arguments	V4
corpus/08-graphs/exam_slots.rb	(93,48)-(93,49):undefined method: nil#+	V10
corpus/08-graphs/floyd_transit.rb	(20,8)-(20,11):failed to resolve overloads	V11
corpus/08-graphs/floyd_transit.rb	(20,21)-(20,24):failed to resolve overloads	V11
corpus/08-graphs/floyd_transit.rb	(21,7)-(21,10):failed to resolve overloads	V11
corpus/08-graphs/floyd_transit.rb	(22,7)-(22,10):failed to resolve overloads	V11
corpus/08-graphs/floyd_transit.rb	(37,26)-(37,27):undefined method: nil#+	V7
corpus/08-graphs/floyd_transit.rb	(38,26)-(38,27):undefined method: nil#+	V7
corpus/08-graphs/friend_groups.rb	(94,36)-(94,40):undefined method: nil#size	V9
corpus/08-graphs/kruskal_network.rb	(12,38)-(12,44):failed to resolve overloads	V11
corpus/08-graphs/kruskal_network.rb	(12,18)-(12,24):failed to resolve overloads	V11
corpus/08-graphs/kruskal_network.rb	(13,17)-(13,20):failed to resolve overloads	V11
corpus/08-graphs/kruskal_network.rb	(14,35)-(14,38):failed to resolve overloads	V11
corpus/08-graphs/kruskal_network.rb	(14,6)-(14,16):failed to resolve overloads	V11
corpus/08-graphs/kruskal_network.rb	(23,28)-(23,32):failed to resolve overloads	V11
corpus/08-graphs/kruskal_network.rb	(23,40)-(23,44):failed to resolve overloads	V11
corpus/08-graphs/kruskal_network.rb	(24,11)-(24,15):failed to resolve overloads	V11
corpus/08-graphs/kruskal_network.rb	(25,27)-(25,31):failed to resolve overloads	V11
corpus/08-graphs/kruskal_network.rb	(25,40)-(25,44):failed to resolve overloads	V11
corpus/08-graphs/kruskal_network.rb	(25,4)-(25,18):failed to resolve overloads	V11
corpus/08-graphs/kruskal_network.rb	(25,4)-(25,18):failed to resolve overloads	V11
corpus/08-graphs/kruskal_network.rb	(56,24)-(56,25):undefined method: nil#a	residual
corpus/08-graphs/kruskal_network.rb	(56,36)-(56,37):undefined method: nil#b	residual
corpus/12-parsers/csv_parser.rb	(105,24)-(105,26):failed to resolve overloads	V11
corpus/12-parsers/forth.rb	(34,22)-(34,26):undefined method: nil#size	V8
corpus/12-parsers/forth.rb	(35,17)-(35,20):undefined method: nil#[]	V8
corpus/12-parsers/forth.rb	(44,48)-(44,51):undefined method: nil#[]	V8
corpus/12-parsers/forth.rb	(49,21)-(49,25):undefined method: nil#size	V8
corpus/12-parsers/forth.rb	(50,16)-(50,19):undefined method: nil#[]	V8
corpus/12-parsers/forth.rb	(53,22)-(53,27):undefined method: nil#index	V8
corpus/12-parsers/forth.rb	(55,20)-(55,27):undefined method: nil#[]	V8
corpus/12-parsers/forth.rb	(55,44)-(55,60):undefined method: nil#[]	V8
corpus/12-parsers/forth.rb	(58,14)-(58,15):undefined method: nil#+	V7
corpus/12-parsers/forth.rb	(60,25)-(60,29):undefined method: nil#size	V8
corpus/12-parsers/forth.rb	(60,40)-(60,43):undefined method: nil#[]	V8
corpus/12-parsers/forth.rb	(61,25)-(61,28):undefined method: nil#[]	V8
corpus/12-parsers/forth.rb	(64,70)-(64,74):undefined method: nil#size	V8
corpus/12-parsers/forth.rb	(65,23)-(65,26):undefined method: nil#[]	V8
corpus/12-parsers/forth.rb	(81,17)-(81,19):undefined method: nil#+	residual
corpus/12-parsers/forth.rb	(81,17)-(81,19):undefined method: false#+	residual
corpus/12-parsers/forth.rb	(82,20)-(82,21):undefined method: nil#<	residual
corpus/12-parsers/forth.rb	(82,20)-(82,21):undefined method: false#<	residual
corpus/12-parsers/forth.rb	(112,24)-(112,25):undefined method: nil#+	residual
corpus/12-parsers/forth.rb	(112,24)-(112,25):undefined method: false#+	residual
corpus/12-parsers/forth.rb	(113,24)-(113,25):undefined method: nil#-	residual
corpus/12-parsers/forth.rb	(113,24)-(113,25):undefined method: false#-	residual
corpus/12-parsers/forth.rb	(114,24)-(114,25):undefined method: nil#*	residual
corpus/12-parsers/forth.rb	(114,24)-(114,25):undefined method: Numeric#*	V2
corpus/12-parsers/forth.rb	(114,24)-(114,25):undefined method: false#*	residual
corpus/12-parsers/forth.rb	(115,24)-(115,25):undefined method: nil#/	residual
corpus/12-parsers/forth.rb	(115,24)-(115,25):undefined method: Numeric#/	V2
corpus/12-parsers/forth.rb	(115,24)-(115,25):undefined method: false#/	residual
corpus/12-parsers/forth.rb	(116,26)-(116,27):undefined method: nil#%	residual
corpus/12-parsers/forth.rb	(116,26)-(116,27):undefined method: false#%	residual
corpus/12-parsers/forth.rb	(118,29)-(118,30):undefined method: nil#<	residual
corpus/12-parsers/forth.rb	(118,29)-(118,30):undefined method: false#<	residual
corpus/12-parsers/forth.rb	(119,29)-(119,30):undefined method: nil#>	residual
corpus/12-parsers/forth.rb	(119,29)-(119,30):undefined method: false#>	residual
corpus/12-parsers/forth.rb	(120,26)-(120,27):undefined method: Numeric#&	V2
corpus/12-parsers/forth.rb	(138,33)-(138,36):undefined method: nil#chr	residual
corpus/12-parsers/forth.rb	(138,33)-(138,36):undefined method: Numeric#chr	V2
corpus/12-parsers/forth.rb	(138,33)-(138,36):undefined method: false#chr	residual
corpus/12-parsers/indent_lexer.rb	(19,38)-(19,39):failed to resolve overloads	V11
corpus/12-parsers/indent_lexer.rb	(37,74)-(37,82):undefined method: nil#include?	V9
corpus/12-parsers/ini_parser.rb	(47,14)-(47,17):undefined method: nil#[]	V8
corpus/12-parsers/ini_parser.rb	(53,29)-(53,37):undefined method: nil#downcase	V9
corpus/12-parsers/ini_parser.rb	(53,25)-(53,28):undefined method: nil#[]	V8
corpus/12-parsers/ini_parser.rb	(53,44)-(53,47):undefined method: nil#sub	V9
corpus/12-parsers/ini_parser.rb	(53,40)-(53,43):undefined method: nil#[]	V8
corpus/12-parsers/ini_parser.rb	(108,35)-(108,38):undefined method: nil#raw	V7
corpus/12-parsers/ini_parser.rb	(110,46)-(110,50):undefined method: nil#line	V7
corpus/12-parsers/json_parser.rb	(43,24)-(43,30):undefined method: nil#match?	V7
corpus/12-parsers/json_parser.rb	(45,23)-(45,34):undefined method: nil#start_with?	V9
corpus/12-parsers/json_parser.rb	(48,23)-(48,34):undefined method: nil#start_with?	V9
corpus/12-parsers/json_parser.rb	(51,23)-(51,34):undefined method: nil#start_with?	V9
corpus/12-parsers/json_parser.rb	(116,31)-(116,34):undefined method: nil#hex	V9
corpus/12-parsers/json_parser.rb	(128,21)-(128,26):undefined method: nil#match	V9
corpus/12-parsers/json_parser.rb	(161,16)-(161,21):undefined method: Array[String?]#match	V9
corpus/12-parsers/json_parser.rb	(163,11)-(163,14):undefined method: nil#[]	V8
corpus/12-parsers/json_parser.rb	(198,37)-(198,38):undefined method: true#*	residual
corpus/12-parsers/json_parser.rb	(198,37)-(198,38):undefined method: false#*	residual
corpus/12-parsers/json_parser.rb	(198,37)-(198,38):undefined method: nil#*	V10
corpus/12-parsers/json_parser.rb	(198,37)-(198,38):... and other 1 errors	V10
corpus/12-parsers/json_parser.rb	(198,27)-(198,36):undefined method: true#[]	residual
corpus/12-parsers/json_parser.rb	(198,27)-(198,36):undefined method: false#[]	residual
corpus/12-parsers/json_parser.rb	(198,27)-(198,36):undefined method: nil#[]	V10
corpus/12-parsers/json_parser.rb	(198,27)-(198,36):failed to resolve overloads	residual
corpus/12-parsers/json_parser.rb	(198,27)-(198,36):... and other 1 errors	V10
corpus/12-parsers/json_parser.rb	(198,40)-(198,49):undefined method: true#[]	residual
corpus/12-parsers/json_parser.rb	(198,40)-(198,49):undefined method: false#[]	residual
corpus/12-parsers/json_parser.rb	(198,40)-(198,49):undefined method: nil#[]	V10
corpus/12-parsers/json_parser.rb	(198,40)-(198,49):failed to resolve overloads	residual
corpus/12-parsers/json_parser.rb	(198,40)-(198,49):... and other 1 errors	V10
corpus/12-parsers/json_parser.rb	(200,36)-(200,44):undefined method: true#include?	residual
corpus/12-parsers/json_parser.rb	(200,36)-(200,44):undefined method: false#include?	residual
corpus/12-parsers/json_parser.rb	(200,36)-(200,44):undefined method: nil#include?	V10
corpus/12-parsers/json_parser.rb	(200,36)-(200,44):... and other 2 errors	V10
corpus/12-parsers/json_parser.rb	(200,27)-(200,35):undefined method: true#[]	residual
corpus/12-parsers/json_parser.rb	(200,27)-(200,35):undefined method: false#[]	residual
corpus/12-parsers/json_parser.rb	(200,27)-(200,35):undefined method: nil#[]	V10
corpus/12-parsers/json_parser.rb	(200,27)-(200,35):failed to resolve overloads	residual
corpus/12-parsers/json_parser.rb	(200,27)-(200,35):... and other 1 errors	V10
corpus/12-parsers/json_parser.rb	(201,35)-(201,44):undefined method: true#[]	residual
corpus/12-parsers/json_parser.rb	(201,35)-(201,44):undefined method: false#[]	residual
corpus/12-parsers/json_parser.rb	(201,35)-(201,44):undefined method: nil#[]	V10
corpus/12-parsers/json_parser.rb	(201,35)-(201,44):failed to resolve overloads	residual
corpus/12-parsers/json_parser.rb	(201,35)-(201,44):... and other 1 errors	V10
corpus/11-simulation/teller_queue_des.rb	(38,21)-(38,22):undefined method: Numeric#*	V2
corpus/11-simulation/teller_queue_des.rb	(39,12)-(39,13):undefined method: Numeric#/	V2
corpus/11-simulation/teller_queue_des.rb	(105,13)-(105,17):undefined method: nil#time	residual
corpus/11-simulation/teller_queue_des.rb	(106,11)-(106,19):undefined method: nil#customer	residual
corpus/11-simulation/teller_queue_des.rb	(107,12)-(107,16):undefined method: nil#kind	residual
corpus/11-simulation/teller_queue_des.rb	(116,17)-(116,23):undefined method: nil#teller	residual
corpus/11-simulation/teller_queue_des.rb	(125,24)-(125,26):failed to resolve overloads	V11
corpus/11-simulation/teller_queue_des.rb	(143,34)-(143,35):failed to resolve overloads	V11
corpus/11-simulation/teller_queue_des.rb	(149,31)-(149,32):wrong type of arguments	V11
corpus/11-simulation/thermostat_house.rb	(93,32)-(93,33):expected: Comparable | Array[...]; actual: nil	failed@V6
corpus/11-simulation/vending_machine.rb	(55,12)-(55,14):failed to resolve overloads	V11
corpus/11-simulation/vending_machine.rb	(77,64)-(77,69):undefined method: nil#count	V7
corpus/11-simulation/vending_machine.rb	(77,30)-(77,34):undefined method: nil#name	V7
corpus/11-simulation/vending_machine.rb	(78,17)-(78,22):undefined method: nil#price	V7
corpus/11-simulation/vending_machine.rb	(79,52)-(79,56):undefined method: nil#name	V7
corpus/11-simulation/vending_machine.rb	(82,9)-(82,14):undefined method: nil#count=	V7
corpus/11-simulation/vending_machine.rb	(82,9)-(82,14):undefined method: nil#count	V7
corpus/11-simulation/vending_machine.rb	(88,17)-(88,21):undefined method: nil#name	V7
corpus/11-simulation/vending_machine.rb	(116,19)-(116,21):failed to resolve overloads	V11
corpus/11-simulation/water_tanks.rb	(79,32)-(79,36):wrong type of arguments	V1
corpus/13-polymorphism/stack_vm.rb	(67,23)-(67,24):undefined method: nil#+	V9
corpus/13-polymorphism/stack_vm.rb	(68,23)-(68,24):undefined method: nil#-	V9
corpus/13-polymorphism/stack_vm.rb	(69,23)-(69,24):undefined method: nil#*	V9
corpus/13-polymorphism/stack_vm.rb	(69,23)-(69,24):undefined method: Numeric#*	V2
corpus/13-polymorphism/stack_vm.rb	(72,12)-(72,13):undefined method: nil#%	V9
corpus/13-polymorphism/stack_vm.rb	(73,22)-(73,23):undefined method: nil#<	V9
corpus/13-polymorphism/task_heap.rb	(124,28)-(124,30):undefined method: nil#id	V7
corpus/13-polymorphism/task_heap.rb	(133,10)-(133,17):undefined method: nil#done_at=	V7
corpus/13-polymorphism/task_heap.rb	(134,15)-(134,16):wrong type of arguments	V11
corpus/13-polymorphism/task_heap.rb	(134,25)-(134,33):undefined method: nil#deadline	V7
corpus/13-polymorphism/task_heap.rb	(139,37)-(139,44):undefined method: nil#done_at	V7
corpus/13-polymorphism/task_heap.rb	(139,49)-(139,57):undefined method: nil#deadline	V7
corpus/13-polymorphism/task_heap.rb	(141,34)-(141,41):undefined method: nil#done_at	V7
corpus/13-polymorphism/task_heap.rb	(141,46)-(141,54):undefined method: nil#deadline	V7
corpus/13-polymorphism/temperature_units.rb	(19,18)-(19,21):wrong type of arguments	V11
corpus/13-polymorphism/temperature_units.rb	(41,23)-(41,31):undefined method: nil#downcase	V9
corpus/13-polymorphism/temperature_units.rb	(64,38)-(64,44):undefined method: Delta#kelvin	residual
corpus/13-polymorphism/temperature_units.rb	(65,38)-(65,45):undefined method: Temp#in_unit	residual
corpus/13-polymorphism/vector_polygon.rb	(11,28)-(11,29):undefined method: nil#x	residual
corpus/13-polymorphism/vector_polygon.rb	(11,38)-(11,39):undefined method: nil#y	residual
corpus/13-polymorphism/vector_polygon.rb	(15,11)-(15,14):wrong type of arguments	V11
corpus/13-polymorphism/vector_polygon.rb	(16,16)-(16,19):wrong type of arguments	V11
corpus/13-polymorphism/vector_polygon.rb	(23,20)-(23,24):wrong type of arguments	V1
corpus/13-polymorphism/vector_polygon.rb	(43,23)-(43,24):undefined method: nil#-	residual
corpus/13-polymorphism/vector_polygon.rb	(120,36)-(120,41):wrong type of arguments	V1
corpus/13-polymorphism/version_constraints.rb	(21,10)-(21,15):undefined method: nil#match	V9
corpus/13-polymorphism/version_constraints.rb	(32,11)-(32,16):undefined method: nil#split	V7
corpus/13-polymorphism/version_constraints.rb	(34,7)-(34,10):failed to resolve overloads	V11
corpus/13-polymorphism/version_constraints.rb	(86,50)-(86,55):undefined method: nil#split	V9
corpus/16-dates/room_booking.rb	(37,4)-(37,8):undefined method: Array[String]#to_i	V3
corpus/16-dates/room_booking.rb	(55,19)-(55,23):undefined method: nil#room	V7
corpus/16-dates/room_booking.rb	(55,41)-(55,44):undefined method: nil#day	V7
corpus/16-dates/room_booking.rb	(55,63)-(55,69):undefined method: nil#finish	V7
corpus/16-dates/room_booking.rb	(55,79)-(55,84):undefined method: nil#start	V7
corpus/16-dates/room_booking.rb	(89,36)-(89,38):undefined method: nil#id	V7
corpus/16-dates/room_booking.rb	(137,37)-(137,41):undefined method: nil#room	V7
corpus/16-dates/shift_rota.rb	(60,40)-(60,45):undefined method: Integer#hours	V4
corpus/16-dates/shift_rota.rb	(60,40)-(60,45):undefined method: nil#hours	V4
corpus/16-dates/shift_rota.rb	(62,13)-(62,17):undefined method: Integer#take	V4
corpus/16-dates/shift_rota.rb	(63,13)-(63,17):undefined method: Integer#name	V4
corpus/16-dates/time_zones.rb	(79,51)-(79,52):undefined method: Numeric#/	V2
corpus/16-dates/time_zones.rb	(110,20)-(110,21):undefined method: Numeric#/	V2
corpus/16-dates/time_zones.rb	(119,16)-(119,17):failed to resolve overloads	V6
corpus/16-dates/time_zones.rb	(121,30)-(121,31):undefined method: Numeric#/	V2
corpus/16-dates/time_zones.rb	(126,32)-(126,33):undefined method: nil#*	V6
corpus/16-dates/timesheet.rb	(36,4)-(36,6):wrong type of arguments	V3
corpus/16-dates/timesheet.rb	(37,10)-(37,11):undefined method: Array[untyped]#/	V3
corpus/16-dates/timesheet.rb	(37,10)-(37,11):undefined method: Array[untyped]#/	V3
corpus/16-dates/timesheet.rb	(38,10)-(38,11):wrong type of arguments	V3
corpus/16-dates/timesheet.rb	(38,10)-(38,11):wrong type of arguments	V3
corpus/16-dates/timesheet.rb	(39,13)-(39,14):failed to resolve overloads	V11
corpus/16-dates/timesheet.rb	(40,33)-(40,34):undefined method: Array[untyped]#/	V3
corpus/16-dates/timesheet.rb	(40,43)-(40,44):undefined method: Array[untyped]#/	V3
corpus/16-dates/timesheet.rb	(46,22)-(46,30):undefined method: nil#captures	V7
corpus/16-dates/timesheet.rb	(120,12)-(120,14):failed to resolve overloads	V11
corpus/16-dates/timesheet.rb	(142,11)-(142,13):failed to resolve overloads	V11
corpus/16-dates/timesheet.rb	(144,13)-(144,15):failed to resolve overloads	V11
corpus/16-dates/timetable.rb	(53,61)-(53,66):undefined method: singleton(Clock)#parse	V5
corpus/16-dates/timetable.rb	(76,16)-(76,21):undefined method: singleton(Clock)#parse	V5
corpus/16-dates/timetable.rb	(81,12)-(81,19):undefined method: nil#stop_at	V7
corpus/16-dates/timetable.rb	(82,12)-(82,19):undefined method: nil#stop_at	V7
corpus/16-dates/timetable.rb	(85,22)-(85,26):undefined method: singleton(Clock)#show	V5
corpus/16-dates/timetable.rb	(85,39)-(85,43):undefined method: singleton(Clock)#show	V5
corpus/16-dates/timetable.rb	(85,56)-(85,60):undefined method: singleton(Clock)#span	V5
corpus/16-dates/timetable.rb	(85,74)-(85,78):undefined method: singleton(Clock)#span	V5
corpus/16-dates/timetable.rb	(97,45)-(97,49):undefined method: singleton(Clock)#show	V5
corpus/16-dates/timetable.rb	(105,61)-(105,65):undefined method: singleton(Clock)#span	V5
corpus/16-dates/timetable.rb	(112,39)-(112,43):undefined method: singleton(Clock)#span	V5
corpus/16-dates/timetable.rb	(112,64)-(112,68):undefined method: singleton(Clock)#show	V5
corpus/15-data/invoice_totals.rb	(128,33)-(128,34):expected: Comparable | Array[...]; actual: nil	failed@V6
corpus/15-data/league_standings.rb	(29,19)-(29,21):failed to resolve overloads	V3
corpus/15-data/league_standings.rb	(30,23)-(30,25):failed to resolve overloads	V3
corpus/15-data/league_standings.rb	(83,22)-(83,23):undefined method: nil#>	V7
corpus/15-data/league_standings.rb	(83,46)-(83,47):undefined method: nil#-	V7
corpus/15-data/league_standings.rb	(84,22)-(84,23):undefined method: nil#<	V7
corpus/15-data/metric_anomalies.rb	(22,7)-(22,10):failed to resolve overloads	V11
corpus/15-data/metric_anomalies.rb	(56,7)-(56,11):wrong type of arguments	V11
corpus/15-data/metric_anomalies.rb	(86,20)-(86,21):failed to resolve overloads	V11
corpus/15-data/metric_anomalies.rb	(97,14)-(97,15):failed to resolve overloads	V11
corpus/15-data/metric_anomalies.rb	(97,31)-(97,32):undefined method: nil#*	V10
corpus/15-data/quality_rules.rb	(3,19)-(3,24):undefined method: Rule#field	residual
corpus/15-data/quality_rules.rb	(4,32)-(4,41):undefined method: Rule#optional?	residual
corpus/15-data/quality_rules.rb	(5,14)-(5,19):undefined method: Rule#field	residual
corpus/15-data/quality_rules.rb	(6,4)-(6,9):undefined method: Rule#check	residual
corpus/15-data/quality_rules.rb	(9,20)-(9,25):undefined method: Rule#field	residual
corpus/15-data/quality_rules.rb	(40,55)-(40,56):undefined method: nil#<	V7
corpus/15-data/quality_rules.rb	(40,66)-(40,67):undefined method: nil#>	V7
corpus/15-data/sales_by_region.rb	(72,33)-(72,35):failed to resolve overloads	V3
corpus/15-data/sales_by_region.rb	(80,13)-(80,15):failed to resolve overloads	V3
corpus/15-data/sales_by_region.rb	(81,13)-(81,15):failed to resolve overloads	V3
corpus/15-data/sales_by_region.rb	(100,12)-(100,13):undefined method: nil#/	residual
corpus/14-errors/result_pipeline.rb	(25,47)-(25,49):undefined method: nil#<=	V7
corpus/14-errors/result_pipeline.rb	(32,33)-(32,34):failed to resolve overloads	V11
corpus/14-errors/retry_backoff.rb	(54,8)-(54,9):failed to resolve overloads	residual
corpus/14-errors/unit_quantities.rb	(52,14)-(52,22):undefined method: nil#downcase	V9
corpus/14-errors/unit_quantities.rb	(63,57)-(63,58):undefined method: nil#<	V9
corpus/14-errors/unit_quantities.rb	(64,23)-(64,24):undefined method: nil#*	V9
corpus/14-errors/unit_quantities.rb	(67,24)-(67,29):undefined method: nil#round	V9
corpus/14-errors/warehouse_reservation.rb	(113,42)-(113,43):failed to resolve overloads	V11
corpus/10-grids/sokoban.rb	(111,2)-(111,6):wrong type of arguments	V1
corpus/10-grids/sokoban.rb	(122,2)-(122,6):wrong type of arguments	V1
corpus/10-grids/sokoban.rb	(123,22)-(123,23):wrong type of arguments	V1
corpus/10-grids/sokoban.rb	(123,22)-(123,23):wrong type of arguments	V1
corpus/10-grids/sudoku_solver.rb	(27,11)-(27,12):undefined method: Numeric#/	V2
corpus/10-grids/sudoku_solver.rb	(28,11)-(28,12):undefined method: Numeric#/	V2
corpus/10-grids/sudoku_solver.rb	(31,17)-(31,18):undefined method: Numeric#*	V2
corpus/10-grids/sudoku_solver.rb	(59,52)-(59,56):undefined method: nil#size	V7
corpus/10-grids/sudoku_solver.rb	(65,15)-(65,19):undefined method: nil#each	V10
corpus/10-grids/sudoku_solver.rb	(78,32)-(78,42):undefined method: nil#each_slice	V9
corpus/10-grids/sudoku_solver.rb	(90,4)-(90,8):wrong type of arguments	V1
corpus/10-grids/terrain_dijkstra.rb	(16,20)-(16,23):failed to resolve overloads	V11
corpus/10-grids/tic_tac_toe.rb	(82,11)-(82,12):undefined method: nil#>	V10
corpus/10-grids/tic_tac_toe.rb	(84,14)-(84,15):undefined method: nil#<	V10
corpus/10-grids/tic_tac_toe.rb	(114,2)-(114,6):wrong type of arguments	V1
corpus/10-grids/word_search.rb	(34,12)-(34,15):failed to resolve overloads	V11
corpus/10-grids/word_search.rb	(38,55)-(38,56):failed to resolve overloads	V11
corpus/10-grids/word_search.rb	(38,67)-(38,68):failed to resolve overloads	V11
corpus/10-grids/word_search.rb	(56,46)-(56,49):undefined method: nil#dir	V8
corpus/10-grids/word_search.rb	(58,8)-(58,12):undefined method: nil#word	V8
corpus/10-grids/word_search.rb	(59,16)-(59,19):undefined method: nil#row	V8
corpus/10-grids/word_search.rb	(59,38)-(59,41):undefined method: nil#col	V8
corpus/10-grids/word_search.rb	(103,44)-(103,48):undefined method: nil#word	V8
corpus/10-grids/word_search.rb	(103,52)-(103,55):undefined method: nil#row	V8
corpus/10-grids/word_search.rb	(103,59)-(103,62):undefined method: nil#col	V8
corpus/10-grids/word_search.rb	(103,66)-(103,69):undefined method: nil#dir	V8
corpus/16-dates/easter.rb	(14,18)-(14,19):undefined method: nil#%	V6
corpus/16-dates/easter.rb	(14,32)-(14,33):undefined method: nil#%	V6
corpus/16-dates/easter.rb	(14,49)-(14,50):undefined method: nil#%	V6
corpus/16-dates/easter.rb	(32,8)-(32,9):undefined method: nil#%	V6
corpus/16-dates/easter.rb	(33,8)-(33,9):undefined method: nil#/	V6
corpus/16-dates/easter.rb	(34,8)-(34,9):undefined method: nil#%	V6
corpus/16-dates/easter.rb	(40,8)-(40,9):undefined method: Numeric#/	V2
corpus/16-dates/easter.rb	(43,28)-(43,29):undefined method: Numeric#/	V2
corpus/16-dates/easter.rb	(44,32)-(44,33):undefined method: Numeric#/	V2
corpus/16-dates/easter.rb	(51,8)-(51,9):undefined method: nil#%	V6
corpus/16-dates/easter.rb	(52,8)-(52,9):undefined method: nil#%	V6
corpus/16-dates/easter.rb	(53,8)-(53,9):undefined method: nil#%	V6
corpus/16-dates/easter.rb	(56,24)-(56,25):undefined method: Numeric#/	V2
corpus/16-dates/easter.rb	(99,57)-(99,60):undefined method: nil#[]	V7
corpus/16-dates/easter.rb	(100,51)-(100,54):undefined method: nil#[]	V7
corpus/16-dates/fiscal_quarters.rb	(25,15)-(25,20):undefined method: Array[String]#split	V3
corpus/16-dates/fiscal_quarters.rb	(99,51)-(99,53):failed to resolve overloads	V3
corpus/16-dates/fiscal_quarters.rb	(121,26)-(121,28):failed to resolve overloads	V3
corpus/16-dates/fiscal_quarters.rb	(124,41)-(124,47):expected: Comparable | Array[...]; actual: nil	failed@V6
corpus/16-dates/iso_week.rb	(6,4)-(6,6):undefined method: nil#-	V6
corpus/16-dates/iso_week.rb	(6,4)-(6,6):wrong type of arguments	V3
corpus/16-dates/iso_week.rb	(6,4)-(6,6):wrong type of arguments	V3
corpus/16-dates/iso_week.rb	(6,4)-(6,6):wrong type of arguments	V3
corpus/16-dates/iso_week.rb	(6,4)-(6,6):wrong type of arguments	V3
corpus/16-dates/iso_week.rb	(7,31)-(7,32):undefined method: nil#/	V6
corpus/16-dates/iso_week.rb	(7,31)-(7,32):undefined method: Array[untyped]#/	V3
corpus/16-dates/iso_week.rb	(7,31)-(7,32):undefined method: Array[untyped]#/	V3
corpus/16-dates/iso_week.rb	(7,31)-(7,32):... and other 4 errors	V3
corpus/16-dates/iso_week.rb	(7,11)-(7,13):undefined method: nil#>=	V6
corpus/16-dates/iso_week.rb	(7,11)-(7,13):undefined method: Array[untyped]#>=	V3
corpus/16-dates/iso_week.rb	(7,11)-(7,13):undefined method: Array[untyped]#>=	V3
corpus/16-dates/iso_week.rb	(7,11)-(7,13):... and other 3 errors	V3
corpus/16-dates/iso_week.rb	(7,24)-(7,25):undefined method: nil#-	V6
corpus/16-dates/iso_week.rb	(7,24)-(7,25):wrong type of arguments	V3
corpus/16-dates/iso_week.rb	(7,24)-(7,25):wrong type of arguments	V3
corpus/16-dates/iso_week.rb	(7,24)-(7,25):wrong type of arguments	V3
corpus/16-dates/iso_week.rb	(7,24)-(7,25):wrong type of arguments	V3
corpus/16-dates/iso_week.rb	(7,24)-(7,25):wrong type of arguments	V3
corpus/16-dates/iso_week.rb	(8,10)-(8,11):undefined method: nil#-	V6
corpus/16-dates/iso_week.rb	(8,10)-(8,11):wrong type of arguments	V3
corpus/16-dates/iso_week.rb	(8,10)-(8,11):wrong type of arguments	V3
corpus/16-dates/iso_week.rb	(8,10)-(8,11):wrong type of arguments	V3
corpus/16-dates/iso_week.rb	(8,10)-(8,11):wrong type of arguments	V3
corpus/16-dates/iso_week.rb	(8,10)-(8,11):wrong type of arguments	V3
corpus/16-dates/iso_week.rb	(11,40)-(11,41):wrong type of arguments	V3
corpus/16-dates/iso_week.rb	(11,28)-(11,29):wrong type of arguments	V3
corpus/16-dates/iso_week.rb	(11,18)-(11,19):wrong type of arguments	V3
corpus/16-dates/iso_week.rb	(11,24)-(11,25):undefined method: Array[untyped]#/	V3
corpus/16-dates/iso_week.rb	(11,34)-(11,35):undefined method: Array[untyped]#/	V3
corpus/16-dates/iso_week.rb	(41,9)-(41,11):wrong type of arguments	V3
corpus/16-dates/iso_week.rb	(42,34)-(42,35):wrong type of arguments	V3
corpus/16-dates/iso_week.rb	(43,9)-(43,11):wrong type of arguments	V3
corpus/16-dates/iso_week.rb	(96,51)-(96,55):undefined method: nil#size	V6
corpus/16-dates/meeting_scheduler.rb	(18,16)-(18,21):undefined method: Array[String]#split	V3
corpus/16-dates/meeting_scheduler.rb	(60,17)-(60,22):undefined method: nil#start	V7
corpus/16-dates/meeting_scheduler.rb	(60,30)-(60,35):undefined method: nil#start	V7
corpus/04-numeric/monte_carlo.rb	(39,20)-(39,24):wrong type of arguments	V1
corpus/04-numeric/monte_carlo.rb	(79,52)-(79,55):wrong type of arguments	V1
corpus/04-numeric/monte_carlo.rb	(80,59)-(80,62):wrong type of arguments	V1
corpus/04-numeric/monte_carlo.rb	(116,36)-(116,39):wrong type of arguments	V1
corpus/04-numeric/numeric_integration.rb	(4,40)-(4,41):undefined method: Numeric#*	residual
corpus/04-numeric/numeric_integration.rb	(96,45)-(96,48):wrong type of arguments	V1
corpus/04-numeric/numeric_integration.rb	(104,31)-(104,34):wrong type of arguments	V1
corpus/04-numeric/numeric_integration.rb	(105,30)-(105,33):wrong type of arguments	V1
corpus/04-numeric/numeric_integration.rb	(107,31)-(107,35):wrong type of arguments	V1
corpus/04-numeric/numeric_integration.rb	(130,48)-(130,51):wrong type of arguments	V1
corpus/04-numeric/numerical_derivatives.rb	(24,20)-(24,23):wrong type of arguments	V1
corpus/04-numeric/numerical_derivatives.rb	(25,20)-(25,23):wrong type of arguments	V1
corpus/04-numeric/numerical_derivatives.rb	(26,20)-(26,23):wrong type of arguments	V1
corpus/04-numeric/numerical_derivatives.rb	(33,20)-(33,23):wrong type of arguments	V1
corpus/04-numeric/numerical_derivatives.rb	(34,20)-(34,23):wrong type of arguments	V1
corpus/04-numeric/numerical_derivatives.rb	(69,41)-(69,44):wrong type of arguments	V1
corpus/04-numeric/numerical_derivatives.rb	(69,57)-(69,60):wrong type of arguments	V1
corpus/04-numeric/numerical_derivatives.rb	(76,92)-(76,96):wrong type of arguments	V1
corpus/04-numeric/numerical_derivatives.rb	(78,85)-(78,88):wrong type of arguments	V1
corpus/04-numeric/numerical_derivatives.rb	(83,5)-(83,6):failed to resolve overloads	V3
corpus/04-numeric/numerical_derivatives.rb	(83,32)-(83,33):failed to resolve overloads	V3
corpus/04-numeric/numerical_derivatives.rb	(83,25)-(83,28):wrong type of arguments	V3
corpus/04-numeric/numerical_derivatives.rb	(103,41)-(103,44):wrong type of arguments	V1
corpus/04-numeric/ode_solver.rb	(47,25)-(47,28):undefined method: nil#[]	V6
corpus/04-numeric/ode_solver.rb	(47,32)-(47,35):undefined method: nil#[]	V6
corpus/04-numeric/ode_solver.rb	(48,40)-(48,42):undefined method: nil#**	residual
corpus/04-numeric/ode_solver.rb	(57,23)-(57,26):wrong type of arguments	V1
corpus/04-numeric/ode_solver.rb	(63,35)-(63,38):wrong type of arguments	V1
corpus/04-numeric/ode_solver.rb	(95,24)-(95,27):wrong type of arguments	V1
corpus/04-numeric/ode_solver.rb	(96,26)-(96,30):wrong type of arguments	V1
corpus/04-numeric/optimization.rb	(12,18)-(12,23):wrong type of arguments	V1
corpus/04-numeric/optimization.rb	(43,29)-(43,30):undefined method: nil#x	V9
corpus/04-numeric/optimization.rb	(43,50)-(43,51):undefined method: nil#y	V9
corpus/04-numeric/optimization.rb	(43,56)-(43,57):undefined method: nil#x	V9
corpus/04-numeric/optimization.rb	(104,32)-(104,35):wrong type of arguments	V1
corpus/04-numeric/optimization.rb	(122,11)-(122,12):undefined method: nil#-	V9
corpus/04-numeric/optimization.rb	(131,11)-(131,12):undefined method: nil#x	V9
corpus/04-numeric/optimization.rb	(131,25)-(131,26):undefined method: nil#y	V9
corpus/04-numeric/optimization.rb	(133,65)-(133,66):undefined method: nil#x	V9
corpus/04-numeric/optimization.rb	(133,70)-(133,71):undefined method: nil#y	V9
corpus/16-dates/moon_phases.rb	(38,29)-(38,30):undefined method: Numeric#/	V2
corpus/16-dates/moon_phases.rb	(45,7)-(45,8):undefined method: Numeric#*	V2
corpus/16-dates/moon_phases.rb	(48,46)-(48,47):undefined method: Numeric#/	V2
corpus/16-dates/moon_phases.rb	(56,24)-(56,25):undefined method: Numeric#*	V2
corpus/16-dates/moon_phases.rb	(64,58)-(64,59):undefined method: Numeric#/	V2
corpus/16-dates/moon_phases.rb	(106,94)-(106,95):undefined method: Numeric#/	V2
corpus/16-dates/moon_phases.rb	(106,102)-(106,107):undefined method: Numeric#even?	V2
corpus/16-dates/parking_fees.rb	(57,4)-(57,6):wrong type of arguments	V3
corpus/16-dates/parking_fees.rb	(58,10)-(58,11):undefined method: Array[untyped]#/	V3
corpus/16-dates/parking_fees.rb	(58,10)-(58,11):undefined method: Array[untyped]#/	V3
corpus/16-dates/parking_fees.rb	(59,10)-(59,11):wrong type of arguments	V3
corpus/16-dates/parking_fees.rb	(59,10)-(59,11):wrong type of arguments	V3
corpus/16-dates/parking_fees.rb	(60,13)-(60,14):failed to resolve overloads	V11
corpus/16-dates/parking_fees.rb	(61,33)-(61,34):undefined method: Array[untyped]#/	V3
corpus/16-dates/parking_fees.rb	(61,43)-(61,44):undefined method: Array[untyped]#/	V3
corpus/16-dates/parking_fees.rb	(137,53)-(137,54):undefined method: nil#>	V6
corpus/16-dates/parking_fees.rb	(142,48)-(142,52):expected: Comparable | Array[...]; actual: nil	V6
corpus/16-dates/recurring_events.rb	(16,14)-(16,16):undefined method: nil#<=	V6
corpus/16-dates/recurring_events.rb	(16,4)-(16,6):undefined method: nil#-	V6
corpus/16-dates/recurring_events.rb	(16,4)-(16,6):wrong type of arguments	V3
corpus/16-dates/recurring_events.rb	(17,10)-(17,11):undefined method: nil#/	V6
corpus/16-dates/recurring_events.rb	(17,10)-(17,11):undefined method: Array[untyped]#/	V3
corpus/16-dates/recurring_events.rb	(17,10)-(17,11):undefined method: Array[untyped]#/	V3
corpus/16-dates/recurring_events.rb	(18,10)-(18,11):undefined method: nil#-	V6
corpus/16-dates/recurring_events.rb	(18,10)-(18,11):wrong type of arguments	V3
corpus/16-dates/recurring_events.rb	(18,10)-(18,11):wrong type of arguments	V3
corpus/16-dates/recurring_events.rb	(19,19)-(19,20):undefined method: nil#+	V6
corpus/16-dates/recurring_events.rb	(20,33)-(20,34):undefined method: Array[untyped]#/	V3
corpus/16-dates/recurring_events.rb	(20,43)-(20,44):undefined method: Array[untyped]#/	V3
corpus/16-dates/recurring_events.rb	(28,19)-(28,20):failed to resolve overloads	V11
corpus/16-dates/recurring_events.rb	(29,10)-(29,11):failed to resolve overloads	V11
corpus/16-dates/recurring_events.rb	(30,17)-(30,18):failed to resolve overloads	V11
corpus/16-dates/recurring_events.rb	(38,19)-(38,20):undefined method: nil#+	V6
corpus/16-dates/recurring_events.rb	(39,23)-(39,24):undefined method: nil#+	V6
corpus/12-parsers/rpn_calc.rb	(44,6)-(44,7):undefined method: nil#/	residual
corpus/12-parsers/rpn_calc.rb	(49,10)-(49,13):undefined method: nil#[]	V8
corpus/12-parsers/rpn_calc.rb	(51,15)-(51,18):undefined method: nil#[]	V8
corpus/12-parsers/rpn_calc.rb	(53,19)-(53,22):undefined method: nil#[]	V8
corpus/12-parsers/rpn_calc.rb	(68,27)-(68,28):undefined method: nil#-@	residual
corpus/12-parsers/rpn_calc.rb	(69,33)-(69,37):wrong type of arguments	V1
corpus/12-parsers/shunting_yard.rb	(21,19)-(21,25):undefined method: nil#match?	V9
corpus/12-parsers/shunting_yard.rb	(21,19)-(21,25):undefined method: Array[String?]#match?	V9
corpus/12-parsers/shunting_yard.rb	(63,18)-(63,19):undefined method: nil#+	V7
corpus/12-parsers/shunting_yard.rb	(64,18)-(64,19):undefined method: nil#-	V7
corpus/12-parsers/shunting_yard.rb	(65,18)-(65,19):undefined method: nil#*	V7
corpus/12-parsers/shunting_yard.rb	(65,18)-(65,19):undefined method: Numeric#*	residual
corpus/12-parsers/shunting_yard.rb	(66,18)-(66,19):undefined method: nil#/	V7
corpus/12-parsers/shunting_yard.rb	(66,18)-(66,19):undefined method: Numeric#/	residual
corpus/12-parsers/shunting_yard.rb	(67,8)-(67,10):undefined method: nil#**	V7
corpus/12-parsers/shunting_yard.rb	(67,8)-(67,10):undefined method: Numeric#**	residual
corpus/12-parsers/shunting_yard.rb	(87,16)-(87,27):undefined method: nil#denominator	V9
corpus/12-parsers/shunting_yard.rb	(87,37)-(87,46):undefined method: nil#numerator	V9
corpus/12-parsers/stack_vm.rb	(40,14)-(40,17):undefined method: nil#[]	V8
corpus/12-parsers/stack_vm.rb	(91,25)-(91,26):undefined method: nil#+	residual
corpus/12-parsers/stack_vm.rb	(92,25)-(92,26):undefined method: nil#-	residual
corpus/12-parsers/stack_vm.rb	(92,25)-(92,26):undefined method: String#-	residual
corpus/12-parsers/stack_vm.rb	(93,25)-(93,26):undefined method: nil#*	residual
corpus/12-parsers/stack_vm.rb	(93,25)-(93,26):undefined method: Numeric#*	V2
corpus/12-parsers/stack_vm.rb	(94,25)-(94,26):undefined method: nil#/	residual
corpus/12-parsers/stack_vm.rb	(94,25)-(94,26):undefined method: Numeric#/	V2
corpus/12-parsers/stack_vm.rb	(94,25)-(94,26):undefined method: String#/	residual
corpus/12-parsers/stack_vm.rb	(95,25)-(95,26):undefined method: nil#%	residual
corpus/12-parsers/stack_vm.rb	(96,24)-(96,25):undefined method: nil#<	residual
corpus/12-parsers/stack_vm.rb	(107,12)-(107,17):undefined method: nil#times	V10
corpus/12-parsers/stack_vm.rb	(107,12)-(107,17):undefined method: String#times	residual
corpus/12-parsers/symbolic_diff.rb	(103,34)-(103,38):undefined method: Array[String?]#to_i	V9
corpus/12-parsers/symbolic_diff.rb	(104,39)-(104,43):undefined method: Array[String?]#to_f	V9
corpus/12-parsers/symbolic_diff.rb	(217,25)-(217,28):wrong type of arguments	V1
corpus/12-parsers/symbolic_diff.rb	(218,25)-(218,28):wrong type of arguments	V1
corpus/12-parsers/symbolic_diff.rb	(219,25)-(219,28):wrong type of arguments	V1
corpus/12-parsers/symbolic_diff.rb	(220,24)-(220,27):wrong type of arguments	V1
corpus/12-parsers/symbolic_diff.rb	(226,20)-(226,21):undefined method: nil#+	residual
corpus/12-parsers/symbolic_diff.rb	(227,20)-(227,21):undefined method: nil#-	residual
corpus/12-parsers/symbolic_diff.rb	(228,20)-(228,21):undefined method: nil#*	residual
corpus/12-parsers/symbolic_diff.rb	(228,20)-(228,21):undefined method: Numeric#*	residual
corpus/12-parsers/symbolic_diff.rb	(229,20)-(229,21):undefined method: nil#/	residual
corpus/12-parsers/symbolic_diff.rb	(229,20)-(229,21):undefined method: Numeric#/	residual
corpus/12-parsers/symbolic_diff.rb	(230,19)-(230,21):undefined method: nil#**	residual
corpus/12-parsers/symbolic_diff.rb	(230,19)-(230,21):undefined method: Numeric#**	residual
corpus/12-parsers/symbolic_diff.rb	(242,50)-(242,55):undefined method: nil#round	residual
corpus/12-parsers/symbolic_diff.rb	(243,103)-(243,104):undefined method: Numeric#/	residual
corpus/12-parsers/symbolic_diff.rb	(243,57)-(243,58):undefined method: nil#-	residual
corpus/12-parsers/template_engine.rb	(30,67)-(30,68):undefined method: nil#>	V9
corpus/12-parsers/template_engine.rb	(31,19)-(31,20):undefined method: nil#+	V9
corpus/12-parsers/template_engine.rb	(33,22)-(33,23):undefined method: nil#+	V9
corpus/12-parsers/template_engine.rb	(36,36)-(36,41):undefined method: nil#strip	V9
corpus/12-parsers/template_engine.rb	(37,16)-(37,17):undefined method: nil#+	V7
corpus/12-parsers/template_engine.rb	(49,86)-(49,90):undefined method: nil#name	V9
corpus/12-parsers/template_engine.rb	(63,22)-(63,27):undefined method: nil#split	V9
corpus/10-grids/lights_out.rb	(78,55)-(78,59):undefined method: nil#size	V7
corpus/10-grids/lights_out.rb	(101,2)-(101,6):wrong type of arguments	V1
corpus/10-grids/magic_square.rb	(13,23)-(13,26):failed to resolve overloads	V5
corpus/10-grids/magic_square.rb	(13,38)-(13,41):failed to resolve overloads	V5
corpus/10-grids/magic_square.rb	(22,19)-(22,20):failed to resolve overloads	V5
corpus/10-grids/magic_square.rb	(24,11)-(24,15):failed to resolve overloads	V5
corpus/10-grids/magic_square.rb	(25,21)-(25,22):failed to resolve overloads	V5
corpus/10-grids/magic_square.rb	(41,10)-(41,13):failed to resolve overloads	V5
corpus/10-grids/magic_square.rb	(87,18)-(87,22):wrong type of arguments	V5
corpus/10-grids/magic_square.rb	(91,13)-(91,19):undefined method: singleton(Build)#square	V5
corpus/10-grids/magic_square.rb	(92,8)-(92,14):undefined method: singleton(Check)#report	V5
corpus/10-grids/magic_square.rb	(106,8)-(106,14):undefined method: singleton(Check)#report	V5
corpus/10-grids/matrix_spiral.rb	(47,35)-(47,38):undefined method: nil#map	V9
corpus/10-grids/matrix_spiral.rb	(103,2)-(103,6):wrong type of arguments	V1
corpus/10-grids/matrix_spiral.rb	(107,2)-(107,6):wrong type of arguments	V1
corpus/10-grids/matrix_spiral.rb	(114,0)-(114,4):wrong type of arguments	V1
corpus/10-grids/maze_bfs.rb	(79,24)-(79,25):undefined method: nil#-	residual
corpus/10-grids/maze_bfs.rb	(79,37)-(79,38):undefined method: nil#-	residual
corpus/10-grids/maze_bfs.rb	(79,50)-(79,51):undefined method: nil#-	residual
corpus/10-grids/maze_bfs.rb	(79,63)-(79,64):undefined method: nil#-	residual
corpus/16-dates/cron_schedule.rb	(41,20)-(41,28):undefined method: Array[String]#downcase	V3
corpus/16-dates/cron_schedule.rb	(43,67)-(43,73):undefined method: Array[String]#match?	V3
corpus/16-dates/cron_schedule.rb	(44,8)-(44,12):undefined method: Array[String]#to_i	V3
corpus/16-dates/cron_schedule.rb	(57,24)-(57,29):undefined method: Array[String]#split	V3
corpus/16-dates/cron_schedule.rb	(102,6)-(102,8):undefined method: nil#+	V10
corpus/16-dates/cron_schedule.rb	(110,49)-(110,50):undefined method: Numeric#*	V2
corpus/16-dates/cron_schedule.rb	(110,34)-(110,35):undefined method: Numeric#*	V2
corpus/16-dates/cron_schedule.rb	(122,109)-(122,110):undefined method: Numeric#/	V2
corpus/16-dates/cron_schedule.rb	(157,35)-(157,36):undefined method: nil#<	V10
corpus/16-dates/cron_schedule.rb	(159,12)-(159,13):undefined method: nil#/	V10
corpus/16-dates/cron_schedule.rb	(159,12)-(159,13):undefined method: nil#/	V10
corpus/16-dates/date_arith.rb	(41,11)-(41,14):undefined method: nil#[]	V7
corpus/16-dates/date_arith.rb	(41,22)-(41,25):undefined method: nil#[]	V7
corpus/16-dates/date_arith.rb	(41,33)-(41,36):undefined method: nil#[]	V7
corpus/16-dates/date_arith.rb	(63,34)-(63,35):failed to resolve overloads	residual
corpus/16-dates/date_arith.rb	(100,43)-(100,44):undefined method: Date#-@	residual
corpus/16-dates/date_arith.rb	(106,41)-(106,44):undefined method: nil#jdn	V6
corpus/16-dates/date_arith.rb	(108,40)-(108,41):undefined method: nil#>	V6
corpus/16-dates/day_of_week.rb	(11,4)-(11,6):wrong type of arguments	V3
corpus/16-dates/day_of_week.rb	(12,49)-(12,50):undefined method: Array[untyped]#%	V3
corpus/16-dates/day_of_week.rb	(12,44)-(12,45):wrong type of arguments	V3
corpus/16-dates/day_of_week.rb	(12,33)-(12,34):wrong type of arguments	V3
corpus/16-dates/day_of_week.rb	(12,23)-(12,24):wrong type of arguments	V3
corpus/16-dates/day_of_week.rb	(12,13)-(12,14):wrong type of arguments	V3
corpus/16-dates/day_of_week.rb	(12,5)-(12,6):wrong type of arguments	V3
corpus/16-dates/day_of_week.rb	(12,5)-(12,6):wrong type of arguments	V3
corpus/16-dates/day_of_week.rb	(12,9)-(12,10):undefined method: Array[untyped]#/	V3
corpus/16-dates/day_of_week.rb	(12,9)-(12,10):undefined method: Array[untyped]#/	V3
corpus/16-dates/day_of_week.rb	(12,17)-(12,18):undefined method: Array[untyped]#/	V3
corpus/16-dates/day_of_week.rb	(12,17)-(12,18):undefined method: Array[untyped]#/	V3
corpus/16-dates/day_of_week.rb	(12,27)-(12,28):undefined method: Array[untyped]#/	V3
corpus/16-dates/day_of_week.rb	(12,27)-(12,28):undefined method: Array[untyped]#/	V3
corpus/16-dates/day_of_week.rb	(19,6)-(19,8):wrong type of arguments	V3
corpus/16-dates/day_of_week.rb	(21,8)-(21,9):undefined method: Array[untyped]#%	V3
corpus/16-dates/day_of_week.rb	(21,8)-(21,9):undefined method: Array[untyped]#%	V3
corpus/16-dates/day_of_week.rb	(22,8)-(22,9):undefined method: Array[untyped]#/	V3
corpus/16-dates/day_of_week.rb	(22,8)-(22,9):undefined method: Array[untyped]#/	V3
corpus/16-dates/day_of_week.rb	(23,38)-(23,39):undefined method: Numeric#/	V2
corpus/16-dates/durations.rb	(35,25)-(35,28):wrong type of arguments	V11
corpus/16-dates/durations.rb	(38,13)-(38,18):undefined method: nil#strip	residual
corpus/16-dates/durations.rb	(40,18)-(40,21):undefined method: nil#[]	V8
corpus/16-dates/durations.rb	(40,37)-(40,40):undefined method: nil#[]	V8
corpus/16-dates/durations.rb	(40,54)-(40,57):undefined method: nil#[]	V8
corpus/16-dates/durations.rb	(43,18)-(43,21):undefined method: nil#[]	V8
corpus/16-dates/durations.rb	(43,35)-(43,38):undefined method: nil#[]	V8
corpus/16-dates/durations.rb	(51,56)-(51,57):undefined method: Numeric#/	V2
corpus/16-dates/durations.rb	(80,41)-(80,42):undefined method: nil#+	V6
corpus/19-statemachines/bank_queue_sim.rb	(88,19)-(88,20):undefined method: Numeric#*	V2
corpus/19-statemachines/bank_queue_sim.rb	(89,10)-(89,11):undefined method: Numeric#/	V2
corpus/19-statemachines/bank_queue_sim.rb	(112,8)-(112,13):undefined method: nil#state=	V10
corpus/19-statemachines/bank_queue_sim.rb	(113,8)-(113,14):undefined method: nil#served=	V10
corpus/19-statemachines/bank_queue_sim.rb	(113,8)-(113,14):undefined method: nil#served	V10
corpus/19-statemachines/bank_queue_sim.rb	(117,16)-(117,21):undefined method: nil#state	V6
corpus/19-statemachines/bank_queue_sim.rb	(121,8)-(121,13):undefined method: nil#state=	V6
corpus/19-statemachines/bank_queue_sim.rb	(122,8)-(122,17):undefined method: nil#busy_time=	V6
corpus/19-statemachines/bank_queue_sim.rb	(122,8)-(122,17):undefined method: nil#busy_time	V6
corpus/19-statemachines/bank_queue_sim.rb	(150,19)-(150,20):failed to resolve overloads	V11
corpus/19-statemachines/button_debounce.rb	(76,51)-(76,55):undefined method: nil#time	V10
corpus/19-statemachines/button_debounce.rb	(77,48)-(77,52):undefined method: nil#time	V10
corpus/19-statemachines/button_debounce.rb	(77,66)-(77,70):undefined method: nil#time	V10
corpus/19-statemachines/button_debounce.rb	(90,57)-(90,61):undefined method: nil#time	V10
corpus/19-statemachines/circuit_breaker.rb	(129,25)-(129,34):undefined method: nil#end_with?	residual
corpus/19-statemachines/circuit_breaker.rb	(130,61)-(130,70):undefined method: nil#end_with?	residual
corpus/06-linked/cycle_detection.rb	(26,16)-(26,20):undefined method: nil#next	V10
corpus/06-linked/cycle_detection.rb	(27,21)-(27,25):undefined method: nil#next	V10
corpus/06-linked/cycle_detection.rb	(27,16)-(27,20):undefined method: nil#next	V10
corpus/06-linked/cycle_detection.rb	(34,20)-(34,24):undefined method: nil#next	V10
corpus/06-linked/cycle_detection.rb	(35,18)-(35,22):undefined method: nil#next	V10
corpus/06-linked/cycle_detection.rb	(39,18)-(39,22):undefined method: nil#next	V10
corpus/06-linked/cycle_detection.rb	(41,20)-(41,24):undefined method: nil#next	V10
corpus/06-linked/cycle_detection.rb	(61,16)-(61,20):undefined method: nil#next	V10
corpus/06-linked/cycle_detection.rb	(67,26)-(67,30):undefined method: nil#next	V10
corpus/06-linked/cycle_detection.rb	(70,24)-(70,28):undefined method: nil#next	V10
corpus/06-linked/cycle_detection.rb	(71,16)-(71,20):undefined method: nil#next	V10
corpus/06-linked/cycle_detection.rb	(91,16)-(91,21):undefined method: nil#label	V10
corpus/06-linked/cycle_detection.rb	(92,16)-(92,20):undefined method: nil#next	V10
corpus/06-linked/cycle_detection.rb	(101,57)-(101,61):undefined method: nil#next	V10
corpus/06-linked/cycle_detection.rb	(102,7)-(102,11):undefined method: nil#next=	V10
corpus/06-linked/deque_sliding_window.rb	(79,35)-(79,39):undefined method: nil#prev	V10
corpus/06-linked/deque_sliding_window.rb	(82,28)-(82,32):undefined method: nil#next	V10
corpus/06-linked/deque_sliding_window.rb	(84,9)-(84,14):undefined method: nil#value	V10
corpus/06-linked/deque_sliding_window.rb	(102,63)-(102,65):undefined method: nil#<=	V10
corpus/06-linked/digit_list_bignum.rb	(74,17)-(74,18):undefined method: Numeric#*	V2
corpus/06-linked/digit_list_bignum.rb	(113,14)-(113,17):wrong type of arguments	V2
corpus/06-linked/digit_list_bignum.rb	(113,12)-(113,13):undefined method: nil#d	V10
corpus/06-linked/digit_list_bignum.rb	(115,12)-(115,16):undefined method: nil#next	V10
corpus/06-linked/free_list_pool.rb	(117,36)-(117,42):undefined method: nil#delete	V9
corpus/06-linked/free_list_pool.rb	(117,36)-(117,42):undefined method: nil#delete	V9
corpus/06-linked/josephus_circle.rb	(29,21)-(29,25):undefined method: nil#next	V7
corpus/06-linked/josephus_circle.rb	(31,13)-(31,17):undefined method: nil#name	V10
corpus/06-linked/josephus_circle.rb	(32,12)-(32,16):undefined method: nil#next	V10
corpus/06-linked/josephus_circle.rb	(34,15)-(34,19):undefined method: nil#name	V10
corpus/06-linked/josephus_circle.rb	(35,14)-(35,18):undefined method: nil#next	V10
corpus/06-linked/josephus_circle.rb	(45,13)-(45,17):undefined method: nil#next	V10
corpus/06-linked/josephus_circle.rb	(46,32)-(46,36):undefined method: nil#next	V10
corpus/06-linked/josephus_circle.rb	(47,15)-(47,19):undefined method: nil#next	V10
corpus/06-linked/josephus_circle.rb	(48,17)-(48,21):undefined method: nil#name	V10
corpus/06-linked/josephus_circle.rb	(49,9)-(49,13):undefined method: nil#next=	V10
corpus/06-linked/josephus_circle.rb	(49,20)-(49,24):undefined method: nil#next	V10
corpus/06-linked/josephus_circle.rb	(51,15)-(51,19):undefined method: nil#name	V10
corpus/03-numtheory/miller_rabin.rb	(7,20)-(7,25):undefined method: Numeric#even?	residual
corpus/03-numtheory/miller_rabin.rb	(24,10)-(24,15):undefined method: Numeric#even?	residual
corpus/03-numtheory/miller_rabin.rb	(25,6)-(25,8):undefined method: Numeric#/	residual
corpus/03-numtheory/miller_rabin.rb	(37,10)-(37,11):undefined method: Numeric#*	V2
corpus/03-numtheory/modular_crt.rb	(44,16)-(44,17):undefined method: Numeric#*	V2
corpus/03-numtheory/modular_crt.rb	(49,25)-(49,28):undefined method: Numeric#pow	V2
corpus/03-numtheory/modular_crt.rb	(51,18)-(51,21):wrong type of arguments	V2
corpus/03-numtheory/modular_crt.rb	(57,16)-(57,17):undefined method: Numeric#/	V2
corpus/03-numtheory/modular_crt.rb	(100,38)-(100,41):undefined method: Numeric#gcd	V2
corpus/03-numtheory/modular_crt.rb	(104,2)-(104,6):wrong type of arguments	V1
corpus/03-numtheory/modular_crt.rb	(125,30)-(125,31):undefined method: nil#%	V8
corpus/03-numtheory/perfect_amicable.rb	(11,16)-(11,18):wrong type of arguments	V5
corpus/03-numtheory/perfect_amicable.rb	(25,15)-(25,25):undefined method: singleton(Divisors)#sum_proper	V5
corpus/03-numtheory/perfect_amicable.rb	(48,19)-(48,29):undefined method: singleton(Divisors)#sum_proper	V5
corpus/03-numtheory/perfect_amicable.rb	(61,16)-(61,22):undefined method: singleton(Divisors)#proper	V5
corpus/03-numtheory/pollard_rho.rb	(25,10)-(25,15):undefined method: Numeric#even?	residual
corpus/03-numtheory/pollard_rho.rb	(26,6)-(26,8):undefined method: Numeric#/	residual
corpus/03-numtheory/pollard_rho.rb	(33,12)-(33,13):undefined method: Numeric#*	V2
corpus/03-numtheory/pollard_rho.rb	(45,11)-(45,12):undefined method: Numeric#*	V2
corpus/03-numtheory/pollard_rho.rb	(46,11)-(46,12):undefined method: Numeric#*	V2
corpus/03-numtheory/pollard_rho.rb	(47,11)-(47,12):undefined method: Numeric#*	V2
corpus/03-numtheory/pollard_rho.rb	(48,20)-(48,23):undefined method: Numeric#gcd	V2
corpus/03-numtheory/pollard_rho.rb	(61,21)-(61,22):undefined method: Numeric#*	V2
corpus/03-numtheory/pollard_rho.rb	(64,13)-(64,14):undefined method: Numeric#*	V2
corpus/03-numtheory/pollard_rho.rb	(65,22)-(65,25):undefined method: Numeric#gcd	V2
corpus/03-numtheory/pollard_rho.rb	(96,37)-(96,42):undefined method: Numeric#even?	residual
corpus/03-numtheory/pollard_rho.rb	(96,27)-(96,28):undefined method: Numeric#/	residual
corpus/03-numtheory/pollard_rho.rb	(102,30)-(102,31):undefined method: Numeric#/	residual
corpus/03-numtheory/pollard_rho.rb	(114,58)-(114,59):undefined method: Numeric#*	residual
corpus/03-numtheory/primitive_roots.rb	(47,10)-(47,11):undefined method: Numeric#*	V2
corpus/03-numtheory/primitive_roots.rb	(76,10)-(76,11):undefined method: Numeric#*	V2
corpus/03-numtheory/primitive_roots.rb	(83,18)-(83,19):undefined method: Numeric#*	V2
corpus/02-analytics/email_domains.rb	(44,24)-(44,32):undefined method: nil#downcase	failed@V6
corpus/02-analytics/email_domains.rb	(44,46)-(44,54):undefined method: nil#downcase	failed@V6
corpus/02-analytics/email_domains.rb	(47,21)-(47,24):undefined method: Array[String?]#sub	failed@V6
corpus/02-analytics/email_domains.rb	(83,27)-(83,28):expected: Comparable | Array[...]; actual: nil	failed@V6
corpus/02-analytics/hashtag_trends.rb	(30,52)-(30,60):undefined method: nil#downcase	failed@V6
corpus/02-analytics/hashtag_trends.rb	(53,27)-(53,28):wrong type of arguments	failed@V6
corpus/02-analytics/hashtag_trends.rb	(79,68)-(79,70):failed to resolve overloads	failed@V6
corpus/02-analytics/hashtag_trends.rb	(80,32)-(80,33):expected: Comparable | Array[...]; actual: nil	failed@V6
corpus/02-analytics/inverted_index.rb	(67,46)-(67,47):wrong type of arguments	V1
corpus/02-analytics/inverted_index.rb	(69,15)-(69,17):wrong type of arguments	V1
corpus/02-analytics/inverted_index.rb	(69,15)-(69,17):wrong type of arguments	V1
corpus/02-analytics/inverted_index.rb	(69,15)-(69,17):wrong type of arguments	V1
corpus/02-analytics/inverted_index.rb	(71,15)-(71,17):undefined method: nil#-	V7
corpus/02-analytics/inverted_index.rb	(71,15)-(71,17):undefined method: false#-	V7
corpus/02-analytics/inverted_index.rb	(71,15)-(71,17):undefined method: true#-	V7
corpus/02-analytics/inverted_index.rb	(71,15)-(71,17):wrong type of arguments	V1
corpus/02-analytics/inverted_index.rb	(71,15)-(71,17):wrong type of arguments	V1
corpus/02-analytics/inverted_index.rb	(71,15)-(71,17):wrong type of arguments	V1
corpus/02-analytics/inverted_index.rb	(73,15)-(73,17):wrong type of arguments	V1
corpus/02-analytics/inverted_index.rb	(73,15)-(73,17):wrong type of arguments	V1
corpus/02-analytics/inverted_index.rb	(73,15)-(73,17):wrong type of arguments	V1
corpus/02-analytics/inverted_index.rb	(79,9)-(79,13):undefined method: false#to_a	V7
corpus/02-analytics/inverted_index.rb	(79,9)-(79,13):undefined method: true#to_a	V7
corpus/02-analytics/kwic_concordance.rb	(30,26)-(30,30):undefined method: nil#join	V9
corpus/02-analytics/kwic_concordance.rb	(76,5)-(76,7):undefined method: nil#>=	residual
corpus/04-numeric/interval_arithmetic.rb	(24,28)-(24,32):undefined method: Interval#to_f	residual
corpus/04-numeric/interval_arithmetic.rb	(30,21)-(30,22):undefined method: nil#+	V9
corpus/04-numeric/interval_arithmetic.rb	(30,25)-(30,27):undefined method: Float#lo	residual
corpus/04-numeric/interval_arithmetic.rb	(30,25)-(30,27):undefined method: Integer#lo	residual
corpus/04-numeric/interval_arithmetic.rb	(30,25)-(30,27):undefined method: nil#lo	V9
corpus/04-numeric/interval_arithmetic.rb	(30,33)-(30,34):undefined method: nil#+	V9
corpus/04-numeric/interval_arithmetic.rb	(30,37)-(30,39):undefined method: Float#hi	residual
corpus/04-numeric/interval_arithmetic.rb	(30,37)-(30,39):undefined method: Integer#hi	residual
corpus/04-numeric/interval_arithmetic.rb	(30,37)-(30,39):undefined method: nil#hi	V9
corpus/04-numeric/interval_arithmetic.rb	(35,21)-(35,22):undefined method: nil#-	V9
corpus/04-numeric/interval_arithmetic.rb	(35,25)-(35,27):undefined method: Float#hi	residual
corpus/04-numeric/interval_arithmetic.rb	(35,25)-(35,27):undefined method: Integer#hi	residual
corpus/04-numeric/interval_arithmetic.rb	(35,25)-(35,27):undefined method: nil#hi	V9
corpus/04-numeric/interval_arithmetic.rb	(35,33)-(35,34):undefined method: nil#-	V9
corpus/04-numeric/interval_arithmetic.rb	(35,37)-(35,39):undefined method: Float#lo	residual
corpus/04-numeric/interval_arithmetic.rb	(35,37)-(35,39):undefined method: Integer#lo	residual
corpus/04-numeric/interval_arithmetic.rb	(35,37)-(35,39):undefined method: nil#lo	V9
corpus/04-numeric/interval_arithmetic.rb	(40,14)-(40,15):undefined method: nil#*	V9
corpus/04-numeric/interval_arithmetic.rb	(40,18)-(40,20):undefined method: Float#lo	residual
corpus/04-numeric/interval_arithmetic.rb	(40,18)-(40,20):undefined method: Integer#lo	residual
corpus/04-numeric/interval_arithmetic.rb	(40,18)-(40,20):undefined method: nil#lo	V9
corpus/04-numeric/interval_arithmetic.rb	(40,26)-(40,27):undefined method: nil#*	V9
corpus/04-numeric/interval_arithmetic.rb	(40,30)-(40,32):undefined method: Float#hi	residual
corpus/04-numeric/interval_arithmetic.rb	(40,30)-(40,32):undefined method: Integer#hi	residual
corpus/04-numeric/interval_arithmetic.rb	(40,30)-(40,32):undefined method: nil#hi	V9
corpus/04-numeric/interval_arithmetic.rb	(40,38)-(40,39):undefined method: nil#*	V9
corpus/04-numeric/interval_arithmetic.rb	(40,42)-(40,44):undefined method: Float#lo	residual
corpus/04-numeric/interval_arithmetic.rb	(40,42)-(40,44):undefined method: Integer#lo	residual
corpus/04-numeric/interval_arithmetic.rb	(40,42)-(40,44):undefined method: nil#lo	V9
corpus/04-numeric/interval_arithmetic.rb	(40,50)-(40,51):undefined method: nil#*	V9
corpus/04-numeric/interval_arithmetic.rb	(40,54)-(40,56):undefined method: Float#hi	residual
corpus/04-numeric/interval_arithmetic.rb	(40,54)-(40,56):undefined method: Integer#hi	residual
corpus/04-numeric/interval_arithmetic.rb	(40,54)-(40,56):undefined method: nil#hi	V9
corpus/04-numeric/interval_arithmetic.rb	(46,71)-(46,73):undefined method: Interval#<=	residual
corpus/04-numeric/interval_arithmetic.rb	(46,71)-(46,73):undefined method: nil#<=	V9
corpus/04-numeric/interval_arithmetic.rb	(46,68)-(46,70):undefined method: Float#lo	residual
corpus/04-numeric/interval_arithmetic.rb	(46,68)-(46,70):undefined method: Integer#lo	residual
corpus/04-numeric/interval_arithmetic.rb	(46,68)-(46,70):undefined method: nil#lo	V9
corpus/04-numeric/interval_arithmetic.rb	(46,86)-(46,88):undefined method: Interval#>=	residual
corpus/04-numeric/interval_arithmetic.rb	(46,86)-(46,88):undefined method: nil#>=	V9
corpus/04-numeric/interval_arithmetic.rb	(46,83)-(46,85):undefined method: Float#hi	residual
corpus/04-numeric/interval_arithmetic.rb	(46,83)-(46,85):undefined method: Integer#hi	residual
corpus/04-numeric/interval_arithmetic.rb	(46,83)-(46,85):undefined method: nil#hi	V9
corpus/04-numeric/interval_arithmetic.rb	(47,32)-(47,34):undefined method: Float#hi	residual
corpus/04-numeric/interval_arithmetic.rb	(47,32)-(47,34):undefined method: Integer#hi	residual
corpus/04-numeric/interval_arithmetic.rb	(47,32)-(47,34):undefined method: nil#hi	V9
corpus/04-numeric/interval_arithmetic.rb	(47,44)-(47,46):undefined method: Float#lo	residual
corpus/04-numeric/interval_arithmetic.rb	(47,44)-(47,46):undefined method: Integer#lo	residual
corpus/04-numeric/interval_arithmetic.rb	(47,44)-(47,46):undefined method: nil#lo	V9
corpus/04-numeric/interval_arithmetic.rb	(51,53)-(51,55):undefined method: Interval#>=	residual
corpus/04-numeric/interval_arithmetic.rb	(51,53)-(51,55):undefined method: nil#>=	V9
corpus/04-numeric/interval_arithmetic.rb	(51,28)-(51,29):undefined method: nil#*	V9
corpus/04-numeric/interval_arithmetic.rb	(51,39)-(51,40):undefined method: nil#*	V9
corpus/04-numeric/interval_arithmetic.rb	(52,53)-(52,55):undefined method: Interval#<=	residual
corpus/04-numeric/interval_arithmetic.rb	(52,53)-(52,55):undefined method: nil#<=	V9
corpus/04-numeric/interval_arithmetic.rb	(52,28)-(52,29):undefined method: nil#*	V9
corpus/04-numeric/interval_arithmetic.rb	(52,39)-(52,40):undefined method: nil#*	V9
corpus/04-numeric/interval_arithmetic.rb	(53,27)-(53,28):undefined method: nil#*	V9
corpus/04-numeric/interval_arithmetic.rb	(53,38)-(53,39):undefined method: nil#*	V9
corpus/04-numeric/interval_arithmetic.rb	(56,30)-(56,33):wrong type of arguments	V1
corpus/04-numeric/interval_arithmetic.rb	(56,45)-(56,48):wrong type of arguments	V1
corpus/04-numeric/interval_arithmetic.rb	(57,18)-(57,19):undefined method: nil#-	V9
corpus/04-numeric/interval_arithmetic.rb	(58,17)-(58,18):undefined method: nil#+	V9
corpus/04-numeric/interval_arithmetic.rb	(59,25)-(59,27):undefined method: Interval#<=	residual
corpus/04-numeric/interval_arithmetic.rb	(59,25)-(59,27):undefined method: nil#<=	V9
corpus/04-numeric/interval_arithmetic.rb	(68,35)-(68,38):undefined method: nil#sqr	V9
corpus/04-numeric/interval_arithmetic.rb	(80,16)-(80,17):undefined method: Interval#>	residual
corpus/04-numeric/interval_arithmetic.rb	(80,16)-(80,17):undefined method: nil#>	V9
corpus/04-numeric/interval_arithmetic.rb	(80,13)-(80,15):undefined method: Float#lo	V11
corpus/04-numeric/interval_arithmetic.rb	(86,10)-(86,11):undefined method: Interval#<	residual
corpus/04-numeric/interval_arithmetic.rb	(90,40)-(90,41):undefined method: Interval#>	residual
corpus/04-numeric/interval_arithmetic.rb	(100,18)-(100,27):undefined method: Float#contains?	V11
corpus/04-numeric/interval_arithmetic.rb	(101,17)-(101,18):undefined method: Interval#<	residual
corpus/04-numeric/interval_arithmetic.rb	(101,11)-(101,16):undefined method: nil#width	V9
corpus/04-numeric/interval_arithmetic.rb	(103,39)-(103,40):undefined method: Interval#>	residual
corpus/04-numeric/interval_arithmetic.rb	(103,29)-(103,30):undefined method: nil#-	V9
corpus/04-numeric/interval_arithmetic.rb	(103,26)-(103,28):undefined method: nil#lo	V9
corpus/04-numeric/interval_arithmetic.rb	(103,36)-(103,38):undefined method: nil#hi	V7
corpus/04-numeric/interval_arithmetic.rb	(106,38)-(106,40):undefined method: nil#lo	V7
corpus/04-numeric/interval_arithmetic.rb	(106,46)-(106,48):undefined method: nil#hi	V9
corpus/04-numeric/interval_arithmetic.rb	(110,22)-(110,27):undefined method: nil#split	V9
corpus/04-numeric/interval_arithmetic.rb	(127,2)-(127,6):wrong type of arguments	V1
corpus/04-numeric/interval_arithmetic.rb	(143,52)-(143,57):undefined method: nil#width	V9
corpus/04-numeric/linear_regression.rb	(35,8)-(35,10):failed to resolve overloads	V11
corpus/04-numeric/linear_regression.rb	(36,8)-(36,10):failed to resolve overloads	V11
corpus/04-numeric/linear_regression.rb	(36,25)-(36,26):undefined method: nil#-	V9
corpus/04-numeric/linear_regression.rb	(37,8)-(37,10):failed to resolve overloads	V11
corpus/04-numeric/linear_regression.rb	(37,14)-(37,15):undefined method: nil#-	V9
corpus/04-numeric/linear_regression.rb	(41,25)-(41,26):failed to resolve overloads	V11
corpus/04-numeric/linear_regression.rb	(42,35)-(42,36):undefined method: nil#-	V9
corpus/04-numeric/linear_regression.rb	(42,55)-(42,56):failed to resolve overloads	V11
corpus/04-numeric/linear_regression.rb	(43,11)-(43,12):failed to resolve overloads	V11
corpus/04-numeric/linear_regression.rb	(44,12)-(44,16):wrong type of arguments	V11
corpus/04-numeric/linear_regression.rb	(55,8)-(55,10):failed to resolve overloads	V11
corpus/04-numeric/linear_regression.rb	(55,17)-(55,18):failed to resolve overloads	V11
corpus/04-numeric/linear_regression.rb	(56,8)-(56,10):failed to resolve overloads	V11
corpus/04-numeric/linear_regression.rb	(56,17)-(56,18):failed to resolve overloads	V11
corpus/04-numeric/linear_regression.rb	(59,21)-(59,22):failed to resolve overloads	V11
corpus/04-numeric/linear_regression.rb	(81,41)-(81,42):failed to resolve overloads	V11
corpus/04-numeric/linear_regression.rb	(82,61)-(82,65):undefined method: nil#temp	V9
corpus/04-numeric/linear_regression.rb	(82,82)-(82,83):failed to resolve overloads	V11
corpus/04-numeric/linear_regression.rb	(82,73)-(82,81):undefined method: nil#yield_kg	V9
corpus/04-numeric/linear_regression.rb	(82,100)-(82,104):undefined method: nil#temp	V9
corpus/04-numeric/linear_regression.rb	(100,28)-(100,35):undefined method: nil#predict	V6
corpus/04-numeric/linear_regression.rb	(101,38)-(101,45):undefined method: nil#predict	V6
corpus/04-numeric/linear_regression.rb	(104,33)-(104,35):undefined method: nil#r2	V6
corpus/04-numeric/lu_decomposition.rb	(47,47)-(47,49):failed to resolve overloads	V11
corpus/04-numeric/lu_decomposition.rb	(49,36)-(49,38):failed to resolve overloads	V11
corpus/04-numeric/lu_decomposition.rb	(50,11)-(50,13):failed to resolve overloads	V11
corpus/04-numeric/lu_decomposition.rb	(55,58)-(55,59):failed to resolve overloads	V11
corpus/04-numeric/matrix_ops.rb	(29,27)-(29,31):undefined method: nil#size	residual
corpus/04-numeric/matrix_ops.rb	(63,88)-(63,92):undefined method: Integer#rows	residual
corpus/04-numeric/matrix_ops.rb	(63,67)-(63,72):undefined method: Integer#shape	residual
corpus/04-numeric/matrix_ops.rb	(64,34)-(64,38):undefined method: Integer#cols	residual
corpus/04-numeric/matrix_ops.rb	(66,10)-(66,14):undefined method: Integer#cols	residual
corpus/04-numeric/matrix_ops.rb	(118,23)-(118,27):wrong type of arguments	V11
corpus/04-numeric/matrix_ops.rb	(132,0)-(132,4):wrong type of arguments	V1
corpus/04-numeric/matrix_ops.rb	(134,0)-(134,4):wrong type of arguments	V1
corpus/04-numeric/matrix_ops.rb	(136,0)-(136,4):wrong type of arguments	V1
corpus/04-numeric/matrix_ops.rb	(138,0)-(138,4):wrong type of arguments	V1
corpus/09-dp/digit_counting.rb	(51,32)-(51,33):undefined method: Numeric#*	V2
corpus/09-dp/edit_distance.rb	(15,24)-(15,25):failed to resolve overloads	V5
corpus/09-dp/edit_distance.rb	(15,32)-(15,38):undefined method: singleton(Costs)#delete	V5
corpus/09-dp/edit_distance.rb	(16,24)-(16,25):failed to resolve overloads	V5
corpus/09-dp/edit_distance.rb	(16,32)-(16,38):undefined method: singleton(Costs)#insert	V5
corpus/09-dp/edit_distance.rb	(17,28)-(17,29):failed to resolve overloads	V5
corpus/09-dp/edit_distance.rb	(17,36)-(17,46):undefined method: singleton(Costs)#substitute	V5
corpus/09-dp/edit_distance.rb	(34,52)-(34,53):failed to resolve overloads	V5
corpus/09-dp/edit_distance.rb	(34,60)-(34,70):undefined method: singleton(Costs)#substitute	V5
corpus/09-dp/edit_distance.rb	(38,42)-(38,43):failed to resolve overloads	V5
corpus/09-dp/edit_distance.rb	(38,50)-(38,56):undefined method: singleton(Costs)#delete	V5
corpus/09-dp/grid_paths.rb	(49,12)-(49,15):failed to resolve overloads	V6
corpus/09-dp/grid_paths.rb	(52,13)-(52,14):undefined method: nil#>	V6
corpus/09-dp/grid_paths.rb	(52,23)-(52,30):failed to resolve overloads	V6
corpus/09-dp/grid_paths.rb	(52,26)-(52,27):undefined method: nil#-	V6
corpus/09-dp/grid_paths.rb	(53,15)-(53,16):undefined method: nil#>	V6
corpus/09-dp/grid_paths.rb	(53,25)-(53,28):failed to resolve overloads	V6
corpus/09-dp/grid_paths.rb	(53,31)-(53,32):undefined method: nil#-	V6
corpus/09-dp/grid_paths.rb	(55,12)-(55,15):failed to resolve overloads	V6
corpus/09-dp/grid_paths.rb	(56,12)-(56,15):failed to resolve overloads	V6
corpus/09-dp/grid_paths.rb	(58,12)-(58,15):failed to resolve overloads	V6
corpus/09-dp/grid_paths.rb	(59,12)-(59,15):failed to resolve overloads	V6
corpus/09-dp/grid_paths.rb	(93,33)-(93,34):wrong type of arguments	V11
corpus/17-encodings/playfair.rb	(27,44)-(27,45):undefined method: Numeric#*	V2
corpus/17-encodings/protobuf_wire.rb	(26,15)-(26,16):undefined method: String#&	residual
corpus/17-encodings/protobuf_wire.rb	(27,6)-(27,9):undefined method: String#>>	residual
corpus/17-encodings/protobuf_wire.rb	(42,50)-(42,52):undefined method: String#>>	residual
corpus/17-encodings/protobuf_wire.rb	(44,19)-(44,24):undefined method: Integer#bytes	residual
corpus/17-encodings/protobuf_wire.rb	(55,17)-(55,18):undefined method: String#&	residual
corpus/17-encodings/protobuf_wire.rb	(82,26)-(82,29):undefined method: nil#map	V9
corpus/01-text/csv_report.rb	(97,10)-(97,12):failed to resolve overloads	V11
corpus/01-text/csv_report.rb	(100,61)-(100,62):wrong type of arguments	V11
corpus/01-text/csv_report.rb	(123,44)-(123,48):undefined method: nil#size	residual
corpus/01-text/date_format.rb	(41,40)-(41,41):undefined method: Numeric#/	V2
corpus/01-text/date_format.rb	(95,16)-(95,19):undefined method: nil#[]	V8
corpus/01-text/date_format.rb	(95,27)-(95,30):undefined method: nil#[]	V8
corpus/01-text/date_format.rb	(95,38)-(95,41):undefined method: nil#[]	V8
corpus/01-text/date_format.rb	(97,16)-(97,19):undefined method: nil#[]	V8
corpus/01-text/date_format.rb	(97,27)-(97,30):undefined method: nil#[]	V8
corpus/01-text/date_format.rb	(97,38)-(97,41):undefined method: nil#[]	V8
corpus/01-text/date_format.rb	(99,43)-(99,51):undefined method: nil#downcase	V9
corpus/01-text/date_format.rb	(99,65)-(99,73):undefined method: nil#downcase	V9
corpus/01-text/date_format.rb	(99,61)-(99,64):undefined method: nil#[]	V8
corpus/01-text/date_format.rb	(100,45)-(100,48):undefined method: nil#[]	V8
corpus/01-text/date_format.rb	(101,16)-(101,19):undefined method: nil#[]	V8
corpus/01-text/date_format.rb	(101,30)-(101,31):undefined method: nil#+	V7
corpus/01-text/date_format.rb	(101,36)-(101,39):undefined method: nil#[]	V8
corpus/01-text/human_format.rb	(4,10)-(4,14):undefined method: nil#size	V9
corpus/01-text/human_format.rb	(5,20)-(5,26):undefined method: nil#[]	V9
corpus/01-text/human_format.rb	(6,9)-(6,17):undefined method: nil#[]	V9
corpus/01-text/human_format.rb	(69,13)-(69,18):wrong type of arguments	V1
corpus/01-text/human_format.rb	(75,31)-(75,32):failed to resolve overloads	residual
corpus/01-text/inflector.rb	(15,17)-(15,23):undefined method: nil#upcase	V9
corpus/01-text/inflector.rb	(15,42)-(15,50):undefined method: nil#downcase	V9
corpus/01-text/inflector.rb	(21,16)-(21,23):undefined method: nil#pattern	V7
corpus/01-text/inflector.rb	(21,30)-(21,41):undefined method: nil#replacement	V7
corpus/01-text/inflector.rb	(97,24)-(97,28):undefined method: nil#join	V9
corpus/17-encodings/hex_dump.rb	(21,18)-(21,21):undefined method: nil#hex	V9
corpus/17-encodings/hex_dump.rb	(21,14)-(21,17):undefined method: nil#[]	V7
corpus/17-encodings/hex_dump.rb	(23,9)-(23,14):undefined method: nil#strip	V9
corpus/17-encodings/hex_dump.rb	(23,5)-(23,8):undefined method: nil#[]	V7
corpus/17-encodings/hex_dump.rb	(24,40)-(24,43):undefined method: Array[String?]#hex	V9
corpus/17-encodings/huffman.rb	(52,10)-(52,15):undefined method: nil#leaf?	V7
corpus/17-encodings/huffman.rb	(53,15)-(53,21):undefined method: nil#symbol	V7
corpus/17-encodings/huffman.rb	(55,22)-(55,26):undefined method: nil#left	V7
corpus/17-encodings/huffman.rb	(56,22)-(56,27):undefined method: nil#right	V7
corpus/17-encodings/huffman.rb	(65,27)-(65,31):undefined method: nil#left	V10
corpus/17-encodings/huffman.rb	(65,39)-(65,44):undefined method: nil#right	V10
corpus/17-encodings/huffman.rb	(66,12)-(66,17):undefined method: nil#leaf?	V10
corpus/17-encodings/huffman.rb	(67,18)-(67,24):undefined method: nil#symbol	V10
corpus/17-encodings/morse.rb	(38,11)-(38,22):undefined method: Array[String?]#start_with?	V9
corpus/17-encodings/morse.rb	(77,34)-(77,35):expected: Comparable | Array[...]; actual: nil	V6
corpus/17-encodings/murmur_ring.rb	(64,34)-(64,40):expected: Integer; actual: bool	failed@V11
corpus/02-analytics/ngram_counts.rb	(61,45)-(61,46):failed to resolve overloads	failed@V6
corpus/02-analytics/ngram_counts.rb	(62,30)-(62,31):failed to resolve overloads	failed@V6
corpus/02-analytics/ngram_counts.rb	(83,29)-(83,30):expected: Comparable | Array[...]; actual: nil	failed@V6
corpus/02-analytics/rake_keywords.rb	(118,29)-(118,34):undefined method: singleton(Scoring)#score	V5
corpus/02-analytics/rake_keywords.rb	(128,69)-(128,74):undefined method: singleton(Scoring)#score	V5
corpus/02-analytics/rake_keywords.rb	(143,15)-(143,21):undefined method: nil#values	residual
corpus/02-analytics/rake_keywords.rb	(144,26)-(144,30):undefined method: nil#size	residual
corpus/02-analytics/rake_keywords.rb	(146,6)-(146,10):undefined method: nil#each	residual
corpus/02-analytics/rake_keywords.rb	(175,42)-(175,47):undefined method: singleton(Scoring)#ratio	V5
corpus/02-analytics/readability.rb	(41,11)-(41,19):undefined method: nil#downcase	V6
corpus/02-analytics/readability.rb	(55,10)-(55,15):undefined method: Array[String?]#split	V9
corpus/02-analytics/readability.rb	(55,34)-(55,43):wrong number of arguments (2 for 0)	residual
corpus/02-analytics/readability.rb	(56,8)-(56,10):failed to resolve overloads	V11
corpus/02-analytics/readability.rb	(93,34)-(93,35):undefined method: nil#*	V6
corpus/02-analytics/readability.rb	(93,44)-(93,48):undefined method: nil#size	V6
corpus/02-analytics/readability.rb	(99,18)-(99,27):wrong number of arguments (2 for 0)	residual
corpus/02-analytics/rhyme_scheme.rb	(35,11)-(35,16):undefined method: nil#match	V9
corpus/07-trees/avl_tree.rb	(20,26)-(20,32):undefined method: nil#height	V7
corpus/07-trees/avl_tree.rb	(23,4)-(23,10):undefined method: nil#height=	V10
corpus/07-trees/avl_tree.rb	(23,18)-(23,22):undefined method: nil#left	V10
corpus/07-trees/avl_tree.rb	(23,29)-(23,34):undefined method: nil#right	V10
corpus/07-trees/avl_tree.rb	(26,21)-(26,25):undefined method: nil#left	V10
corpus/07-trees/avl_tree.rb	(26,33)-(26,38):undefined method: nil#right	V10
corpus/07-trees/avl_tree.rb	(30,8)-(30,12):undefined method: nil#left	V10
corpus/07-trees/avl_tree.rb	(31,4)-(31,8):undefined method: nil#left=	V10
corpus/07-trees/avl_tree.rb	(31,13)-(31,18):undefined method: nil#right	V10
corpus/07-trees/avl_tree.rb	(32,4)-(32,9):undefined method: nil#right=	V10
corpus/07-trees/avl_tree.rb	(40,8)-(40,13):undefined method: nil#right	V10
corpus/07-trees/avl_tree.rb	(41,4)-(41,9):undefined method: nil#right=	V10
corpus/07-trees/avl_tree.rb	(41,14)-(41,18):undefined method: nil#left	V10
corpus/07-trees/avl_tree.rb	(42,4)-(42,8):undefined method: nil#left=	V10
corpus/07-trees/avl_tree.rb	(52,50)-(52,54):undefined method: nil#left	V10
corpus/07-trees/avl_tree.rb	(52,6)-(52,10):undefined method: nil#left=	V10
corpus/07-trees/avl_tree.rb	(52,27)-(52,31):undefined method: nil#left	V10
corpus/07-trees/avl_tree.rb	(56,53)-(56,58):undefined method: nil#right	V10
corpus/07-trees/avl_tree.rb	(56,6)-(56,11):undefined method: nil#right=	V10
corpus/07-trees/avl_tree.rb	(56,29)-(56,34):undefined method: nil#right	V10
corpus/07-trees/avl_tree.rb	(64,13)-(64,16):undefined method: nil#key	V7
corpus/07-trees/avl_tree.rb	(65,6)-(65,10):undefined method: nil#left=	V7
corpus/07-trees/avl_tree.rb	(65,22)-(65,26):undefined method: nil#left	V7
corpus/07-trees/avl_tree.rb	(66,16)-(66,19):undefined method: nil#key	V7
corpus/07-trees/avl_tree.rb	(67,6)-(67,11):undefined method: nil#right=	V7
corpus/07-trees/avl_tree.rb	(67,23)-(67,28):undefined method: nil#right	V7
corpus/07-trees/avl_tree.rb	(75,22)-(75,26):undefined method: nil#left	V7
corpus/07-trees/avl_tree.rb	(75,11)-(75,16):undefined method: nil#right	V10
corpus/07-trees/avl_tree.rb	(76,4)-(76,8):undefined method: nil#left=	V10
corpus/07-trees/avl_tree.rb	(76,24)-(76,28):undefined method: nil#left	V10
corpus/07-trees/avl_tree.rb	(82,13)-(82,16):undefined method: nil#key	V7
corpus/07-trees/avl_tree.rb	(83,6)-(83,10):undefined method: nil#left=	V7
corpus/07-trees/avl_tree.rb	(83,22)-(83,26):undefined method: nil#left	V7
corpus/07-trees/avl_tree.rb	(84,16)-(84,19):undefined method: nil#key	V7
corpus/07-trees/avl_tree.rb	(85,6)-(85,11):undefined method: nil#right=	V7
corpus/07-trees/avl_tree.rb	(85,23)-(85,28):undefined method: nil#right	V7
corpus/07-trees/avl_tree.rb	(87,10)-(87,14):undefined method: nil#left	V7
corpus/07-trees/avl_tree.rb	(88,10)-(88,15):undefined method: nil#right	V7
corpus/07-trees/avl_tree.rb	(91,23)-(91,27):undefined method: nil#left	V10
corpus/07-trees/avl_tree.rb	(91,10)-(91,14):undefined method: nil#left	V10
corpus/07-trees/avl_tree.rb	(92,6)-(92,11):undefined method: nil#right=	V10
corpus/07-trees/avl_tree.rb	(93,6)-(93,10):undefined method: nil#left=	V10
corpus/07-trees/avl_tree.rb	(101,8)-(101,11):undefined method: nil#key	V7
corpus/07-trees/avl_tree.rb	(104,20)-(104,26):undefined method: nil#height	V7
corpus/07-trees/avl_tree.rb	(104,39)-(104,43):undefined method: nil#left	V7
corpus/07-trees/avl_tree.rb	(104,50)-(104,55):undefined method: nil#right	V7
corpus/07-trees/avl_tree.rb	(105,11)-(105,15):undefined method: nil#left	V7
corpus/07-trees/avl_tree.rb	(105,36)-(105,41):undefined method: nil#right	V7
corpus/07-trees/avl_tree.rb	(110,9)-(110,13):undefined method: nil#left	V7
corpus/07-trees/avl_tree.rb	(111,11)-(111,14):undefined method: nil#key	V7
corpus/07-trees/avl_tree.rb	(112,9)-(112,14):undefined method: nil#right	V7
corpus/07-trees/avl_tree.rb	(117,9)-(117,14):undefined method: nil#right	V7
corpus/07-trees/avl_tree.rb	(118,33)-(118,36):undefined method: nil#key	V7
corpus/07-trees/avl_tree.rb	(119,9)-(119,13):undefined method: nil#left	V7
corpus/07-trees/avl_tree.rb	(129,22)-(129,25):undefined method: nil#key	V7
corpus/07-trees/avl_tree.rb	(130,19)-(130,23):undefined method: nil#left	V7
corpus/07-trees/avl_tree.rb	(130,41)-(130,46):undefined method: nil#right	V7
corpus/07-trees/avl_tree.rb	(152,34)-(152,37):undefined method: nil#key	V10
corpus/07-trees/bill_of_materials.rb	(29,28)-(29,33):undefined method: Array[String]#strip	V3
corpus/07-trees/bill_of_materials.rb	(36,24)-(36,29):undefined method: Array[String]#strip	V3
corpus/07-trees/bill_of_materials.rb	(68,58)-(68,59):failed to resolve overloads	V3
corpus/07-trees/bill_of_materials.rb	(76,65)-(76,66):failed to resolve overloads	V3
corpus/07-trees/bill_of_materials.rb	(118,41)-(118,42):failed to resolve overloads	V3
corpus/07-trees/bill_of_materials.rb	(120,52)-(120,53):failed to resolve overloads	V3
corpus/07-trees/bst_basic.rb	(18,16)-(18,19):undefined method: nil#key	V7
corpus/07-trees/bst_basic.rb	(19,9)-(19,13):undefined method: nil#left=	V7
corpus/07-trees/bst_basic.rb	(19,28)-(19,32):undefined method: nil#left	V7
corpus/07-trees/bst_basic.rb	(20,19)-(20,22):undefined method: nil#key	V7
corpus/07-trees/bst_basic.rb	(21,9)-(21,14):undefined method: nil#right=	V7
corpus/07-trees/bst_basic.rb	(21,29)-(21,34):undefined method: nil#right	V7
corpus/07-trees/bst_basic.rb	(23,9)-(23,14):undefined method: nil#value=	V7
corpus/07-trees/bst_basic.rb	(37,30)-(37,34):undefined method: nil#left	V10
corpus/07-trees/bst_basic.rb	(37,14)-(37,18):undefined method: nil#left	V10
corpus/07-trees/bst_basic.rb	(43,16)-(43,19):undefined method: nil#key	V7
corpus/07-trees/bst_basic.rb	(44,9)-(44,13):undefined method: nil#left=	V7
corpus/07-trees/bst_basic.rb	(44,28)-(44,32):undefined method: nil#left	V7
corpus/07-trees/bst_basic.rb	(45,19)-(45,22):undefined method: nil#key	V7
corpus/07-trees/bst_basic.rb	(46,9)-(46,14):undefined method: nil#right=	V7
corpus/07-trees/bst_basic.rb	(46,29)-(46,34):undefined method: nil#right	V7
corpus/07-trees/bst_basic.rb	(48,30)-(48,34):undefined method: nil#left	V7
corpus/07-trees/bst_basic.rb	(48,16)-(48,21):undefined method: nil#right	V7
corpus/07-trees/bst_basic.rb	(49,29)-(49,34):undefined method: nil#right	V7
corpus/07-trees/bst_basic.rb	(49,16)-(49,20):undefined method: nil#left	V7
corpus/07-trees/bst_basic.rb	(50,25)-(50,30):undefined method: nil#right	V7
corpus/07-trees/bst_basic.rb	(51,9)-(51,12):undefined method: nil#key=	V7
corpus/07-trees/bst_basic.rb	(51,20)-(51,23):undefined method: nil#key	V10
corpus/07-trees/bst_basic.rb	(52,9)-(52,14):undefined method: nil#value=	V7
corpus/07-trees/bst_basic.rb	(52,22)-(52,27):undefined method: nil#value	V10
corpus/07-trees/bst_basic.rb	(53,9)-(53,14):undefined method: nil#right=	V7
corpus/07-trees/bst_basic.rb	(53,29)-(53,34):undefined method: nil#right	V7
corpus/07-trees/bst_basic.rb	(53,41)-(53,44):undefined method: nil#key	V10
corpus/07-trees/bst_basic.rb	(60,20)-(60,24):undefined method: nil#left	V7
corpus/07-trees/bst_basic.rb	(61,13)-(61,16):undefined method: nil#key	V7
corpus/07-trees/bst_basic.rb	(61,23)-(61,28):undefined method: nil#value	V7
corpus/07-trees/bst_basic.rb	(62,20)-(62,25):undefined method: nil#right	V7
corpus/07-trees/bst_basic.rb	(67,19)-(67,23):undefined method: nil#left	V7
corpus/07-trees/bst_basic.rb	(67,38)-(67,43):undefined method: nil#right	V7
corpus/07-trees/bst_basic.rb	(72,19)-(72,24):undefined method: nil#leaf?	V7
corpus/07-trees/bst_basic.rb	(73,20)-(73,24):undefined method: nil#left	V7
corpus/07-trees/bst_basic.rb	(73,46)-(73,51):undefined method: nil#right	V7
corpus/07-trees/bst_basic.rb	(78,11)-(78,14):undefined method: nil#key	V7
corpus/07-trees/bst_basic.rb	(79,18)-(79,22):undefined method: nil#left	V7
corpus/07-trees/bst_basic.rb	(81,18)-(81,23):undefined method: nil#right	V7
corpus/07-trees/bst_basic.rb	(134,77)-(134,80):undefined method: nil#key	V10
corpus/07-trees/decision_tree.rb	(24,19)-(24,23):wrong type of arguments	V1
corpus/07-trees/decision_tree.rb	(35,63)-(35,64):failed to resolve overloads	V11
corpus/07-trees/decision_tree.rb	(42,18)-(42,26):wrong number of arguments (2 for 0)	residual
corpus/07-trees/decision_tree.rb	(44,18)-(44,26):wrong number of arguments (2 for 0)	residual
corpus/07-trees/decision_tree.rb	(48,28)-(48,36):wrong number of arguments (2 for 0)	residual
corpus/07-trees/decision_tree.rb	(79,91)-(79,92):undefined method: nil#+	residual
corpus/07-trees/decision_tree.rb	(79,99)-(79,100):undefined method: nil#+	residual
corpus/07-trees/decision_tree.rb	(85,30)-(85,33):failed to resolve overloads	V3
corpus/01-text/markdown_table.rb	(23,21)-(23,30):undefined method: nil#end_with?	V9
corpus/01-text/markdown_table.rb	(23,7)-(23,15):undefined method: nil#[]	V9
corpus/01-text/markdown_table.rb	(24,4)-(24,9):undefined method: nil#split	V9
corpus/01-text/number_words.rb	(34,32)-(34,33):undefined method: Numeric#/	V2
corpus/01-text/number_words.rb	(55,13)-(55,22):undefined method: nil#end_with?	V9
corpus/01-text/number_words.rb	(56,16)-(56,29):undefined method: nil#delete_suffix	V9
corpus/01-text/spell_suggest.rb	(54,8)-(54,16):wrong number of arguments (2 for 0)	residual
corpus/01-text/spell_suggest.rb	(61,18)-(61,21):undefined method: nil#[]	V9
corpus/01-text/spell_suggest.rb	(72,33)-(72,41):undefined method: nil#downcase	V9
corpus/01-text/spell_suggest.rb	(73,27)-(73,35):undefined method: nil#downcase	V9
corpus/01-text/spell_suggest.rb	(79,37)-(79,41):undefined method: nil#word	residual
corpus/01-text/spell_suggest.rb	(88,67)-(88,75):wrong number of arguments (2 for 0)	residual
corpus/02-analytics/soundex_index.rb	(21,15)-(21,21):undefined method: nil#upcase	V9
corpus/02-analytics/spell_suggest.rb	(25,43)-(25,47):undefined method: nil#size	V9
corpus/02-analytics/spell_suggest.rb	(25,20)-(25,21):undefined method: nil#+	V9
corpus/02-analytics/spell_suggest.rb	(25,27)-(25,33):undefined method: nil#[]	V9
corpus/02-analytics/spell_suggest.rb	(26,13)-(26,17):undefined method: nil#size	V9
corpus/02-analytics/spell_suggest.rb	(27,22)-(27,23):undefined method: nil#+	V9
corpus/02-analytics/spell_suggest.rb	(27,29)-(27,32):undefined method: nil#[]	V9
corpus/02-analytics/spell_suggest.rb	(27,40)-(27,43):undefined method: nil#[]	V9
corpus/02-analytics/spell_suggest.rb	(27,51)-(27,57):undefined method: nil#[]	V9
corpus/02-analytics/spell_suggest.rb	(30,49)-(30,53):undefined method: nil#size	V9
corpus/02-analytics/spell_suggest.rb	(30,22)-(30,23):undefined method: nil#+	V9
corpus/02-analytics/spell_suggest.rb	(30,33)-(30,39):undefined method: nil#[]	V9
corpus/02-analytics/spell_suggest.rb	(31,22)-(31,23):undefined method: nil#+	V9
corpus/02-analytics/vocabulary_growth.rb	(30,32)-(30,35):wrong type of arguments	V1
corpus/02-analytics/vocabulary_growth.rb	(31,32)-(31,35):wrong type of arguments	V1
corpus/02-analytics/vocabulary_growth.rb	(38,8)-(38,10):failed to resolve overloads	V11
corpus/02-analytics/vocabulary_growth.rb	(38,14)-(38,15):failed to resolve overloads	V11
corpus/02-analytics/vocabulary_growth.rb	(38,29)-(38,30):failed to resolve overloads	V11
corpus/02-analytics/vocabulary_growth.rb	(39,8)-(39,10):failed to resolve overloads	V11
corpus/02-analytics/vocabulary_growth.rb	(39,14)-(39,15):failed to resolve overloads	V11
corpus/02-analytics/vocabulary_growth.rb	(39,25)-(39,26):failed to resolve overloads	V11
corpus/02-analytics/vocabulary_growth.rb	(42,11)-(42,14):wrong type of arguments	V11
corpus/02-analytics/vocabulary_growth.rb	(42,25)-(42,26):failed to resolve overloads	V11
corpus/02-analytics/vocabulary_growth.rb	(77,57)-(77,58):failed to resolve overloads	residual
corpus/03-numtheory/digit_curiosities.rb	(23,21)-(23,22):failed to resolve overloads	V11
corpus/03-numtheory/egyptian_fractions.rb	(6,10)-(6,19):undefined method: nil#numerator	V9
corpus/03-numtheory/egyptian_fractions.rb	(7,10)-(7,21):undefined method: nil#denominator	V9
corpus/03-numtheory/egyptian_fractions.rb	(7,32)-(7,41):undefined method: nil#numerator	V9
corpus/03-numtheory/egyptian_fractions.rb	(9,6)-(9,8):undefined method: nil#-	V9
corpus/03-numtheory/egyptian_fractions.rb	(20,15)-(20,16):undefined method: nil#+	V9
corpus/03-numtheory/egyptian_fractions.rb	(20,15)-(20,16):undefined method: nil#+	V9
corpus/03-numtheory/egyptian_fractions.rb	(21,15)-(21,16):undefined method: nil#*	V9
corpus/03-numtheory/egyptian_fractions.rb	(21,15)-(21,16):undefined method: nil#*	V9
corpus/03-numtheory/egyptian_fractions.rb	(21,22)-(21,23):undefined method: nil#+	V9
corpus/03-numtheory/egyptian_fractions.rb	(21,22)-(21,23):undefined method: nil#+	V9
corpus/03-numtheory/egyptian_fractions.rb	(34,16)-(34,17):undefined method: nil#-	V9
corpus/03-numtheory/egyptian_fractions.rb	(60,13)-(60,15):undefined method: nil#>=	V9
corpus/03-numtheory/egyptian_fractions.rb	(62,9)-(62,11):undefined method: nil#-	V9
corpus/03-numtheory/egyptian_fractions.rb	(78,65)-(78,66):undefined method: nil#%	V6
corpus/03-numtheory/factor_functions.rb	(23,45)-(23,46):failed to resolve overloads	V11
corpus/03-numtheory/factor_functions.rb	(23,50)-(23,51):undefined method: nil#+	residual
corpus/03-numtheory/factor_functions.rb	(27,23)-(27,25):failed to resolve overloads	V11
corpus/03-numtheory/factor_functions.rb	(27,43)-(27,44):undefined method: Numeric#/	residual
corpus/03-numtheory/factor_functions.rb	(31,48)-(31,49):failed to resolve overloads	residual
corpus/03-numtheory/factor_functions.rb	(31,57)-(31,58):undefined method: nil#-	residual
corpus/03-numtheory/factor_functions.rb	(40,54)-(40,55):failed to resolve overloads	V11
corpus/03-numtheory/factor_functions.rb	(40,57)-(40,59):undefined method: nil#**	residual
corpus/03-numtheory/farey_stern_brocot.rb	(16,35)-(16,44):undefined method: nil#numerator	V9
corpus/03-numtheory/farey_stern_brocot.rb	(16,49)-(16,60):undefined method: nil#denominator	V9
corpus/03-numtheory/farey_stern_brocot.rb	(16,65)-(16,74):undefined method: nil#numerator	V9
corpus/03-numtheory/farey_stern_brocot.rb	(16,79)-(16,90):undefined method: nil#denominator	V9
corpus/03-numtheory/farey_stern_brocot.rb	(20,13)-(20,22):undefined method: nil#numerator	V9
corpus/03-numtheory/farey_stern_brocot.rb	(20,27)-(20,36):undefined method: nil#numerator	V9
corpus/03-numtheory/farey_stern_brocot.rb	(20,40)-(20,51):undefined method: nil#denominator	V9
corpus/03-numtheory/farey_stern_brocot.rb	(20,56)-(20,67):undefined method: nil#denominator	V9
corpus/03-numtheory/farey_stern_brocot.rb	(31,14)-(31,15):undefined method: nil#<	V9
corpus/03-numtheory/farey_stern_brocot.rb	(66,14)-(66,23):undefined method: nil#numerator	V9
corpus/03-numtheory/farey_stern_brocot.rb	(66,27)-(66,38):undefined method: nil#denominator	V9
corpus/03-numtheory/farey_stern_brocot.rb	(68,14)-(68,23):undefined method: nil#numerator	V9
corpus/03-numtheory/farey_stern_brocot.rb	(68,27)-(68,38):undefined method: nil#denominator	V9
corpus/03-numtheory/farey_stern_brocot.rb	(85,14)-(85,15):undefined method: nil#-	V9
corpus/03-numtheory/farey_stern_brocot.rb	(86,15)-(86,16):undefined method: nil#+	V9
corpus/03-numtheory/farey_stern_brocot.rb	(103,16)-(103,20):wrong type of arguments	V1
corpus/03-numtheory/farey_stern_brocot.rb	(103,37)-(103,40):wrong type of arguments	V1
corpus/03-numtheory/fibonacci_numbers.rb	(15,16)-(15,17):undefined method: Numeric#*	V2
corpus/03-numtheory/fibonacci_numbers.rb	(15,27)-(15,28):undefined method: Numeric#*	V2
corpus/03-numtheory/fibonacci_numbers.rb	(15,37)-(15,38):undefined method: Numeric#*	V2
corpus/03-numtheory/fibonacci_numbers.rb	(15,48)-(15,49):undefined method: Numeric#*	V2
corpus/03-numtheory/fibonacci_numbers.rb	(16,16)-(16,17):undefined method: Numeric#*	V2
corpus/03-numtheory/fibonacci_numbers.rb	(16,27)-(16,28):undefined method: Numeric#*	V2
corpus/03-numtheory/fibonacci_numbers.rb	(16,37)-(16,38):undefined method: Numeric#*	V2
corpus/03-numtheory/fibonacci_numbers.rb	(16,48)-(16,49):undefined method: Numeric#*	V2
corpus/03-numtheory/fibonacci_numbers.rb	(27,38)-(27,42):undefined method: Numeric#odd?	residual
corpus/03-numtheory/fibonacci_numbers.rb	(29,8)-(29,10):undefined method: Numeric#/	residual
corpus/03-numtheory/fibonacci_numbers.rb	(98,53)-(98,54):undefined method: nil#-	V9
corpus/03-numtheory/fibonacci_numbers.rb	(105,53)-(105,54):failed to resolve overloads	V11
corpus/03-numtheory/fibonacci_numbers.rb	(110,76)-(110,80):wrong type of arguments	V1
corpus/09-dp/held_karp.rb	(26,17)-(26,23):failed to resolve overloads	V6
corpus/09-dp/held_karp.rb	(32,23)-(32,26):failed to resolve overloads	V6
corpus/09-dp/held_karp.rb	(33,18)-(33,23):failed to resolve overloads	V6
corpus/09-dp/held_karp.rb	(35,14)-(35,19):failed to resolve overloads	V6
corpus/09-dp/held_karp.rb	(36,14)-(36,19):failed to resolve overloads	V6
corpus/09-dp/held_karp.rb	(44,18)-(44,21):failed to resolve overloads	V6
corpus/09-dp/held_karp.rb	(46,17)-(46,20):failed to resolve overloads	V6
corpus/09-dp/held_karp.rb	(57,19)-(57,22):failed to resolve overloads	V6
corpus/09-dp/held_karp.rb	(58,15)-(58,17):wrong type of arguments	V6
corpus/09-dp/held_karp.rb	(97,15)-(97,16):failed to resolve overloads	V6
corpus/09-dp/held_karp.rb	(97,29)-(97,30):failed to resolve overloads	V6
corpus/09-dp/house_robber.rb	(27,21)-(27,23):undefined method: nil#>=	V6
corpus/09-dp/house_robber.rb	(27,35)-(27,36):undefined method: nil#-	V6
corpus/09-dp/house_robber.rb	(28,16)-(28,18):undefined method: nil#>=	V6
corpus/09-dp/house_robber.rb	(28,30)-(28,31):undefined method: nil#-	V6
corpus/09-dp/house_robber.rb	(56,26)-(56,30):undefined method: nil#left	V7
corpus/09-dp/house_robber.rb	(57,26)-(57,31):undefined method: nil#right	V7
corpus/09-dp/house_robber.rb	(58,8)-(58,12):undefined method: nil#loot	V7
corpus/09-dp/house_robber.rb	(65,14)-(65,18):undefined method: nil#name	V7
corpus/09-dp/house_robber.rb	(66,17)-(66,21):undefined method: nil#left	V7
corpus/09-dp/house_robber.rb	(67,17)-(67,22):undefined method: nil#right	V7
corpus/09-dp/house_robber.rb	(73,21)-(73,25):undefined method: nil#left	V7
corpus/09-dp/house_robber.rb	(73,44)-(73,49):undefined method: nil#right	V7
corpus/09-dp/interval_scheduling.rb	(37,45)-(37,50):undefined method: Array[String]#ljust	V3
corpus/09-dp/interval_scheduling.rb	(42,16)-(42,19):failed to resolve overloads	V6
corpus/09-dp/interval_scheduling.rb	(44,9)-(44,10):undefined method: nil#-	V6
corpus/09-dp/interval_scheduling.rb	(46,11)-(46,13):wrong type of arguments	V6
corpus/09-dp/interval_scheduling.rb	(47,14)-(47,15):failed to resolve overloads	V6
corpus/09-dp/interval_scheduling.rb	(48,13)-(48,18):failed to resolve overloads	V6
corpus/09-dp/interval_scheduling.rb	(64,16)-(64,19):failed to resolve overloads	V6
corpus/09-dp/interval_scheduling.rb	(65,17)-(65,20):failed to resolve overloads	V6
corpus/09-dp/interval_scheduling.rb	(70,10)-(70,12):undefined method: nil#>=	V7
corpus/09-dp/interval_scheduling.rb	(72,56)-(72,57):undefined method: nil#+	V7
corpus/09-dp/interval_scheduling.rb	(77,8)-(77,10):undefined method: nil#-	V7
corpus/09-dp/interval_scheduling.rb	(103,63)-(103,64):failed to resolve overloads	V11
corpus/09-dp/interval_scheduling.rb	(109,27)-(109,32):undefined method: nil#start	V9
corpus/09-dp/lcs_diff.rb	(90,19)-(90,23):wrong type of arguments	V1
corpus/04-numeric/eigenvalues.rb	(12,19)-(12,23):wrong type of arguments	V11
corpus/04-numeric/eigenvalues.rb	(65,36)-(65,38):failed to resolve overloads	V11
corpus/04-numeric/eigenvalues.rb	(71,43)-(71,44):failed to resolve overloads	V11
corpus/04-numeric/eigenvalues.rb	(72,40)-(72,41):failed to resolve overloads	V11
corpus/04-numeric/eigenvalues.rb	(72,60)-(72,64):wrong type of arguments	V11
corpus/04-numeric/eigenvalues.rb	(73,23)-(73,27):wrong type of arguments	V11
corpus/04-numeric/eigenvalues.rb	(78,22)-(78,23):failed to resolve overloads	V11
corpus/04-numeric/eigenvalues.rb	(79,32)-(79,33):failed to resolve overloads	V11
corpus/04-numeric/eigenvalues.rb	(84,22)-(84,23):failed to resolve overloads	V11
corpus/04-numeric/eigenvalues.rb	(85,32)-(85,33):failed to resolve overloads	V11
corpus/04-numeric/eigenvalues.rb	(131,42)-(131,45):wrong type of arguments	V1
corpus/04-numeric/float_accuracy.rb	(46,11)-(46,15):wrong type of arguments	V1
corpus/04-numeric/float_accuracy.rb	(51,11)-(51,15):wrong type of arguments	V1
corpus/04-numeric/float_accuracy.rb	(60,11)-(60,12):undefined method: nil#<	V9
corpus/04-numeric/float_accuracy.rb	(61,12)-(61,22):undefined method: nil#next_float	V9
corpus/04-numeric/float_accuracy.rb	(68,54)-(68,58):wrong type of arguments	V1
corpus/04-numeric/float_accuracy.rb	(87,33)-(87,36):wrong type of arguments	V1
corpus/04-numeric/fourier_spectrum.rb	(9,42)-(9,45):wrong type of arguments	V1
corpus/04-numeric/fourier_spectrum.rb	(9,63)-(9,66):wrong type of arguments	V1
corpus/04-numeric/fourier_spectrum.rb	(11,29)-(11,31):undefined method: nil#re	V9
corpus/04-numeric/fourier_spectrum.rb	(11,29)-(11,31):undefined method: Array[untyped]#re	V1
corpus/04-numeric/fourier_spectrum.rb	(11,29)-(11,31):undefined method: Array[untyped]#re	V1
corpus/04-numeric/fourier_spectrum.rb	(11,41)-(11,43):undefined method: nil#im	V9
corpus/04-numeric/fourier_spectrum.rb	(11,41)-(11,43):undefined method: Array[untyped]#im	V1
corpus/04-numeric/fourier_spectrum.rb	(11,41)-(11,43):undefined method: Array[untyped]#im	V1
corpus/04-numeric/fourier_spectrum.rb	(15,32)-(15,34):undefined method: Float#re	residual
corpus/04-numeric/fourier_spectrum.rb	(15,32)-(15,34):undefined method: Array[untyped]#re	V3
corpus/04-numeric/fourier_spectrum.rb	(15,32)-(15,34):undefined method: Array[untyped]#re	V3
corpus/04-numeric/fourier_spectrum.rb	(15,32)-(15,34):... and other 1 errors	V3
corpus/04-numeric/fourier_spectrum.rb	(15,45)-(15,47):undefined method: Float#im	residual
corpus/04-numeric/fourier_spectrum.rb	(15,45)-(15,47):undefined method: Array[untyped]#im	V3
corpus/04-numeric/fourier_spectrum.rb	(15,45)-(15,47):undefined method: Array[untyped]#im	V3
corpus/04-numeric/fourier_spectrum.rb	(15,45)-(15,47):... and other 1 errors	V3
corpus/04-numeric/fourier_spectrum.rb	(15,57)-(15,59):undefined method: Float#im	residual
corpus/04-numeric/fourier_spectrum.rb	(15,57)-(15,59):undefined method: Array[untyped]#im	V3
corpus/04-numeric/fourier_spectrum.rb	(15,57)-(15,59):undefined method: Array[untyped]#im	V3
corpus/04-numeric/fourier_spectrum.rb	(15,57)-(15,59):... and other 1 errors	V3
corpus/04-numeric/fourier_spectrum.rb	(15,70)-(15,72):undefined method: Float#re	residual
corpus/04-numeric/fourier_spectrum.rb	(15,70)-(15,72):undefined method: Array[untyped]#re	V3
corpus/04-numeric/fourier_spectrum.rb	(15,70)-(15,72):undefined method: Array[untyped]#re	V3
corpus/04-numeric/fourier_spectrum.rb	(15,70)-(15,72):... and other 1 errors	V3
corpus/04-numeric/fourier_spectrum.rb	(20,17)-(20,22):wrong type of arguments	V1
corpus/04-numeric/fourier_spectrum.rb	(30,15)-(30,16):failed to resolve overloads	V3
corpus/04-numeric/fourier_spectrum.rb	(30,15)-(30,16):failed to resolve overloads	V3
corpus/04-numeric/fourier_spectrum.rb	(46,18)-(46,19):wrong type of arguments	V3
corpus/04-numeric/fourier_spectrum.rb	(46,18)-(46,19):wrong type of arguments	V3
corpus/04-numeric/fourier_spectrum.rb	(46,18)-(46,19):wrong type of arguments	V3
corpus/04-numeric/fourier_spectrum.rb	(47,26)-(47,27):wrong type of arguments	V3
corpus/04-numeric/fourier_spectrum.rb	(47,26)-(47,27):wrong type of arguments	V3
corpus/04-numeric/fourier_spectrum.rb	(47,26)-(47,27):wrong type of arguments	V3
corpus/04-numeric/fourier_spectrum.rb	(54,36)-(54,40):undefined method: Array[untyped]#conj	V3
corpus/04-numeric/fourier_spectrum.rb	(54,36)-(54,40):undefined method: Array[untyped]#conj	V3
corpus/04-numeric/fourier_spectrum.rb	(54,36)-(54,40):undefined method: Array[untyped]#conj	V3
corpus/04-numeric/fourier_spectrum.rb	(61,17)-(61,20):wrong type of arguments	V1
corpus/04-numeric/fourier_spectrum.rb	(61,60)-(61,63):wrong type of arguments	V1
corpus/04-numeric/fourier_spectrum.rb	(61,104)-(61,107):wrong type of arguments	V1
corpus/04-numeric/fourier_spectrum.rb	(72,25)-(72,28):undefined method: Array[untyped]#abs	V3
corpus/04-numeric/fourier_spectrum.rb	(72,25)-(72,28):undefined method: Array[untyped]#abs	V3
corpus/04-numeric/fourier_spectrum.rb	(72,25)-(72,28):undefined method: Array[untyped]#abs	V3
corpus/04-numeric/fourier_spectrum.rb	(81,33)-(81,35):undefined method: Array[untyped]#re	V3
corpus/04-numeric/fourier_spectrum.rb	(81,33)-(81,35):undefined method: Array[untyped]#re	V3
corpus/04-numeric/fourier_spectrum.rb	(82,31)-(82,34):undefined method: Array[untyped]#abs	V3
corpus/04-numeric/fourier_spectrum.rb	(82,31)-(82,34):undefined method: Array[untyped]#abs	V3
corpus/04-numeric/fourier_spectrum.rb	(82,31)-(82,34):undefined method: Array[untyped]#abs	V3
corpus/04-numeric/fourier_spectrum.rb	(97,20)-(97,23):wrong type of arguments	V1
corpus/04-numeric/gaussian_elimination.rb	(29,13)-(29,15):failed to resolve overloads	V11
corpus/04-numeric/gaussian_elimination.rb	(35,31)-(35,33):failed to resolve overloads	V11
corpus/04-numeric/gaussian_elimination.rb	(36,13)-(36,14):failed to resolve overloads	V11
corpus/04-numeric/gaussian_elimination.rb	(38,43)-(38,44):failed to resolve overloads	V11
corpus/04-numeric/gaussian_elimination.rb	(94,100)-(94,101):failed to resolve overloads	V11
corpus/04-numeric/gaussian_elimination.rb	(94,104)-(94,105):undefined method: nil#*	residual
corpus/04-numeric/gaussian_elimination.rb	(94,109)-(94,112):failed to resolve overloads	residual
corpus/04-numeric/histogram_fit.rb	(9,21)-(9,22):undefined method: Numeric#*	V2
corpus/04-numeric/histogram_fit.rb	(10,19)-(10,20):undefined method: Numeric#/	V2
corpus/04-numeric/histogram_fit.rb	(16,22)-(16,26):wrong type of arguments	V1
corpus/04-numeric/histogram_fit.rb	(16,39)-(16,42):wrong type of arguments	V1
corpus/04-numeric/histogram_fit.rb	(16,55)-(16,58):wrong type of arguments	V1
corpus/04-numeric/histogram_fit.rb	(36,28)-(36,31):wrong type of arguments	V1
corpus/04-numeric/histogram_fit.rb	(39,51)-(39,52):failed to resolve overloads	V11
corpus/04-numeric/histogram_fit.rb	(39,73)-(39,77):wrong type of arguments	V1
corpus/04-numeric/histogram_fit.rb	(53,22)-(53,26):wrong type of arguments	V1
corpus/04-numeric/histogram_fit.rb	(56,35)-(56,39):wrong type of arguments	V1
corpus/04-numeric/histogram_fit.rb	(57,7)-(57,8):failed to resolve overloads	V11
corpus/04-numeric/histogram_fit.rb	(57,28)-(57,31):wrong type of arguments	V1
corpus/04-numeric/histogram_fit.rb	(80,10)-(80,14):wrong type of arguments	V11
corpus/04-numeric/histogram_fit.rb	(80,35)-(80,36):failed to resolve overloads	V11
corpus/04-numeric/histogram_fit.rb	(89,12)-(89,13):wrong type of arguments	V11
corpus/04-numeric/histogram_fit.rb	(89,22)-(89,23):failed to resolve overloads	V11
corpus/04-numeric/histogram_fit.rb	(110,7)-(110,9):failed to resolve overloads	V11
corpus/04-numeric/histogram_fit.rb	(110,14)-(110,15):undefined method: nil#-	residual
corpus/04-numeric/histogram_fit.rb	(110,26)-(110,27):undefined method: nil#+	residual
corpus/04-numeric/histogram_fit.rb	(117,101)-(117,105):wrong type of arguments	V1
corpus/18-collections/library_loans.rb	(15,11)-(15,16):undefined method: Report#lines	residual
corpus/18-collections/library_loans.rb	(16,7)-(16,14):undefined method: Report#heading	residual
corpus/18-collections/library_loans.rb	(58,39)-(58,40):undefined method: nil#*	V7
corpus/18-collections/library_loans.rb	(115,23)-(115,24):undefined method: nil#+	V9
corpus/18-collections/library_loans.rb	(159,71)-(159,72):undefined method: nil#>	V7
corpus/18-collections/library_loans.rb	(180,44)-(180,45):wrong type of arguments	V1
corpus/18-collections/library_loans.rb	(185,41)-(185,42):wrong type of arguments	V1
corpus/18-collections/library_loans.rb	(194,59)-(194,60):undefined method: nil#-	V10
corpus/18-collections/lottery.rb	(24,17)-(24,18):wrong type of arguments	residual
corpus/18-collections/lottery.rb	(24,17)-(24,18):wrong type of arguments	residual
corpus/18-collections/lottery.rb	(24,17)-(24,18):wrong type of arguments	residual
corpus/18-collections/lottery.rb	(24,17)-(24,18):wrong type of arguments	residual
corpus/18-collections/lottery.rb	(24,17)-(24,18):wrong type of arguments	residual
corpus/18-collections/lottery.rb	(24,17)-(24,18):wrong type of arguments	residual
corpus/18-collections/lottery.rb	(24,17)-(24,18):wrong type of arguments	residual
corpus/18-collections/lottery.rb	(32,30)-(32,34):undefined method: nil#sort	residual
corpus/18-collections/lottery.rb	(38,69)-(38,70):wrong type of arguments	residual
corpus/18-collections/lottery.rb	(38,69)-(38,70):wrong type of arguments	residual
corpus/18-collections/lottery.rb	(38,69)-(38,70):wrong type of arguments	residual
corpus/18-collections/lottery.rb	(38,69)-(38,70):wrong type of arguments	residual
corpus/18-collections/lottery.rb	(38,69)-(38,70):wrong type of arguments	residual
corpus/18-collections/lottery.rb	(38,69)-(38,70):wrong type of arguments	residual
corpus/18-collections/lottery.rb	(38,69)-(38,70):wrong type of arguments	residual
corpus/18-collections/lottery.rb	(56,52)-(56,53):wrong type of arguments	V1
corpus/18-collections/lottery.rb	(56,52)-(56,53):wrong type of arguments	V1
corpus/18-collections/lottery.rb	(56,52)-(56,53):wrong type of arguments	V1
corpus/18-collections/lottery.rb	(56,52)-(56,53):wrong type of arguments	V1
corpus/18-collections/lottery.rb	(56,52)-(56,53):wrong type of arguments	V1
corpus/18-collections/lottery.rb	(56,52)-(56,53):wrong type of arguments	V1
corpus/18-collections/lottery.rb	(56,52)-(56,53):wrong type of arguments	V1
corpus/18-collections/lottery.rb	(57,46)-(57,50):undefined method: false#size	V9
corpus/18-collections/lottery.rb	(57,38)-(57,39):wrong type of arguments	V1
corpus/18-collections/lottery.rb	(57,38)-(57,39):wrong type of arguments	V1
corpus/18-collections/lottery.rb	(57,38)-(57,39):wrong type of arguments	V1
corpus/18-collections/lottery.rb	(57,38)-(57,39):wrong type of arguments	V1
corpus/18-collections/lottery.rb	(57,38)-(57,39):wrong type of arguments	V1
corpus/18-collections/lottery.rb	(57,38)-(57,39):wrong type of arguments	V1
corpus/18-collections/lottery.rb	(57,38)-(57,39):wrong type of arguments	V1
corpus/18-collections/lottery.rb	(58,13)-(58,18):undefined method: nil#count	V9
corpus/18-collections/lottery.rb	(59,18)-(59,19):undefined method: nil#-	residual
corpus/18-collections/lottery.rb	(59,14)-(59,17):undefined method: nil#max	V9
corpus/18-collections/lottery.rb	(59,25)-(59,28):undefined method: nil#min	V9
corpus/18-collections/lottery.rb	(60,85)-(60,89):undefined method: nil#sort	V9
corpus/18-collections/paginate.rb	(35,36)-(35,42):undefined method: nil#empty?	V7
corpus/18-collections/paginate.rb	(36,69)-(36,73):undefined method: nil#size	V7
corpus/18-collections/paginate.rb	(58,19)-(58,28):undefined method: nil#[]	V7
corpus/18-collections/paginate.rb	(58,50)-(58,58):undefined method: nil#[]	V7
corpus/18-collections/paginate.rb	(58,64)-(58,71):undefined method: nil#[]	V7
corpus/18-collections/paginate.rb	(58,80)-(58,88):undefined method: nil#[]	V7
corpus/18-collections/paginate.rb	(58,100)-(58,109):undefined method: nil#[]	V7
corpus/18-collections/paginate.rb	(59,13)-(59,17):undefined method: nil#each	V7
corpus/18-collections/paginate.rb	(59,4)-(59,12):undefined method: nil#[]	V7
corpus/18-collections/paginate.rb	(77,70)-(77,71):undefined method: nil#+	V9
corpus/18-collections/paginate.rb	(92,27)-(92,30):undefined method: nil#map	V9
corpus/18-collections/paginate.rb	(95,42)-(95,46):undefined method: nil#size	V7
corpus/18-collections/paginate.rb	(95,33)-(95,41):undefined method: nil#[]	V10
corpus/18-collections/prime_sets.rb	(36,50)-(36,53):undefined method: nil#[]	V7
corpus/18-collections/prime_sets.rb	(36,62)-(36,65):undefined method: nil#[]	V7
corpus/18-collections/prime_sets.rb	(40,26)-(40,29):undefined method: nil#[]	V10
corpus/18-collections/prime_sets.rb	(40,40)-(40,43):undefined method: nil#[]	V10
corpus/18-collections/prime_sets.rb	(61,40)-(61,41):wrong type of arguments	V1
corpus/15-data/size_histogram.rb	(25,10)-(25,12):undefined method: Numeric#/	residual
corpus/15-data/size_histogram.rb	(40,3)-(40,7):undefined method: nil#upto	V9
corpus/15-data/survey_crosstab.rb	(40,58)-(40,59):failed to resolve overloads	failed@V11
corpus/15-data/survey_crosstab.rb	(54,11)-(54,13):failed to resolve overloads	failed@V11
corpus/15-data/survey_crosstab.rb	(54,29)-(54,30):failed to resolve overloads	failed@V11
corpus/15-data/survey_crosstab.rb	(83,96)-(83,97):failed to resolve overloads	failed@V11
corpus/15-data/table_renderer.rb	(36,10)-(36,13):undefined method: String#abs	residual
corpus/15-data/table_renderer.rb	(36,10)-(36,13):undefined method: nil#abs	V7
corpus/15-data/table_renderer.rb	(37,4)-(37,5):undefined method: nil#<	V7
corpus/15-data/table_renderer.rb	(43,7)-(43,12):undefined method: nil#split	V7
corpus/15-data/table_renderer.rb	(43,7)-(43,12):undefined method: Integer#split	residual
corpus/15-data/table_renderer.rb	(43,7)-(43,12):undefined method: Float#split	residual
corpus/15-data/table_renderer.rb	(105,28)-(105,29):undefined method: nil#-@	V10
corpus/15-data/table_renderer.rb	(106,0)-(106,4):wrong type of arguments	V1
corpus/14-errors/order_lifecycle.rb	(53,69)-(53,75):undefined method: Integer#empty?	residual
corpus/14-errors/param_coercion.rb	(79,61)-(79,62):undefined method: true#>	residual
corpus/14-errors/param_coercion.rb	(79,61)-(79,62):undefined method: false#>	residual
corpus/14-errors/param_coercion.rb	(79,61)-(79,62):undefined method: Array[untyped]#>	residual
corpus/14-errors/registration_form.rb	(64,16)-(64,17):undefined method: nil#<	V7
corpus/14-errors/registration_form.rb	(66,16)-(66,17):undefined method: nil#>	V7
corpus/14-errors/registration_form.rb	(89,8)-(89,16):undefined method: singleton(Rules)#username	V5
corpus/14-errors/registration_form.rb	(90,8)-(90,13):undefined method: singleton(Rules)#email	V5
corpus/14-errors/registration_form.rb	(91,8)-(91,11):undefined method: singleton(Rules)#age	V5
corpus/14-errors/registration_form.rb	(92,8)-(92,16):undefined method: singleton(Rules)#password	V5
corpus/14-errors/registration_form.rb	(93,8)-(93,15):undefined method: singleton(Rules)#country	V5
corpus/06-linked/sparse_matrix_rows.rb	(127,0)-(127,4):wrong type of arguments	V1
corpus/06-linked/sparse_matrix_rows.rb	(129,0)-(129,4):wrong type of arguments	V1
corpus/06-linked/sparse_matrix_rows.rb	(131,0)-(131,4):wrong type of arguments	V1
corpus/06-linked/sparse_matrix_rows.rb	(133,0)-(133,4):wrong type of arguments	V1
corpus/06-linked/sparse_matrix_rows.rb	(138,0)-(138,4):wrong type of arguments	V1
corpus/06-linked/sparse_matrix_rows.rb	(141,2)-(141,6):wrong type of arguments	V1
corpus/06-linked/sparse_matrix_rows.rb	(146,2)-(146,6):wrong type of arguments	V1
corpus/06-linked/sparse_polynomial.rb	(30,16)-(30,20):undefined method: nil#next	V10
corpus/06-linked/sparse_polynomial.rb	(71,50)-(71,51):undefined method: Numeric#*	V2
corpus/06-linked/sparse_polynomial.rb	(80,29)-(80,31):failed to resolve overloads	V11
corpus/06-linked/sparse_polynomial.rb	(80,34)-(80,35):failed to resolve overloads	V11
corpus/06-linked/sparse_polynomial.rb	(80,34)-(80,35):undefined method: Numeric#*	V2
corpus/06-linked/sparse_polynomial.rb	(86,39)-(86,40):undefined method: Numeric#*	V2
corpus/06-linked/triage_priority_list.rb	(48,39)-(48,46):undefined method: nil#patient	V7
corpus/06-linked/triage_priority_list.rb	(53,31)-(53,35):undefined method: nil#next	V10
corpus/06-linked/triage_priority_list.rb	(53,48)-(53,55):undefined method: nil#patient	V10
corpus/06-linked/triage_priority_list.rb	(53,43)-(53,47):undefined method: nil#next	V10
corpus/06-linked/triage_priority_list.rb	(53,16)-(53,20):undefined method: nil#next	V10
corpus/06-linked/triage_priority_list.rb	(54,22)-(54,26):undefined method: nil#next	V10
corpus/06-linked/triage_priority_list.rb	(55,10)-(55,14):undefined method: nil#next=	V10
corpus/06-linked/triage_priority_list.rb	(137,33)-(137,37):undefined method: nil#name	V8
corpus/06-linked/two_stack_print_queue.rb	(45,19)-(45,23):undefined method: nil#rest	V7
corpus/06-linked/two_stack_print_queue.rb	(47,9)-(47,13):undefined method: nil#item	V7
corpus/06-linked/two_stack_print_queue.rb	(62,30)-(62,34):undefined method: nil#item	V10
corpus/06-linked/two_stack_print_queue.rb	(63,20)-(63,24):undefined method: nil#rest	V10
corpus/06-linked/two_stack_print_queue.rb	(88,21)-(88,25):undefined method: nil#cost	V7
corpus/06-linked/two_stack_print_queue.rb	(89,34)-(89,39):undefined method: nil#owner	V7
corpus/06-linked/two_stack_print_queue.rb	(89,60)-(89,65):undefined method: nil#owner	V7
corpus/06-linked/two_stack_print_queue.rb	(93,26)-(93,31):undefined method: nil#owner	V7
corpus/06-linked/two_stack_print_queue.rb	(93,26)-(93,31):undefined method: nil#owner	V7
corpus/06-linked/two_stack_print_queue.rb	(93,33)-(93,35):failed to resolve overloads	V11
corpus/06-linked/undo_redo_editor.rb	(63,30)-(63,35):wrong type of arguments	V11
corpus/06-linked/undo_redo_editor.rb	(63,30)-(63,35):undefined method: nil#index	V9
corpus/06-linked/undo_redo_editor.rb	(66,16)-(66,17):failed to resolve overloads	V11
corpus/06-linked/undo_redo_editor.rb	(95,51)-(95,52):undefined method: nil#+	V9
corpus/06-linked/undo_redo_editor.rb	(100,49)-(100,53):undefined method: nil#size	V9
corpus/15-data/access_log_report.rb	(46,16)-(46,19):undefined method: nil#sub	failed@V6
corpus/15-data/access_log_report.rb	(46,12)-(46,15):undefined method: nil#[]	failed@V6
corpus/15-data/access_log_report.rb	(47,25)-(47,28):undefined method: nil#[]	failed@V6
corpus/15-data/access_log_report.rb	(47,31)-(47,34):undefined method: nil#[]	failed@V6
corpus/15-data/access_log_report.rb	(47,42)-(47,45):undefined method: nil#[]	failed@V6
corpus/15-data/access_log_report.rb	(47,54)-(47,57):undefined method: nil#[]	failed@V6
corpus/15-data/access_log_report.rb	(47,65)-(47,68):undefined method: nil#[]	failed@V6
corpus/15-data/access_log_report.rb	(47,76)-(47,79):undefined method: nil#[]	failed@V6
corpus/15-data/access_log_report.rb	(87,12)-(87,13):wrong type of arguments	failed@V6
corpus/15-data/access_log_report.rb	(87,30)-(87,31):failed to resolve overloads	failed@V6
corpus/15-data/access_log_report.rb	(110,33)-(110,34):expected: Comparable | Array[...]; actual: nil	failed@V6
corpus/15-data/bank_reconcile.rb	(52,11)-(52,16):undefined method: Array[String]#match	V3
corpus/15-data/bank_reconcile.rb	(54,11)-(54,14):failed to resolve overloads	V3
corpus/15-data/clickstream_sessions.rb	(53,16)-(53,21):undefined method: nil#split	V9
corpus/15-data/clickstream_sessions.rb	(54,20)-(54,21):wrong type of arguments	V3
corpus/15-data/clickstream_sessions.rb	(54,11)-(54,12):wrong type of arguments	V3
corpus/15-data/clickstream_sessions.rb	(57,41)-(57,42):undefined method: Array[untyped]#/	V3
corpus/15-data/clickstream_sessions.rb	(57,53)-(57,54):undefined method: Array[untyped]#%	V3
corpus/15-data/clickstream_sessions.rb	(65,52)-(65,58):undefined method: nil#to_sym	V9
corpus/15-data/clickstream_sessions.rb	(78,47)-(78,48):undefined method: Array[untyped]#>	V3
corpus/15-data/clickstream_sessions.rb	(78,40)-(78,46):undefined method: nil#finish	V7
corpus/15-data/clickstream_sessions.rb	(82,14)-(82,20):undefined method: nil#events	V7
corpus/15-data/clickstream_sessions.rb	(105,20)-(105,21):undefined method: Array[untyped]#/	V3
corpus/15-data/cohort_retention.rb	(76,17)-(76,18):wrong type of arguments	V11
corpus/15-data/cohort_retention.rb	(90,71)-(90,73):wrong type of arguments	V11
corpus/15-data/cohort_retention.rb	(101,28)-(101,29):undefined method: nil#<	V9
corpus/15-data/cohort_retention.rb	(101,28)-(101,29):wrong type of arguments	V11
corpus/11-simulation/packet_network.rb	(80,22)-(80,23):failed to resolve overloads	V5
corpus/11-simulation/packet_network.rb	(106,17)-(106,22):undefined method: singleton(Routing)#table	V5
corpus/11-simulation/packet_network.rb	(118,30)-(118,32):undefined method: nil#up=	V9
corpus/11-simulation/packet_network.rb	(119,21)-(119,26):undefined method: singleton(Routing)#table	V5
corpus/11-simulation/packet_network.rb	(153,75)-(153,80):undefined method: nil#delay	V9
corpus/11-simulation/packet_network.rb	(161,41)-(161,42):failed to resolve overloads	V11
corpus/11-simulation/ring_road_traffic.rb	(27,17)-(27,18):undefined method: Numeric#*	V2
corpus/11-simulation/ring_road_traffic.rb	(28,9)-(28,10):undefined method: Numeric#/	V2
corpus/11-simulation/ring_road_traffic.rb	(84,31)-(84,35):undefined method: Integer#laps	V4
corpus/11-simulation/ring_road_traffic.rb	(84,39)-(84,42):undefined method: Integer#pos	V4
corpus/11-simulation/ring_road_traffic.rb	(85,31)-(85,35):undefined method: Integer#laps	V4
corpus/11-simulation/ring_road_traffic.rb	(85,39)-(85,42):undefined method: Integer#pos	V4
corpus/11-simulation/ring_road_traffic.rb	(86,28)-(86,30):undefined method: nil#id	V9
corpus/11-simulation/ring_road_traffic.rb	(86,28)-(86,30):undefined method: Integer#id	V4
corpus/11-simulation/ring_road_traffic.rb	(86,43)-(86,47):undefined method: nil#laps	V9
corpus/11-simulation/ring_road_traffic.rb	(86,43)-(86,47):undefined method: Integer#laps	V4
corpus/11-simulation/ring_road_traffic.rb	(86,76)-(86,78):undefined method: nil#id	V9
corpus/11-simulation/ring_road_traffic.rb	(86,76)-(86,78):undefined method: Integer#id	V4
corpus/11-simulation/ring_road_traffic.rb	(86,91)-(86,95):undefined method: nil#laps	V9
corpus/11-simulation/ring_road_traffic.rb	(86,91)-(86,95):undefined method: Integer#laps	V4
corpus/11-simulation/runway_ops.rb	(30,14)-(30,16):undefined method: nil#op	V7
corpus/11-simulation/runway_ops.rb	(31,20)-(31,25):undefined method: nil#heavy	V7
corpus/11-simulation/runway_ops.rb	(92,36)-(92,37):undefined method: nil#-	V10
corpus/11-simulation/runway_ops.rb	(96,34)-(96,35):undefined method: nil#-	V10
corpus/11-simulation/runway_ops.rb	(100,38)-(100,39):undefined method: nil#-	V10
corpus/11-simulation/runway_ops.rb	(101,50)-(101,51):undefined method: nil#-	V10
corpus/11-simulation/sandpile.rb	(68,15)-(68,16):undefined method: Numeric#*	V2
corpus/11-simulation/sandpile.rb	(70,29)-(70,30):undefined method: Numeric#/	V2
corpus/11-simulation/sandpile.rb	(89,74)-(89,75):undefined method: nil#+	V9
corpus/05-sorting/quicksort_median3.rb	(32,14)-(32,15):undefined method: Product#<	residual
corpus/05-sorting/quicksort_median3.rb	(32,2)-(32,13):undefined method: :price#call	residual
corpus/05-sorting/quicksort_median3.rb	(32,2)-(32,13):undefined method: :name#call	residual
corpus/05-sorting/quicksort_median3.rb	(32,2)-(32,13):undefined method: :stock#call	residual
corpus/05-sorting/quicksort_median3.rb	(32,16)-(32,27):undefined method: :price#call	residual
corpus/05-sorting/quicksort_median3.rb	(32,16)-(32,27):undefined method: :name#call	residual
corpus/05-sorting/quicksort_median3.rb	(32,16)-(32,27):undefined method: :stock#call	residual
corpus/05-sorting/quicksort_median3.rb	(86,40)-(86,42):undefined method: Product#<=	residual
corpus/05-sorting/quicksort_median3.rb	(106,57)-(106,60):undefined method: Integer#sku	residual
corpus/05-sorting/quicksort_median3.rb	(106,57)-(106,60):undefined method: Numeric#sku	V2
corpus/05-sorting/quicksort_median3.rb	(106,65)-(106,69):undefined method: Integer#name	residual
corpus/05-sorting/quicksort_median3.rb	(106,65)-(106,69):undefined method: Numeric#name	V2
corpus/05-sorting/quicksort_median3.rb	(106,74)-(106,79):undefined method: Integer#price	residual
corpus/05-sorting/quicksort_median3.rb	(106,74)-(106,79):undefined method: Numeric#price	V2
corpus/05-sorting/quicksort_median3.rb	(114,42)-(114,46):undefined method: Integer#name	residual
corpus/05-sorting/quicksort_median3.rb	(114,42)-(114,46):undefined method: Numeric#name	V2
corpus/05-sorting/quicksort_median3.rb	(114,79)-(114,83):undefined method: Integer#name	residual
corpus/05-sorting/quicksort_median3.rb	(114,79)-(114,83):undefined method: Numeric#name	V2
corpus/05-sorting/quicksort_median3.rb	(119,9)-(119,10):undefined method: Numeric#*	V2
corpus/05-sorting/quicksort_median3.rb	(128,42)-(128,43):undefined method: Product#-@	residual
corpus/05-sorting/quicksort_median3.rb	(130,54)-(130,55):undefined method: Product#-@	residual
corpus/05-sorting/radix_order_ids.rb	(16,19)-(16,40):failed to resolve overloads	V11
corpus/05-sorting/radix_order_ids.rb	(16,19)-(16,40):failed to resolve overloads	V11
corpus/05-sorting/radix_order_ids.rb	(16,26)-(16,34):undefined method: :zone#call	residual
corpus/05-sorting/radix_order_ids.rb	(16,26)-(16,34):undefined method: :zone#call	residual
corpus/05-sorting/radix_order_ids.rb	(26,8)-(26,16):undefined method: :zone#call	residual
corpus/05-sorting/radix_order_ids.rb	(40,46)-(40,47):undefined method: Shipment#/	residual
corpus/05-sorting/radix_order_ids.rb	(86,7)-(86,8):undefined method: Shipment#-	residual
corpus/05-sorting/radix_order_ids.rb	(87,20)-(87,21):undefined method: Shipment#-	residual
corpus/05-sorting/sensor_quickselect.rb	(21,20)-(21,24):undefined method: nil#sort	V9
corpus/05-sorting/sensor_quickselect.rb	(56,56)-(56,57):undefined method: Numeric#/	V2
corpus/05-sorting/sensor_quickselect.rb	(102,9)-(102,10):undefined method: Numeric#*	V2
corpus/05-sorting/shell_sort_gaps.rb	(20,12)-(20,13):wrong type of arguments	V5
corpus/05-sorting/shell_sort_gaps.rb	(28,53)-(28,54):wrong type of arguments	V5
corpus/05-sorting/shell_sort_gaps.rb	(47,14)-(47,16):wrong type of arguments	V5
corpus/05-sorting/shell_sort_gaps.rb	(49,22)-(49,31):failed to resolve overloads	V5
corpus/05-sorting/shell_sort_gaps.rb	(49,22)-(49,31):failed to resolve overloads	V5
corpus/05-sorting/shell_sort_gaps.rb	(49,22)-(49,31):failed to resolve overloads	V5
corpus/05-sorting/shell_sort_gaps.rb	(49,22)-(49,31):failed to resolve overloads	V5
corpus/05-sorting/shell_sort_gaps.rb	(49,22)-(49,31):failed to resolve overloads	V5
corpus/05-sorting/shell_sort_gaps.rb	(49,25)-(49,26):failed to resolve overloads	V5
corpus/05-sorting/shell_sort_gaps.rb	(50,16)-(50,25):failed to resolve overloads	V5
corpus/05-sorting/shell_sort_gaps.rb	(50,16)-(50,25):failed to resolve overloads	V5
corpus/05-sorting/shell_sort_gaps.rb	(50,16)-(50,25):failed to resolve overloads	V5
corpus/05-sorting/shell_sort_gaps.rb	(50,16)-(50,25):failed to resolve overloads	V5
corpus/05-sorting/shell_sort_gaps.rb	(50,16)-(50,25):failed to resolve overloads	V5
corpus/05-sorting/shell_sort_gaps.rb	(50,19)-(50,20):failed to resolve overloads	V5
corpus/05-sorting/shell_sort_gaps.rb	(51,10)-(51,12):failed to resolve overloads	V5
corpus/05-sorting/shell_sort_gaps.rb	(62,11)-(62,12):undefined method: Numeric#*	V2
corpus/05-sorting/shell_sort_gaps.rb	(88,45)-(88,53):undefined method: singleton(Gaps)#sequence	V5
corpus/05-sorting/shell_sort_gaps.rb	(96,36)-(96,41):undefined method: singleton(Gaps)#knuth	V5
corpus/05-sorting/shell_sort_gaps.rb	(96,59)-(96,64):undefined method: singleton(Gaps)#ciura	V5
corpus/05-sorting/shell_sort_gaps.rb	(100,41)-(100,46):undefined method: singleton(Gaps)#ciura	V5
corpus/20-business/ticket_helpdesk.rb	(23,68)-(23,69):undefined method: Numeric#/	V2
corpus/20-business/ticket_helpdesk.rb	(135,39)-(135,40):undefined method: nil#-	V10
corpus/20-business/timesheet.rb	(54,18)-(54,21):undefined method: nil#sum	residual
corpus/20-business/timesheet.rb	(55,23)-(55,32):undefined method: nil#each_cons	residual
corpus/20-business/timesheet.rb	(82,9)-(82,11):failed to resolve overloads	V11
corpus/20-business/timesheet.rb	(84,19)-(84,22):undefined method: nil#map	residual
corpus/20-business/timesheet.rb	(86,43)-(86,48):undefined method: nil#first	residual
corpus/20-business/timesheet.rb	(99,68)-(99,69):failed to resolve overloads	V11
corpus/20-business/todo_list.rb	(63,48)-(63,56):undefined method: Integer#priority	failed@V3
corpus/20-business/todo_list.rb	(63,61)-(63,64):undefined method: Integer#due	failed@V3
corpus/20-business/todo_list.rb	(63,68)-(63,70):undefined method: Integer#id	failed@V3
corpus/20-business/todo_list.rb	(68,43)-(68,47):undefined method: Integer#tags	failed@V3
corpus/20-business/vendor_quotes.rb	(15,44)-(15,46):wrong type of arguments	failed@V3
corpus/20-business/vendor_quotes.rb	(24,11)-(24,12):undefined method: nil#*	failed@V3
corpus/20-business/vendor_quotes.rb	(43,9)-(43,13):undefined method: Array[String]#to_i	failed@V3
corpus/20-business/vendor_quotes.rb	(86,23)-(86,29):undefined method: nil#vendor	failed@V3
corpus/20-business/vendor_quotes.rb	(87,60)-(87,66):undefined method: nil#vendor	failed@V3
corpus/20-business/vendor_quotes.rb	(100,27)-(100,30):undefined method: nil#qty	failed@V3
corpus/20-business/warehouse_picking.rb	(37,22)-(37,25):undefined method: nil#ord	V9
corpus/20-business/warehouse_picking.rb	(59,40)-(59,47):undefined method: String#expires	V4
corpus/20-business/warehouse_picking.rb	(59,40)-(59,47):undefined method: Array[String]#expires	V3
corpus/20-business/warehouse_picking.rb	(59,67)-(59,75):undefined method: String#location	V4
corpus/20-business/warehouse_picking.rb	(59,67)-(59,75):undefined method: Array[String]#location	V3
corpus/20-business/warehouse_picking.rb	(64,20)-(64,23):undefined method: String#qty	V4
corpus/20-business/warehouse_picking.rb	(64,20)-(64,23):undefined method: Array[String]#qty	V3
corpus/20-business/warehouse_picking.rb	(65,6)-(65,9):undefined method: String#qty=	V4
corpus/20-business/warehouse_picking.rb	(65,6)-(65,9):undefined method: Array[String]#qty=	V3
corpus/20-business/warehouse_picking.rb	(65,6)-(65,9):undefined method: String#qty	V4
corpus/20-business/warehouse_picking.rb	(65,6)-(65,9):undefined method: Array[String]#qty	V3
corpus/20-business/warehouse_picking.rb	(67,39)-(67,47):undefined method: String#location	V4
corpus/20-business/warehouse_picking.rb	(67,39)-(67,47):undefined method: Array[String]#location	V3
corpus/20-business/warehouse_picking.rb	(123,65)-(123,66):undefined method: nil#<	V10
corpus/05-sorting/autocomplete_msd.rb	(6,7)-(6,10):undefined method: nil#ord	V9
corpus/05-sorting/autocomplete_msd.rb	(37,38)-(37,42):undefined method: nil#take	V9
corpus/05-sorting/autocomplete_msd.rb	(37,38)-(37,42):undefined method: String#take	residual
corpus/05-sorting/autocomplete_msd.rb	(72,44)-(72,47):undefined method: nil#[]	V9
corpus/05-sorting/autocomplete_msd.rb	(72,62)-(72,66):undefined method: nil#size	V9
corpus/05-sorting/autocomplete_msd.rb	(76,20)-(76,24):undefined method: nil#size	V9
corpus/05-sorting/autocomplete_msd.rb	(76,36)-(76,40):undefined method: nil#size	V9
corpus/05-sorting/bisect_on_answer.rb	(33,11)-(33,12):wrong type of arguments	V11
corpus/05-sorting/bisect_on_answer.rb	(34,14)-(34,15):failed to resolve overloads	V11
corpus/05-sorting/bisect_on_answer.rb	(60,11)-(60,12):wrong type of arguments	V11
corpus/05-sorting/bisect_on_answer.rb	(61,14)-(61,15):failed to resolve overloads	V11
corpus/05-sorting/bisect_on_answer.rb	(103,30)-(103,31):failed to resolve overloads	V11
corpus/05-sorting/bisect_on_answer.rb	(105,30)-(105,34):undefined method: nil#days	V9
corpus/05-sorting/bisect_on_answer.rb	(105,59)-(105,64):undefined method: nil#loads	V9
corpus/05-sorting/bucket_sort_ratings.rb	(19,22)-(19,26):wrong type of arguments	V1
corpus/05-sorting/bucket_sort_ratings.rb	(29,20)-(29,31):undefined method: :score#call	residual
corpus/05-sorting/bucket_sort_ratings.rb	(29,34)-(29,42):undefined method: :score#call	residual
corpus/05-sorting/bucket_sort_ratings.rb	(41,11)-(41,43):failed to resolve overloads	V11
corpus/05-sorting/bucket_sort_ratings.rb	(41,17)-(41,21):undefined method: :score#call	residual
corpus/05-sorting/bucket_sort_ratings.rb	(63,9)-(63,10):failed to resolve overloads	V11
corpus/05-sorting/external_sort_sim.rb	(16,17)-(16,18):undefined method: nil#>	residual
corpus/05-sorting/gift_two_pointers.rb	(5,36)-(5,37):undefined method: nil#/	V10
corpus/05-sorting/gift_two_pointers.rb	(5,45)-(5,46):undefined method: nil#%	V10
corpus/05-sorting/gift_two_pointers.rb	(116,45)-(116,48):undefined method: nil#map	V10
corpus/05-sorting/gift_two_pointers.rb	(116,84)-(116,87):undefined method: nil#sum	V10
corpus/06-linked/ring_buffer_metrics.rb	(96,27)-(96,28):undefined method: nil#<	residual
corpus/06-linked/ring_buffer_metrics.rb	(96,16)-(96,17):undefined method: nil#*	residual
corpus/06-linked/rpn_stack_calculator.rb	(46,16)-(46,21):undefined method: nil#below	V7
corpus/06-linked/rpn_stack_calculator.rb	(48,9)-(48,14):undefined method: nil#value	V7
corpus/06-linked/rpn_stack_calculator.rb	(78,18)-(78,19):undefined method: nil#+	residual
corpus/06-linked/rpn_stack_calculator.rb	(79,18)-(79,19):undefined method: nil#-	residual
corpus/06-linked/rpn_stack_calculator.rb	(80,18)-(80,19):undefined method: nil#*	residual
corpus/06-linked/rpn_stack_calculator.rb	(80,18)-(80,19):undefined method: Numeric#*	residual
corpus/06-linked/rpn_stack_calculator.rb	(81,70)-(81,71):undefined method: nil#/	residual
corpus/06-linked/rpn_stack_calculator.rb	(81,70)-(81,71):undefined method: Numeric#/	residual
corpus/06-linked/rpn_stack_calculator.rb	(82,18)-(82,19):undefined method: nil#%	residual
corpus/06-linked/rpn_stack_calculator.rb	(83,17)-(83,19):undefined method: nil#**	residual
corpus/06-linked/rpn_stack_calculator.rb	(83,17)-(83,19):undefined method: Numeric#**	residual
corpus/06-linked/rpn_stack_calculator.rb	(108,17)-(108,18):undefined method: nil#-@	residual
corpus/06-linked/singly_linked_list.rb	(110,53)-(110,58):undefined method: nil#value	V7
corpus/06-linked/singly_linked_list.rb	(112,32)-(112,36):undefined method: nil#next	V10
corpus/06-linked/singly_linked_list.rb	(112,50)-(112,55):undefined method: nil#value	V10
corpus/06-linked/singly_linked_list.rb	(112,45)-(112,49):undefined method: nil#next	V10
corpus/06-linked/singly_linked_list.rb	(112,16)-(112,20):undefined method: nil#next	V10
corpus/06-linked/singly_linked_list.rb	(113,29)-(113,33):undefined method: nil#next	V10
corpus/06-linked/singly_linked_list.rb	(114,9)-(114,13):undefined method: nil#next=	V10
corpus/06-linked/singly_linked_list.rb	(133,50)-(133,55):undefined method: nil#value	V10
corpus/06-linked/singly_linked_list.rb	(135,41)-(135,46):undefined method: nil#value	V10
corpus/06-linked/skip_list_index.rb	(60,21)-(60,23):undefined method: nil#<=	V10
corpus/06-linked/skip_list_index.rb	(84,21)-(84,22):undefined method: Numeric#*	V2
corpus/06-linked/skip_list_index.rb	(85,26)-(85,28):undefined method: Numeric#>>	V2
corpus/06-linked/skip_list_index.rb	(95,44)-(95,45):undefined method: nil#<	V10
corpus/13-polymorphism/matrix_ops.rb	(31,23)-(31,27):undefined method: nil#size	residual
corpus/13-polymorphism/matrix_ops.rb	(43,22)-(43,27):undefined method: Float#nrows	residual
corpus/13-polymorphism/matrix_ops.rb	(43,22)-(43,27):undefined method: Rational#nrows	residual
corpus/13-polymorphism/matrix_ops.rb	(43,22)-(43,27):undefined method: Integer#nrows	V11
corpus/13-polymorphism/matrix_ops.rb	(43,22)-(43,27):... and other 1 errors	V9
corpus/13-polymorphism/matrix_ops.rb	(43,42)-(43,47):undefined method: Float#ncols	residual
corpus/13-polymorphism/matrix_ops.rb	(43,42)-(43,47):undefined method: Rational#ncols	residual
corpus/13-polymorphism/matrix_ops.rb	(43,42)-(43,47):undefined method: Integer#ncols	V11
corpus/13-polymorphism/matrix_ops.rb	(43,42)-(43,47):... and other 1 errors	V9
corpus/13-polymorphism/matrix_ops.rb	(44,64)-(44,69):undefined method: Float#nrows	residual
corpus/13-polymorphism/matrix_ops.rb	(44,64)-(44,69):undefined method: Rational#nrows	residual
corpus/13-polymorphism/matrix_ops.rb	(44,64)-(44,69):undefined method: Integer#nrows	V11
corpus/13-polymorphism/matrix_ops.rb	(44,64)-(44,69):... and other 1 errors	V9
corpus/13-polymorphism/matrix_ops.rb	(44,75)-(44,80):undefined method: Float#ncols	residual
corpus/13-polymorphism/matrix_ops.rb	(44,75)-(44,80):undefined method: Rational#ncols	residual
corpus/13-polymorphism/matrix_ops.rb	(44,75)-(44,80):undefined method: Integer#ncols	V11
corpus/13-polymorphism/matrix_ops.rb	(44,75)-(44,80):... and other 1 errors	V9
corpus/13-polymorphism/matrix_ops.rb	(50,51)-(50,52):undefined method: nil#+	V9
corpus/13-polymorphism/matrix_ops.rb	(50,54)-(50,60):undefined method: Rational#[]	residual
corpus/13-polymorphism/matrix_ops.rb	(50,54)-(50,60):undefined method: nil#[]	V9
corpus/13-polymorphism/matrix_ops.rb	(50,54)-(50,60):undefined method: Float#[]	residual
corpus/13-polymorphism/matrix_ops.rb	(55,51)-(55,52):undefined method: nil#-	V9
corpus/13-polymorphism/matrix_ops.rb	(55,54)-(55,60):undefined method: Float#[]	residual
corpus/13-polymorphism/matrix_ops.rb	(55,54)-(55,60):undefined method: Rational#[]	residual
corpus/13-polymorphism/matrix_ops.rb	(55,54)-(55,60):undefined method: nil#[]	V9
corpus/13-polymorphism/matrix_ops.rb	(61,89)-(61,94):undefined method: Integer#nrows	residual
corpus/13-polymorphism/matrix_ops.rb	(61,89)-(61,94):undefined method: Float#nrows	residual
corpus/13-polymorphism/matrix_ops.rb	(61,89)-(61,94):undefined method: Rational#nrows	residual
corpus/13-polymorphism/matrix_ops.rb	(61,89)-(61,94):... and other 1 errors	V9
corpus/13-polymorphism/matrix_ops.rb	(61,56)-(61,61):undefined method: Integer#nrows	residual
corpus/13-polymorphism/matrix_ops.rb	(61,56)-(61,61):undefined method: Float#nrows	residual
corpus/13-polymorphism/matrix_ops.rb	(61,56)-(61,61):undefined method: Rational#nrows	residual
corpus/13-polymorphism/matrix_ops.rb	(61,56)-(61,61):... and other 1 errors	V9
corpus/13-polymorphism/matrix_ops.rb	(62,28)-(62,33):undefined method: Integer#ncols	residual
corpus/13-polymorphism/matrix_ops.rb	(62,28)-(62,33):undefined method: Float#ncols	residual
corpus/13-polymorphism/matrix_ops.rb	(62,28)-(62,33):undefined method: Rational#ncols	residual
corpus/13-polymorphism/matrix_ops.rb	(62,28)-(62,33):... and other 1 errors	V9
corpus/13-polymorphism/matrix_ops.rb	(64,44)-(64,45):undefined method: nil#*	V9
corpus/13-polymorphism/matrix_ops.rb	(64,47)-(64,53):undefined method: Float#[]	residual
corpus/13-polymorphism/matrix_ops.rb	(64,47)-(64,53):undefined method: Rational#[]	residual
corpus/13-polymorphism/matrix_ops.rb	(64,47)-(64,53):undefined method: nil#[]	V9
corpus/13-polymorphism/matrix_ops.rb	(68,53)-(68,54):undefined method: nil#*	V9
corpus/13-polymorphism/matrix_ops.rb	(97,12)-(97,14):undefined method: nil#*	V9
corpus/13-polymorphism/matrix_ops.rb	(99,10)-(99,12):undefined method: nil#*	V9
corpus/13-polymorphism/matrix_ops.rb	(101,22)-(101,23):undefined method: nil#/	V9
corpus/13-polymorphism/matrix_ops.rb	(101,22)-(101,23):undefined method: Matrix#/	residual
corpus/13-polymorphism/matrix_ops.rb	(102,47)-(102,48):undefined method: nil#-	V9
corpus/13-polymorphism/matrix_ops.rb	(117,52)-(117,53):undefined method: nil#/	V9
corpus/13-polymorphism/matrix_ops.rb	(117,52)-(117,53):undefined method: Matrix#/	residual
corpus/13-polymorphism/matrix_ops.rb	(121,50)-(121,51):undefined method: nil#-	V9
corpus/13-polymorphism/matrix_ops.rb	(121,54)-(121,55):undefined method: nil#*	V9
corpus/13-polymorphism/matrix_ops.rb	(129,23)-(129,34):undefined method: nil#denominator	V9
corpus/13-polymorphism/matrix_ops.rb	(129,23)-(129,34):undefined method: Matrix#denominator	residual
corpus/13-polymorphism/matrix_ops.rb	(129,44)-(129,53):undefined method: nil#numerator	V9
corpus/13-polymorphism/matrix_ops.rb	(129,44)-(129,53):undefined method: Matrix#numerator	residual
corpus/13-polymorphism/matrix_ops.rb	(138,53)-(138,58):wrong type of arguments	V11
corpus/13-polymorphism/matrix_ops.rb	(147,0)-(147,4):wrong type of arguments	V1
corpus/13-polymorphism/matrix_ops.rb	(149,0)-(149,4):wrong type of arguments	V1
corpus/13-polymorphism/matrix_ops.rb	(151,0)-(151,4):wrong type of arguments	V1
corpus/13-polymorphism/matrix_ops.rb	(153,0)-(153,4):wrong type of arguments	V1
corpus/13-polymorphism/matrix_ops.rb	(155,0)-(155,4):wrong type of arguments	V1
corpus/13-polymorphism/matrix_ops.rb	(157,0)-(157,4):wrong type of arguments	V1
corpus/13-polymorphism/matrix_ops.rb	(163,0)-(163,4):wrong type of arguments	V1
corpus/13-polymorphism/matrix_ops.rb	(165,0)-(165,4):wrong type of arguments	V1
corpus/13-polymorphism/matrix_ops.rb	(174,0)-(174,4):wrong type of arguments	V1
corpus/13-polymorphism/matrix_ops.rb	(176,0)-(176,4):wrong type of arguments	V1
corpus/13-polymorphism/matrix_ops.rb	(179,2)-(179,6):wrong type of arguments	V1
corpus/13-polymorphism/matrix_ops.rb	(184,2)-(184,6):wrong type of arguments	V1
corpus/13-polymorphism/matrix_ops.rb	(199,8)-(199,10):undefined method: nil#+	V9
corpus/13-polymorphism/matrix_ops.rb	(201,0)-(201,4):wrong type of arguments	V1
corpus/13-polymorphism/modint_combinatorics.rb	(26,35)-(26,36):undefined method: ModInt#%	residual
corpus/13-polymorphism/modint_combinatorics.rb	(32,73)-(32,74):undefined method: Integer#m	residual
corpus/13-polymorphism/modint_combinatorics.rb	(32,54)-(32,55):undefined method: Integer#m	residual
corpus/13-polymorphism/modint_combinatorics.rb	(32,65)-(32,66):undefined method: Integer#m	residual
corpus/13-polymorphism/modint_combinatorics.rb	(37,37)-(37,38):undefined method: Integer#v	residual
corpus/13-polymorphism/modint_combinatorics.rb	(38,37)-(38,38):undefined method: Integer#v	residual
corpus/13-polymorphism/modint_combinatorics.rb	(39,26)-(39,27):undefined method: Numeric#*	V2
corpus/13-polymorphism/modint_combinatorics.rb	(39,37)-(39,38):undefined method: Integer#v	residual
corpus/13-polymorphism/modint_combinatorics.rb	(40,28)-(40,31):undefined method: Numeric#pow	V2
corpus/13-polymorphism/modint_combinatorics.rb	(43,11)-(43,14):undefined method: Numeric#gcd	V2
corpus/13-polymorphism/modint_combinatorics.rb	(49,16)-(49,17):undefined method: Numeric#/	V2
corpus/13-polymorphism/modint_combinatorics.rb	(56,29)-(56,36):undefined method: Integer#inverse	residual
corpus/13-polymorphism/modint_combinatorics.rb	(132,2)-(132,6):wrong type of arguments	V1
corpus/13-polymorphism/money_ledger.rb	(43,21)-(43,22):failed to resolve overloads	V11
corpus/13-polymorphism/money_ledger.rb	(57,50)-(57,51):failed to resolve overloads	V11
corpus/13-polymorphism/money_ledger.rb	(58,23)-(58,24):failed to resolve overloads	V11
corpus/13-polymorphism/notify_channels.rb	(93,47)-(93,48):undefined method: nil#+	V9
corpus/13-polymorphism/payroll.rb	(18,41)-(18,42):undefined method: nil#>	V7
corpus/13-polymorphism/payroll.rb	(18,18)-(18,19):undefined method: nil#-	V7
corpus/17-encodings/transposition.rb	(10,13)-(10,14):undefined method: nil#>	V6
corpus/17-encodings/transposition.rb	(12,33)-(12,34):undefined method: nil#-	V6
corpus/17-encodings/transposition.rb	(66,48)-(66,56):undefined method: nil#include?	V6
corpus/17-encodings/vigenere.rb	(6,74)-(6,77):undefined method: Numeric#chr	V2
corpus/17-encodings/vigenere.rb	(6,47)-(6,50):undefined method: nil#ord	V9
corpus/17-encodings/vigenere.rb	(55,35)-(55,38):undefined method: Numeric#chr	V2
corpus/12-parsers/assembler.rb	(38,8)-(38,13):undefined method: nil#match	residual
corpus/12-parsers/assembler.rb	(50,76)-(50,79):undefined method: nil#[]	V8
corpus/12-parsers/assembler.rb	(50,46)-(50,49):undefined method: nil#[]	V8
corpus/12-parsers/assembler.rb	(51,14)-(51,17):undefined method: nil#[]	V8
corpus/12-parsers/assembler.rb	(52,13)-(52,16):undefined method: nil#[]	V8
corpus/12-parsers/assembler.rb	(54,16)-(54,22):undefined method: nil#empty?	V9
corpus/12-parsers/assembler.rb	(55,19)-(55,24):undefined method: nil#split	V9
corpus/12-parsers/assembler.rb	(72,9)-(72,11):wrong type of arguments	V11
corpus/12-parsers/assembler.rb	(74,11)-(74,22):undefined method: nil#start_with?	residual
corpus/12-parsers/assembler.rb	(75,13)-(75,18):undefined method: nil#[]	residual
corpus/12-parsers/assembler.rb	(77,24)-(77,25):wrong type of arguments	V11
corpus/12-parsers/assembler.rb	(79,11)-(79,13):wrong type of arguments	V11
corpus/12-parsers/assembler.rb	(85,24)-(85,26):wrong type of arguments	V11
corpus/12-parsers/assembler.rb	(125,7)-(125,9):undefined method: nil#+	V9
corpus/12-parsers/assembler.rb	(130,26)-(130,28):undefined method: nil#+	V9
corpus/12-parsers/assembler.rb	(131,26)-(131,28):undefined method: nil#-	V9
corpus/12-parsers/assembler.rb	(132,26)-(132,28):undefined method: nil#*	V9
corpus/12-parsers/assembler.rb	(132,26)-(132,28):undefined method: Numeric#*	V2
corpus/12-parsers/assembler.rb	(133,26)-(133,28):undefined method: nil#%	V9
corpus/12-parsers/assembler.rb	(138,35)-(138,36):undefined method: nil#<	V9
corpus/12-parsers/brainfuck.rb	(44,35)-(44,38):undefined method: Numeric#chr	V2
corpus/12-parsers/brainfuck.rb	(52,7)-(52,9):undefined method: nil#+	V7
corpus/12-parsers/calc_rd.rb	(47,25)-(47,30):undefined method: nil#match	V9
corpus/12-parsers/calc_rd.rb	(48,14)-(48,17):undefined method: nil#[]	V8
corpus/12-parsers/calc_rd.rb	(63,10)-(63,12):undefined method: nil#+	V9
corpus/12-parsers/calc_rd.rb	(80,10)-(80,12):undefined method: nil#*	V9
corpus/12-parsers/calc_rd.rb	(80,10)-(80,12):undefined method: Numeric#*	residual
corpus/12-parsers/calc_rd.rb	(98,18)-(98,20):undefined method: nil#**	V9
corpus/12-parsers/calc_rd.rb	(98,18)-(98,20):undefined method: Numeric#**	residual
corpus/12-parsers/calc_rd.rb	(106,13)-(106,14):undefined method: nil#-@	V9
corpus/12-parsers/calc_rd.rb	(121,17)-(121,22):undefined method: nil#match	V9
corpus/12-parsers/calc_rd.rb	(124,14)-(124,17):undefined method: nil#[]	V8
corpus/12-parsers/calc_rd.rb	(126,13)-(126,18):undefined method: nil#match	V9
corpus/12-parsers/calc_rd.rb	(149,28)-(149,31):undefined method: nil#abs	V9
corpus/12-parsers/calc_rd.rb	(150,26)-(150,30):wrong type of arguments	V1
corpus/12-parsers/cmdline_parser.rb	(39,26)-(39,30):undefined method: nil#type	V7
corpus/12-parsers/cmdline_parser.rb	(40,91)-(40,97):undefined method: nil#match?	V9
corpus/12-parsers/cmdline_parser.rb	(40,32)-(40,36):undefined method: nil#long	V7
corpus/12-parsers/cmdline_parser.rb	(45,11)-(45,15):undefined method: nil#type	V7
corpus/12-parsers/cmdline_parser.rb	(46,35)-(46,37):undefined method: true#<<	residual
corpus/12-parsers/cmdline_parser.rb	(46,35)-(46,37):undefined method: nil#<<	V10
corpus/12-parsers/cmdline_parser.rb	(46,35)-(46,37):undefined method: false#<<	residual
corpus/12-parsers/cmdline_parser.rb	(46,29)-(46,33):undefined method: nil#long	V7
corpus/12-parsers/cmdline_parser.rb	(47,30)-(47,34):undefined method: nil#long	V7
corpus/12-parsers/cmdline_parser.rb	(47,30)-(47,34):undefined method: nil#long	V7
corpus/12-parsers/cmdline_parser.rb	(47,36)-(47,38):wrong type of arguments	residual
corpus/12-parsers/cmdline_parser.rb	(47,36)-(47,38):wrong type of arguments	residual
corpus/12-parsers/cmdline_parser.rb	(47,36)-(47,38):wrong type of arguments	residual
corpus/12-parsers/cmdline_parser.rb	(47,36)-(47,38):undefined method: true#+	residual
corpus/12-parsers/cmdline_parser.rb	(47,36)-(47,38):undefined method: nil#+	V10
corpus/12-parsers/cmdline_parser.rb	(47,36)-(47,38):undefined method: false#+	residual
corpus/12-parsers/cmdline_parser.rb	(48,18)-(48,22):undefined method: nil#long	V7
corpus/12-parsers/cmdline_parser.rb	(65,34)-(65,43):undefined method: nil#partition	V9
corpus/12-parsers/cmdline_parser.rb	(70,35)-(70,39):undefined method: nil#type	V7
corpus/12-parsers/cmdline_parser.rb	(74,13)-(74,25):undefined method: nil#takes_value?	V7
corpus/12-parsers/cmdline_parser.rb	(92,15)-(92,27):undefined method: nil#takes_value?	V7
corpus/12-parsers/cmdline_parser.rb	(94,19)-(94,25):undefined method: nil#empty?	V9
corpus/20-business/restaurant_orders.rb	(27,25)-(27,26):failed to resolve overloads	V11
corpus/20-business/restaurant_orders.rb	(104,69)-(104,70):wrong type of arguments	V11
corpus/20-business/restaurant_orders.rb	(146,14)-(146,18):undefined method: nil#mods	V9
corpus/20-business/restaurant_orders.rb	(146,40)-(146,44):undefined method: nil#mods	V9
corpus/20-business/restaurant_orders.rb	(147,50)-(147,55):undefined method: nil#table	V9
corpus/20-business/restaurant_orders.rb	(147,59)-(147,63):undefined method: nil#seat	V9
corpus/20-business/restaurant_orders.rb	(147,67)-(147,71):undefined method: nil#item	V9
corpus/20-business/restaurant_orders.rb	(156,10)-(156,12):failed to resolve overloads	V11
corpus/20-business/room_reservations.rb	(96,59)-(96,63):undefined method: Integer#slot	V4
corpus/20-business/room_reservations.rb	(96,73)-(96,75):undefined method: Integer#id	V4
corpus/20-business/room_reservations.rb	(153,57)-(153,61):undefined method: Integer#slot	V4
corpus/20-business/room_reservations.rb	(153,66)-(153,70):undefined method: Integer#room	V4
corpus/20-business/room_reservations.rb	(153,74)-(153,77):undefined method: Integer#who	V4
corpus/20-business/room_reservations.rb	(153,81)-(153,87):undefined method: Integer#people	V4
corpus/20-business/sales_report.rb	(40,33)-(40,34):wrong type of arguments	V11
corpus/20-business/sales_report.rb	(67,46)-(67,48):failed to resolve overloads	V11
corpus/20-business/sales_report.rb	(90,42)-(90,49):undefined method: nil#product	V9
corpus/20-business/sales_report.rb	(90,58)-(90,62):undefined method: nil#date	V9
corpus/20-business/shopping_cart.rb	(197,60)-(197,64):undefined method: nil#name	V9
corpus/20-business/subscription_billing.rb	(117,21)-(117,23):failed to resolve overloads	V11
corpus/08-graphs/astar_terrain.rb	(59,33)-(59,34):undefined method: nil#-	V10
corpus/08-graphs/astar_terrain.rb	(79,14)-(79,15):undefined method: nil#+	V10
corpus/08-graphs/astar_terrain.rb	(118,21)-(118,25):wrong type of arguments	V11
corpus/08-graphs/bellman_ford.rb	(24,13)-(24,16):undefined method: nil#[]	V7
corpus/08-graphs/bellman_ford.rb	(24,19)-(24,22):undefined method: nil#[]	V7
corpus/08-graphs/bellman_ford.rb	(24,25)-(24,28):undefined method: nil#[]	V7
corpus/08-graphs/bellman_ford.rb	(95,69)-(95,73):undefined method: nil#join	V10
corpus/08-graphs/centrality.rb	(75,6)-(75,7):failed to resolve overloads	V11
corpus/08-graphs/course_schedule.rb	(34,17)-(34,22):undefined method: Array[String]#strip	V3
corpus/08-graphs/course_schedule.rb	(34,42)-(34,47):undefined method: Array[String]#strip	V3
corpus/08-graphs/course_schedule.rb	(90,34)-(90,38):undefined method: nil#size	V9
corpus/08-graphs/critical_links.rb	(79,4)-(79,5):undefined method: Array[String]#<	V3
corpus/17-encodings/ascii85.rb	(22,41)-(22,44):undefined method: Numeric#chr	V2
corpus/17-encodings/ascii85.rb	(34,35)-(34,39):undefined method: nil#gsub	V9
corpus/17-encodings/base32_ids.rb	(6,15)-(6,20):undefined method: Base32#chars	residual
corpus/17-encodings/base32_ids.rb	(19,4)-(19,7):undefined method: Base32#pad	residual
corpus/17-encodings/base32_ids.rb	(26,4)-(26,13):undefined method: Base32#normalize	residual
corpus/17-encodings/base32_ids.rb	(39,20)-(39,25):undefined method: Base32#chars	residual
corpus/17-encodings/base32_ids.rb	(83,13)-(83,22):undefined method: nil#each_char	V9
corpus/17-encodings/base64_codec.rb	(49,27)-(49,28):wrong type of arguments	V11
corpus/17-encodings/bloom_filter.rb	(40,40)-(40,41):undefined method: Numeric#/	V2
corpus/17-encodings/bloom_filter.rb	(40,40)-(40,41):undefined method: Numeric#/	V2
corpus/17-encodings/bloom_filter.rb	(45,41)-(45,42):undefined method: Numeric#/	V2
corpus/17-encodings/bloom_filter.rb	(50,32)-(50,35):wrong type of arguments	V1
corpus/14-errors/job_queue.rb	(50,34)-(50,40):undefined method: nil#run_at	V9
corpus/14-errors/job_queue.rb	(50,34)-(50,40):undefined method: Integer#run_at	V4
corpus/14-errors/job_queue.rb	(50,34)-(50,40):undefined method: String#run_at	V4
corpus/14-errors/job_queue.rb	(52,30)-(52,36):undefined method: nil#run_at	V9
corpus/14-errors/job_queue.rb	(52,30)-(52,36):undefined method: Integer#run_at	V4
corpus/14-errors/job_queue.rb	(52,30)-(52,36):undefined method: String#run_at	V4
corpus/14-errors/job_queue.rb	(52,40)-(52,42):undefined method: nil#id	V9
corpus/14-errors/job_queue.rb	(52,40)-(52,42):undefined method: Integer#id	V4
corpus/14-errors/job_queue.rb	(52,40)-(52,42):undefined method: String#id	V4
corpus/14-errors/job_queue.rb	(60,16)-(60,23):undefined method: nil#payload	V7
corpus/14-errors/job_queue.rb	(60,16)-(60,23):undefined method: Integer#payload	V4
corpus/14-errors/job_queue.rb	(60,16)-(60,23):undefined method: String#payload	V4
corpus/14-errors/job_queue.rb	(61,16)-(61,24):undefined method: nil#attempts	V7
corpus/14-errors/job_queue.rb	(61,16)-(61,24):undefined method: Integer#attempts	V4
corpus/14-errors/job_queue.rb	(61,16)-(61,24):undefined method: String#attempts	V4
corpus/14-errors/job_queue.rb	(62,11)-(62,15):undefined method: nil#kind	V7
corpus/14-errors/job_queue.rb	(62,11)-(62,15):undefined method: Integer#kind	V4
corpus/14-errors/job_queue.rb	(62,11)-(62,15):undefined method: String#kind	V4
corpus/14-errors/job_queue.rb	(64,72)-(64,80):undefined method: nil#include?	residual
corpus/14-errors/job_queue.rb	(69,60)-(69,61):undefined method: nil#>	V9
corpus/14-errors/job_queue.rb	(70,23)-(70,24):undefined method: nil#/	V9
corpus/14-errors/job_queue.rb	(87,8)-(87,16):undefined method: nil#attempts=	V7
corpus/14-errors/job_queue.rb	(87,8)-(87,16):undefined method: Integer#attempts=	V4
corpus/14-errors/job_queue.rb	(87,8)-(87,16):undefined method: String#attempts=	V4
corpus/14-errors/job_queue.rb	(87,8)-(87,16):undefined method: nil#attempts	V7
corpus/14-errors/job_queue.rb	(87,8)-(87,16):undefined method: Integer#attempts	V4
corpus/14-errors/job_queue.rb	(87,8)-(87,16):undefined method: String#attempts	V4
corpus/14-errors/job_queue.rb	(92,27)-(92,35):undefined method: nil#describe	V7
corpus/14-errors/job_queue.rb	(92,27)-(92,35):undefined method: Integer#describe	V4
corpus/14-errors/job_queue.rb	(92,27)-(92,35):undefined method: String#describe	V4
corpus/14-errors/job_queue.rb	(94,10)-(94,16):undefined method: nil#errors	V7
corpus/14-errors/job_queue.rb	(94,10)-(94,16):undefined method: Integer#errors	V4
corpus/14-errors/job_queue.rb	(94,10)-(94,16):undefined method: String#errors	V4
corpus/14-errors/job_queue.rb	(95,13)-(95,21):undefined method: nil#attempts	V7
corpus/14-errors/job_queue.rb	(95,13)-(95,21):undefined method: Integer#attempts	V4
corpus/14-errors/job_queue.rb	(95,13)-(95,21):undefined method: String#attempts	V4
corpus/14-errors/job_queue.rb	(97,29)-(97,37):undefined method: nil#describe	V7
corpus/14-errors/job_queue.rb	(97,29)-(97,37):undefined method: Integer#describe	V4
corpus/14-errors/job_queue.rb	(97,29)-(97,37):undefined method: String#describe	V4
corpus/14-errors/job_queue.rb	(97,56)-(97,64):undefined method: nil#attempts	V7
corpus/14-errors/job_queue.rb	(97,56)-(97,64):undefined method: Integer#attempts	V4
corpus/14-errors/job_queue.rb	(97,56)-(97,64):undefined method: String#attempts	V4
corpus/14-errors/job_queue.rb	(99,12)-(99,18):undefined method: nil#run_at=	V7
corpus/14-errors/job_queue.rb	(99,12)-(99,18):undefined method: Integer#run_at=	V4
corpus/14-errors/job_queue.rb	(99,12)-(99,18):undefined method: String#run_at=	V4
corpus/14-errors/job_queue.rb	(101,29)-(101,37):undefined method: nil#describe	V7
corpus/14-errors/job_queue.rb	(101,29)-(101,37):undefined method: Integer#describe	V4
corpus/14-errors/job_queue.rb	(101,29)-(101,37):undefined method: String#describe	V4
corpus/14-errors/job_queue.rb	(101,56)-(101,62):undefined method: nil#run_at	V7
corpus/14-errors/job_queue.rb	(101,56)-(101,62):undefined method: Integer#run_at	V4
corpus/14-errors/job_queue.rb	(101,56)-(101,62):undefined method: String#run_at	V4
corpus/14-errors/job_queue.rb	(104,10)-(104,16):undefined method: nil#errors	V7
corpus/14-errors/job_queue.rb	(104,10)-(104,16):undefined method: Integer#errors	V4
corpus/14-errors/job_queue.rb	(104,10)-(104,16):undefined method: String#errors	V4
corpus/14-errors/job_queue.rb	(106,27)-(106,35):undefined method: nil#describe	V7
corpus/14-errors/job_queue.rb	(106,27)-(106,35):undefined method: Integer#describe	V4
corpus/14-errors/job_queue.rb	(106,27)-(106,35):undefined method: String#describe	V4
corpus/14-errors/job_queue.rb	(122,14)-(122,22):undefined method: nil#describe	V7
corpus/14-errors/job_queue.rb	(122,14)-(122,22):undefined method: Integer#describe	V4
corpus/14-errors/job_queue.rb	(122,14)-(122,22):undefined method: String#describe	V4
corpus/14-errors/job_queue.rb	(122,37)-(122,45):undefined method: nil#attempts	V7
corpus/14-errors/job_queue.rb	(122,37)-(122,45):undefined method: Integer#attempts	V4
corpus/14-errors/job_queue.rb	(122,37)-(122,45):undefined method: String#attempts	V4
corpus/14-errors/job_queue.rb	(122,56)-(122,62):undefined method: nil#errors	V7
corpus/14-errors/job_queue.rb	(122,56)-(122,62):undefined method: Integer#errors	V4
corpus/14-errors/job_queue.rb	(122,56)-(122,62):undefined method: String#errors	V4
corpus/14-errors/ledger_reconcile.rb	(53,15)-(53,16):undefined method: nil#<	V7
corpus/14-errors/ledger_reconcile.rb	(54,12)-(54,15):undefined method: nil#abs	V7
corpus/14-errors/ledger_reconcile.rb	(66,19)-(66,20):undefined method: nil#-	V7
corpus/14-errors/log_triage.rb	(53,15)-(53,19):undefined method: nil#scan	V9
corpus/14-errors/log_triage.rb	(54,14)-(54,18):undefined method: nil#gsub	V9
corpus/14-errors/log_triage.rb	(55,17)-(55,22):undefined method: nil#split	V9
corpus/14-errors/log_triage.rb	(71,55)-(71,57):undefined method: nil#>=	V9
corpus/14-errors/log_triage.rb	(79,73)-(79,78):undefined method: nil#level	V9
corpus/14-errors/matrix_checks.rb	(42,74)-(42,75):undefined method: nil#+	V1
corpus/14-errors/matrix_checks.rb	(47,74)-(47,75):undefined method: nil#-	V1
corpus/14-errors/matrix_checks.rb	(56,39)-(56,40):undefined method: nil#*	V9
corpus/14-errors/matrix_checks.rb	(70,32)-(70,33):undefined method: nil#-	V9
corpus/14-errors/matrix_checks.rb	(70,17)-(70,18):undefined method: nil#*	V9
corpus/14-errors/matrix_checks.rb	(70,47)-(70,48):undefined method: nil#*	V9
corpus/14-errors/matrix_checks.rb	(78,30)-(78,31):undefined method: nil#*	V9
corpus/14-errors/matrix_checks.rb	(78,35)-(78,36):undefined method: nil#-@	V9
corpus/14-errors/matrix_checks.rb	(78,56)-(78,57):undefined method: nil#-@	V9
corpus/14-errors/matrix_checks.rb	(78,88)-(78,89):undefined method: nil#*	V9
corpus/14-errors/matrix_checks.rb	(119,8)-(119,10):failed to resolve overloads	V11
corpus/13-polymorphism/duration_timesheet.rb	(39,37)-(39,38):failed to resolve overloads	V1
corpus/13-polymorphism/duration_timesheet.rb	(43,27)-(43,28):undefined method: Array[untyped]#/	V3
corpus/13-polymorphism/duration_timesheet.rb	(43,27)-(43,28):undefined method: Array[untyped]#/	V3
corpus/13-polymorphism/duration_timesheet.rb	(43,27)-(43,28):undefined method: Array[untyped]#/	V3
corpus/13-polymorphism/duration_timesheet.rb	(43,37)-(43,38):failed to resolve overloads	V1
corpus/13-polymorphism/duration_timesheet.rb	(43,37)-(43,38):failed to resolve overloads	V1
corpus/13-polymorphism/duration_timesheet.rb	(43,37)-(43,38):failed to resolve overloads	V1
corpus/13-polymorphism/duration_timesheet.rb	(43,32)-(43,36):undefined method: Integer#secs	residual
corpus/13-polymorphism/duration_timesheet.rb	(44,39)-(44,40):undefined method: Array[untyped]#/	V3
corpus/13-polymorphism/duration_timesheet.rb	(44,39)-(44,40):undefined method: Array[untyped]#/	V3
corpus/13-polymorphism/duration_timesheet.rb	(44,39)-(44,40):undefined method: Array[untyped]#/	V3
corpus/13-polymorphism/duration_timesheet.rb	(49,20)-(49,21):undefined method: Array[untyped]#/	V3
corpus/13-polymorphism/duration_timesheet.rb	(49,20)-(49,21):undefined method: Array[untyped]#/	V3
corpus/13-polymorphism/duration_timesheet.rb	(49,20)-(49,21):undefined method: Array[untyped]#/	V3
corpus/13-polymorphism/duration_timesheet.rb	(52,17)-(52,18):undefined method: Array[untyped]#<	V3
corpus/13-polymorphism/duration_timesheet.rb	(52,17)-(52,18):undefined method: Array[untyped]#<	V3
corpus/13-polymorphism/duration_timesheet.rb	(52,17)-(52,18):undefined method: Array[untyped]#<	V3
corpus/13-polymorphism/duration_timesheet.rb	(53,14)-(53,17):undefined method: Array[untyped]#abs	V3
corpus/13-polymorphism/duration_timesheet.rb	(53,14)-(53,17):undefined method: Array[untyped]#abs	V3
corpus/13-polymorphism/duration_timesheet.rb	(53,14)-(53,17):undefined method: Array[untyped]#abs	V3
corpus/13-polymorphism/duration_timesheet.rb	(76,21)-(76,22):wrong type of arguments	V3
corpus/13-polymorphism/duration_timesheet.rb	(79,45)-(79,46):undefined method: Array[untyped]#%	V3
corpus/13-polymorphism/duration_timesheet.rb	(79,30)-(79,31):wrong type of arguments	V3
corpus/13-polymorphism/duration_timesheet.rb	(79,39)-(79,40):undefined method: Array[untyped]#/	V3
corpus/13-polymorphism/duration_timesheet.rb	(79,39)-(79,40):undefined method: Array[untyped]#/	V3
corpus/13-polymorphism/duration_timesheet.rb	(79,39)-(79,40):undefined method: Array[untyped]#/	V3
corpus/13-polymorphism/duration_timesheet.rb	(84,23)-(84,27):undefined method: Duration#mins	residual
corpus/13-polymorphism/duration_timesheet.rb	(85,27)-(85,28):undefined method: Array[untyped]#<	V3
corpus/13-polymorphism/duration_timesheet.rb	(85,11)-(85,13):wrong type of arguments	V3
corpus/13-polymorphism/duration_timesheet.rb	(87,53)-(87,54):undefined method: Array[untyped]#%	V3
corpus/13-polymorphism/duration_timesheet.rb	(87,38)-(87,39):wrong type of arguments	V3
corpus/13-polymorphism/duration_timesheet.rb	(87,47)-(87,48):undefined method: Array[untyped]#/	V3
corpus/13-polymorphism/duration_timesheet.rb	(87,47)-(87,48):undefined method: Array[untyped]#/	V3
corpus/13-polymorphism/duration_timesheet.rb	(87,47)-(87,48):undefined method: Array[untyped]#/	V3
corpus/13-polymorphism/duration_timesheet.rb	(87,42)-(87,46):undefined method: Clock#secs	residual
corpus/13-polymorphism/duration_timesheet.rb	(92,39)-(92,40):undefined method: Array[untyped]#/	V3
corpus/13-polymorphism/duration_timesheet.rb	(92,51)-(92,52):undefined method: Array[untyped]#%	V3
corpus/13-polymorphism/duration_timesheet.rb	(140,28)-(140,29):undefined method: Array[untyped]#-@	V3
corpus/13-polymorphism/duration_timesheet.rb	(140,28)-(140,29):undefined method: Array[untyped]#-@	V3
corpus/13-polymorphism/duration_timesheet.rb	(140,28)-(140,29):undefined method: Array[untyped]#-@	V3
corpus/13-polymorphism/fraction_math.rb	(20,10)-(20,13):undefined method: Numeric#gcd	V11
corpus/13-polymorphism/fraction_math.rb	(22,15)-(22,16):undefined method: Numeric#/	residual
corpus/13-polymorphism/fraction_math.rb	(22,22)-(22,23):undefined method: Numeric#/	residual
corpus/13-polymorphism/fraction_math.rb	(28,9)-(28,12):undefined method: nil#[]	V7
corpus/13-polymorphism/fraction_math.rb	(29,8)-(29,11):undefined method: nil#[]	V7
corpus/13-polymorphism/interval_arith.rb	(38,14)-(38,15):undefined method: Numeric#*	residual
corpus/13-polymorphism/interval_arith.rb	(38,26)-(38,27):undefined method: Numeric#*	residual
corpus/13-polymorphism/interval_arith.rb	(38,38)-(38,39):undefined method: Numeric#*	residual
corpus/13-polymorphism/interval_arith.rb	(38,50)-(38,51):undefined method: Numeric#*	residual
corpus/13-polymorphism/interval_arith.rb	(53,23)-(53,25):undefined method: Numeric#**	residual
corpus/13-polymorphism/interval_arith.rb	(53,33)-(53,35):undefined method: Numeric#**	residual
corpus/13-polymorphism/interval_arith.rb	(55,23)-(55,25):undefined method: Numeric#**	residual
corpus/13-polymorphism/interval_arith.rb	(55,33)-(55,35):undefined method: Numeric#**	residual
corpus/13-polymorphism/interval_arith.rb	(57,27)-(57,29):undefined method: Numeric#**	residual
corpus/13-polymorphism/interval_arith.rb	(57,37)-(57,39):undefined method: Numeric#**	residual
corpus/13-polymorphism/interval_arith.rb	(62,24)-(62,25):undefined method: Numeric#/	residual
corpus/13-polymorphism/interval_arith.rb	(97,22)-(97,31):undefined method: Numeric#contains?	residual
corpus/13-polymorphism/interval_arith.rb	(97,22)-(97,31):undefined method: Float#contains?	residual
corpus/13-polymorphism/interval_arith.rb	(118,2)-(118,6):wrong type of arguments	V1
corpus/13-polymorphism/interval_arith.rb	(157,48)-(157,52):undefined method: nil#hull	residual
corpus/13-polymorphism/interval_arith.rb	(159,34)-(159,37):undefined method: nil#mid	residual
corpus/13-polymorphism/life_grid.rb	(4,4)-(4,13):undefined method: CellSet#each_cell	residual
corpus/13-polymorphism/life_grid.rb	(11,4)-(11,13):undefined method: CellSet#each_cell	residual
corpus/13-polymorphism/life_grid.rb	(32,61)-(32,64):failed to resolve overloads	V11
corpus/13-polymorphism/life_grid.rb	(45,18)-(45,26):failed to resolve overloads	V11
corpus/13-polymorphism/life_grid.rb	(50,7)-(50,15):failed to resolve overloads	V11
corpus/13-polymorphism/life_grid.rb	(93,2)-(93,6):wrong type of arguments	V1
corpus/13-polymorphism/life_grid.rb	(107,2)-(107,6):wrong type of arguments	V1
corpus/03-numtheory/happy_cycles.rb	(8,6)-(8,8):failed to resolve overloads	V11
corpus/03-numtheory/happy_cycles.rb	(8,10)-(8,12):undefined method: Numeric#**	V2
corpus/03-numtheory/integer_partitions.rb	(83,16)-(83,19):wrong type of arguments	V1
corpus/03-numtheory/integer_partitions.rb	(83,36)-(83,40):wrong type of arguments	V1
corpus/03-numtheory/integer_partitions.rb	(83,71)-(83,75):wrong type of arguments	V1
corpus/03-numtheory/linear_diophantine.rb	(43,66)-(43,67):failed to resolve overloads	V11
corpus/03-numtheory/linear_diophantine.rb	(44,8)-(44,9):failed to resolve overloads	V11
corpus/03-numtheory/linear_diophantine.rb	(45,32)-(45,33):failed to resolve overloads	V11
corpus/03-numtheory/linear_diophantine.rb	(45,43)-(45,44):failed to resolve overloads	V11
corpus/12-parsers/tiny_basic.rb	(106,10)-(106,12):undefined method: Numeric#*	V2
corpus/12-parsers/tiny_basic.rb	(110,10)-(110,12):undefined method: Numeric#/	V2
corpus/12-parsers/tiny_basic.rb	(128,27)-(128,33):undefined method: Array[String?]#match?	V9
corpus/12-parsers/tiny_basic.rb	(128,15)-(128,19):undefined method: Array[String?]#to_i	V9
corpus/12-parsers/tiny_basic.rb	(129,42)-(129,48):undefined method: Array[String?]#match?	V9
corpus/12-parsers/tiny_basic.rb	(141,47)-(141,53):undefined method: Array[String?]#match?	V9
corpus/12-parsers/tiny_basic.rb	(155,15)-(155,26):undefined method: Array[String?]#start_with?	V9
corpus/12-parsers/tiny_basic.rb	(226,14)-(226,15):undefined method: nil#<	V9
corpus/12-parsers/tiny_basic.rb	(231,10)-(231,12):undefined method: nil#+	V9
corpus/12-parsers/tiny_basic.rb	(232,29)-(232,33):undefined method: nil#scan	V9
corpus/12-parsers/tokenizer.rb	(20,29)-(20,35):undefined method: nil#match?	V7
corpus/12-parsers/tokenizer.rb	(21,35)-(21,41):undefined method: nil#match?	V7
corpus/12-parsers/tokenizer.rb	(22,34)-(22,40):undefined method: nil#match?	V7
corpus/09-dp/sequence_alignment.rb	(42,67)-(42,68):undefined method: nil#+	V6
corpus/09-dp/sequence_alignment.rb	(48,14)-(48,21):failed to resolve overloads	V6
corpus/09-dp/sequence_alignment.rb	(48,17)-(48,18):undefined method: nil#-	V6
corpus/09-dp/sequence_alignment.rb	(48,24)-(48,25):undefined method: nil#-	V6
corpus/09-dp/sequence_alignment.rb	(48,47)-(48,54):failed to resolve overloads	V6
corpus/09-dp/sequence_alignment.rb	(48,50)-(48,51):undefined method: nil#-	V6
corpus/09-dp/sequence_alignment.rb	(48,57)-(48,64):failed to resolve overloads	V6
corpus/09-dp/sequence_alignment.rb	(48,60)-(48,61):undefined method: nil#-	V6
corpus/09-dp/sequence_alignment.rb	(49,12)-(49,19):failed to resolve overloads	V6
corpus/09-dp/sequence_alignment.rb	(49,15)-(49,16):undefined method: nil#-	V6
corpus/09-dp/sequence_alignment.rb	(50,14)-(50,17):failed to resolve overloads	V6
corpus/09-dp/sequence_alignment.rb	(50,20)-(50,21):undefined method: nil#-	V6
corpus/09-dp/sequence_alignment.rb	(65,7)-(65,10):failed to resolve overloads	V6
corpus/09-dp/sequence_alignment.rb	(66,10)-(66,13):failed to resolve overloads	V6
corpus/09-dp/sequence_alignment.rb	(76,22)-(76,23):undefined method: nil#-	V6
corpus/09-dp/sequence_alignment.rb	(77,25)-(77,26):undefined method: nil#-	V6
corpus/09-dp/sequence_alignment.rb	(78,8)-(78,10):undefined method: nil#-	V6
corpus/09-dp/sequence_alignment.rb	(79,8)-(79,10):undefined method: nil#-	V6
corpus/09-dp/stock_trading.rb	(21,17)-(21,24):failed to resolve overloads	V6
corpus/09-dp/stock_trading.rb	(21,20)-(21,21):undefined method: nil#-	V6
corpus/09-dp/stock_trading.rb	(23,12)-(23,15):failed to resolve overloads	V6
corpus/09-dp/stock_trading.rb	(23,28)-(23,31):failed to resolve overloads	V6
corpus/09-dp/stock_trading.rb	(23,34)-(23,35):undefined method: nil#-	V6
corpus/09-dp/stock_trading.rb	(23,50)-(23,51):failed to resolve overloads	V6
corpus/09-dp/stock_trading.rb	(24,26)-(24,33):failed to resolve overloads	V6
corpus/09-dp/stock_trading.rb	(24,29)-(24,30):undefined method: nil#-	V6
corpus/09-dp/stock_trading.rb	(30,19)-(30,20):undefined method: nil#>	V9
corpus/09-dp/stock_trading.rb	(31,35)-(31,36):undefined method: nil#-	V9
corpus/09-dp/stock_trading.rb	(32,8)-(32,10):undefined method: nil#-	V9
corpus/09-dp/stock_trading.rb	(36,15)-(36,16):undefined method: nil#-	V9
corpus/09-dp/stock_trading.rb	(51,32)-(51,33):undefined method: nil#+	V7
corpus/09-dp/stock_trading.rb	(95,44)-(95,45):wrong type of arguments	V11
corpus/09-dp/subset_partition.rb	(5,16)-(5,19):undefined method: nil#sum	V6
corpus/09-dp/subset_partition.rb	(6,20)-(6,23):failed to resolve overloads	V11
corpus/09-dp/subset_partition.rb	(7,14)-(7,17):failed to resolve overloads	V11
corpus/09-dp/subset_partition.rb	(9,8)-(9,23):undefined method: nil#each_with_index	V6
corpus/09-dp/subset_partition.rb	(11,19)-(11,22):failed to resolve overloads	V11
corpus/09-dp/subset_partition.rb	(11,35)-(11,42):failed to resolve overloads	V11
corpus/09-dp/subset_partition.rb	(12,17)-(12,20):failed to resolve overloads	V11
corpus/09-dp/subset_partition.rb	(13,11)-(13,14):failed to resolve overloads	V11
corpus/09-dp/subset_partition.rb	(24,13)-(24,16):failed to resolve overloads	V11
corpus/09-dp/subset_partition.rb	(26,14)-(26,19):undefined method: nil#[]	V6
corpus/09-dp/subset_partition.rb	(32,16)-(32,19):undefined method: nil#sum	V6
corpus/09-dp/subset_partition.rb	(35,29)-(35,37):failed to resolve overloads	V11
corpus/09-dp/subset_partition.rb	(37,22)-(37,26):undefined method: nil#size	V6
corpus/09-dp/subset_partition.rb	(38,33)-(38,36):undefined method: nil#[]	V6
corpus/09-dp/subset_partition.rb	(39,33)-(39,36):undefined method: nil#[]	V6
corpus/09-dp/subset_partition.rb	(40,19)-(40,20):failed to resolve overloads	V11
corpus/09-dp/viterbi.rb	(73,27)-(73,28):failed to resolve overloads	V11
corpus/09-dp/viterbi.rb	(75,52)-(75,55):undefined method: nil#[]	V9
corpus/09-dp/word_break.rb	(14,12)-(14,13):failed to resolve overloads	V11
corpus/09-dp/word_break.rb	(47,6)-(47,10):failed to resolve overloads	V6
corpus/09-dp/word_break.rb	(47,13)-(47,14):undefined method: nil#-	V6
corpus/09-dp/word_break.rb	(48,17)-(48,20):failed to resolve overloads	V6
corpus/09-dp/word_break.rb	(51,16)-(51,19):failed to resolve overloads	V6
corpus/09-dp/word_break.rb	(53,12)-(53,15):failed to resolve overloads	V6
corpus/09-dp/word_break.rb	(54,11)-(54,14):failed to resolve overloads	V6
corpus/09-dp/word_break.rb	(85,13)-(85,14):wrong type of arguments	V1
corpus/13-polymorphism/physical_quantities.rb	(42,16)-(42,20):undefined method: Array[String]#to_f	V3
corpus/13-polymorphism/physical_quantities.rb	(96,12)-(96,16):undefined method: Float#dims	residual
corpus/13-polymorphism/physical_quantities.rb	(97,25)-(97,30):undefined method: Float#value	residual
corpus/13-polymorphism/polynomial.rb	(29,40)-(29,41):undefined method: nil#+	V9
corpus/13-polymorphism/polynomial.rb	(35,40)-(35,41):undefined method: nil#-	V9
corpus/13-polymorphism/polynomial.rb	(43,52)-(43,53):undefined method: nil#*	V9
corpus/13-polymorphism/polynomial.rb	(60,22)-(60,23):undefined method: nil#/	V9
corpus/13-polymorphism/polynomial.rb	(70,65)-(70,66):undefined method: nil#+	V9
corpus/13-polymorphism/polynomial.rb	(72,69)-(72,70):undefined method: nil#*	V9
corpus/13-polymorphism/polynomial.rb	(76,23)-(76,34):undefined method: nil#denominator	V9
corpus/13-polymorphism/polynomial.rb	(76,44)-(76,53):undefined method: nil#numerator	V9
corpus/13-polymorphism/polynomial.rb	(87,14)-(87,15):undefined method: nil#<	V9
corpus/13-polymorphism/polynomial.rb	(88,18)-(88,19):undefined method: nil#-@	V9
corpus/13-polymorphism/quaternion_rotation.rb	(11,25)-(11,26):failed to resolve overloads	V11
corpus/13-polymorphism/quaternion_rotation.rb	(11,35)-(11,36):failed to resolve overloads	V11
corpus/13-polymorphism/quaternion_rotation.rb	(11,45)-(11,46):failed to resolve overloads	V11
corpus/13-polymorphism/quaternion_rotation.rb	(20,20)-(20,24):wrong type of arguments	V1
corpus/13-polymorphism/quaternion_rotation.rb	(38,13)-(38,16):wrong type of arguments	V1
corpus/13-polymorphism/quaternion_rotation.rb	(39,18)-(39,21):wrong type of arguments	V1
corpus/13-polymorphism/quaternion_rotation.rb	(48,13)-(48,14):undefined method: Float#w	residual
corpus/13-polymorphism/quaternion_rotation.rb	(48,13)-(48,14):undefined method: Integer#w	residual
corpus/13-polymorphism/quaternion_rotation.rb	(49,13)-(49,14):undefined method: Float#x	residual
corpus/13-polymorphism/quaternion_rotation.rb	(49,13)-(49,14):undefined method: Integer#x	residual
corpus/13-polymorphism/quaternion_rotation.rb	(50,13)-(50,14):undefined method: Float#y	residual
corpus/13-polymorphism/quaternion_rotation.rb	(50,13)-(50,14):undefined method: Integer#y	residual
corpus/13-polymorphism/quaternion_rotation.rb	(51,13)-(51,14):undefined method: Float#z	residual
corpus/13-polymorphism/quaternion_rotation.rb	(51,13)-(51,14):undefined method: Integer#z	residual
corpus/13-polymorphism/quaternion_rotation.rb	(63,18)-(63,22):wrong type of arguments	V1
corpus/13-polymorphism/quaternion_rotation.rb	(72,23)-(72,28):wrong type of arguments	V1
corpus/13-polymorphism/quaternion_rotation.rb	(81,17)-(81,21):wrong type of arguments	V1
corpus/13-polymorphism/quaternion_rotation.rb	(82,14)-(82,17):wrong type of arguments	V1
corpus/13-polymorphism/quaternion_rotation.rb	(82,42)-(82,45):wrong type of arguments	V1
corpus/13-polymorphism/quaternion_rotation.rb	(83,14)-(83,17):wrong type of arguments	V1
corpus/13-polymorphism/quaternion_rotation.rb	(83,36)-(83,39):wrong type of arguments	V1
corpus/13-polymorphism/shapes_area.rb	(49,9)-(49,13):wrong type of arguments	V1
corpus/13-polymorphism/shapes_area.rb	(64,48)-(64,51):wrong type of arguments	V1
corpus/13-polymorphism/sparse_vector.rb	(48,18)-(48,22):wrong type of arguments	V1
corpus/03-numtheory/quadratic_residues.rb	(15,14)-(15,17):undefined method: Numeric#pow	V2
corpus/03-numtheory/quadratic_residues.rb	(24,12)-(24,17):undefined method: Numeric#even?	V2
corpus/03-numtheory/quadratic_residues.rb	(25,8)-(25,10):undefined method: Numeric#/	V2
corpus/03-numtheory/quadratic_residues.rb	(39,11)-(39,14):undefined method: Numeric#pow	V2
corpus/03-numtheory/quadratic_residues.rb	(50,8)-(50,11):undefined method: Numeric#pow	V2
corpus/03-numtheory/quadratic_residues.rb	(51,8)-(51,11):undefined method: Numeric#pow	V2
corpus/03-numtheory/quadratic_residues.rb	(56,14)-(56,15):undefined method: Numeric#*	V2
corpus/03-numtheory/quadratic_residues.rb	(59,10)-(59,13):failed to resolve overloads	residual
corpus/03-numtheory/quadratic_residues.rb	(62,10)-(62,11):failed to resolve overloads	V11
corpus/03-numtheory/quadratic_residues.rb	(63,10)-(63,11):failed to resolve overloads	V11
corpus/03-numtheory/quadratic_residues.rb	(74,25)-(74,26):undefined method: Numeric#*	V2
corpus/03-numtheory/quadratic_residues.rb	(113,64)-(113,65):undefined method: Numeric#*	V2
corpus/03-numtheory/repeating_decimals.rb	(11,8)-(11,10):undefined method: Numeric#*	V2
corpus/03-numtheory/repeating_decimals.rb	(26,28)-(26,34):undefined method: nil#empty?	V9
corpus/03-numtheory/repeating_decimals.rb	(26,44)-(26,50):undefined method: nil#empty?	V9
corpus/03-numtheory/repeating_decimals.rb	(27,37)-(27,43):undefined method: nil#empty?	V9
corpus/03-numtheory/repeating_decimals.rb	(36,10)-(36,11):undefined method: Numeric#*	V2
corpus/03-numtheory/repeating_decimals.rb	(43,17)-(43,18):undefined method: nil#%	V9
corpus/03-numtheory/repeating_decimals.rb	(43,4)-(43,6):undefined method: nil#/	V9
corpus/03-numtheory/repeating_decimals.rb	(44,17)-(44,18):undefined method: nil#%	V9
corpus/03-numtheory/repeating_decimals.rb	(44,4)-(44,6):undefined method: nil#/	V9
corpus/03-numtheory/repeating_decimals.rb	(56,24)-(56,25):undefined method: nil#+	V9
corpus/03-numtheory/repeating_decimals.rb	(61,55)-(61,61):undefined method: nil#length	V9
corpus/03-numtheory/repeating_decimals.rb	(85,15)-(85,21):undefined method: nil#length	V9
corpus/03-numtheory/repeating_decimals.rb	(86,11)-(86,21):undefined method: nil#[]	V9
corpus/03-numtheory/repeating_decimals.rb	(87,11)-(87,19):undefined method: nil#[]	V9
corpus/03-numtheory/repeating_decimals.rb	(88,25)-(88,35):undefined method: nil#[]	V9
corpus/03-numtheory/repeating_decimals.rb	(88,46)-(88,54):undefined method: nil#[]	V9
corpus/03-numtheory/rsa_toy.rb	(27,18)-(27,21):undefined method: Numeric#pow	V2
corpus/03-numtheory/rsa_toy.rb	(44,11)-(44,12):undefined method: nil#-	V8
corpus/03-numtheory/rsa_toy.rb	(45,12)-(45,13):undefined method: nil#*	V8
corpus/03-numtheory/rsa_toy.rb	(58,30)-(58,33):undefined method: Numeric#chr	V2
corpus/03-numtheory/rsa_toy.rb	(66,54)-(66,55):undefined method: Numeric#*	V2
corpus/03-numtheory/rsa_toy.rb	(79,30)-(79,31):undefined method: Numeric#*	V2
corpus/03-numtheory/rsa_toy.rb	(79,48)-(79,49):undefined method: nil#-	V8
corpus/03-numtheory/sieve_primes.rb	(40,24)-(40,31):failed to resolve overloads	V4
corpus/03-numtheory/sieve_primes.rb	(40,34)-(40,41):failed to resolve overloads	V4
corpus/03-numtheory/sieve_primes.rb	(79,13)-(79,20):failed to resolve overloads	V4
corpus/03-numtheory/sieve_primes.rb	(79,28)-(79,33):failed to resolve overloads	V4
corpus/03-numtheory/sieve_primes.rb	(79,39)-(79,46):failed to resolve overloads	V4
corpus/03-numtheory/sieve_primes.rb	(82,71)-(82,75):undefined method: nil#join	residual
