V5 1/391 corpus/17-encodings/caesar_cracker.rb 0.04s 
V5 2/391 corpus/17-encodings/check_digits.rb 0.04s 
V5 3/391 corpus/17-encodings/frame_parser.rb 0.06s 
V5 4/391 corpus/17-encodings/hamming_secded.rb 0.05s 
V5 5/391 corpus/19-statemachines/smtp_session.rb 0.03s 
V5 6/391 corpus/03-numtheory/base_conversion.rb 0.05s 
V5 7/391 corpus/03-numtheory/calendar_congruences.rb 0.06s 
V5 8/391 corpus/03-numtheory/check_digits.rb 0.05s 
V5 9/391 corpus/03-numtheory/collatz_stats.rb 0.04s 
V5 10/391 corpus/03-numtheory/continued_fractions.rb 0.05s 
V5 11/391 corpus/05-sorting/library_catalog.rb 0.04s 
V5 12/391 corpus/05-sorting/log_time_bisect.rb 0.05s 
V5 13/391 corpus/05-sorting/meeting_intervals.rb 0.05s 
V5 14/391 corpus/05-sorting/natural_runs_sort.rb 0.08s 
V5 15/391 corpus/10-grids/minesweeper.rb 0.04s 
V5 16/391 corpus/10-grids/n_queens.rb 0.04s 
V5 17/391 corpus/10-grids/nonogram.rb 0.04s 
V5 18/391 corpus/10-grids/othello.rb 0.04s 
V5 19/391 corpus/10-grids/sliding_puzzle.rb 0.04s 
V5 20/391 corpus/02-analytics/access_log_urls.rb 0.05s 
V5 21/391 corpus/02-analytics/anagram_groups.rb 0.04s 
V5 22/391 corpus/02-analytics/autocomplete.rb 0.04s 
V5 23/391 corpus/02-analytics/cooccurrence_pmi.rb 0.04s 
V5 24/391 corpus/09-dp/coin_change.rb 0.05s 
V5 25/391 corpus/09-dp/company_party.rb 0.04s 
V5 26/391 corpus/09-dp/decode_ways.rb 0.05s 
V5 27/391 corpus/20-business/appointment_scheduler.rb 0.05s 
V5 28/391 corpus/20-business/bank_ledger.rb 0.06s 
V5 29/391 corpus/20-business/customer_loyalty.rb 0.04s 
V5 30/391 corpus/20-business/event_registration.rb 0.04s 
V5 31/391 corpus/18-collections/word_pipeline.rb 0.05s 
V5 32/391 corpus/18-collections/word_rack.rb 0.05s 
V5 33/391 corpus/19-statemachines/expr_lexer.rb 0.04s 
V5 34/391 corpus/19-statemachines/http_parser.rb 0.04s 
V5 35/391 corpus/15-data/customer_dedupe.rb 0.05s 
V5 36/391 corpus/15-data/employee_dept_join.rb 0.06s 
V5 37/391 corpus/15-data/etl_star_schema.rb 0.08s 
V5 38/391 corpus/15-data/expense_pivot.rb 0.05s 
V5 39/391 corpus/06-linked/bank_teller_sim.rb 0.04s 
V5 40/391 corpus/06-linked/browser_history.rb 0.04s 
V5 41/391 corpus/06-linked/chained_hash_table.rb 0.04s 
V5 42/391 corpus/06-linked/circular_playlist.rb 0.05s 
V5 43/391 corpus/01-text/ascii_table.rb 0.06s 
V5 44/391 corpus/01-text/bwt_rle.rb 0.05s 
V5 45/391 corpus/01-text/case_convert.rb 0.05s 
V5 46/391 corpus/10-grids/flood_fill.rb 0.04s 
V5 47/391 corpus/10-grids/game_2048.rb 0.05s 
V5 48/391 corpus/10-grids/game_of_life.rb 0.04s 
V5 49/391 corpus/10-grids/hex_game.rb 0.04s 
V5 50/391 corpus/10-grids/knights_tour.rb 0.04s 
V5 51/391 corpus/05-sorting/sorted_matrix_search.rb 0.04s 
V5 52/391 corpus/05-sorting/trail_peak_search.rb 0.05s 
V5 53/391 corpus/05-sorting/version_resolver.rb 0.05s 
V5 54/391 corpus/09-dp/line_breaking.rb 0.04s 
V5 55/391 corpus/09-dp/longest_increasing.rb 0.04s 
V5 56/391 corpus/09-dp/matrix_chain.rb 0.05s 
V5 57/391 corpus/09-dp/optimal_bst.rb 0.06s 
V5 58/391 corpus/09-dp/palindromes.rb 0.05s 
V5 59/391 corpus/01-text/ini_config.rb 0.05s 
V5 60/391 corpus/01-text/json_pretty.rb 0.06s 
V5 61/391 corpus/01-text/justify_text.rb 0.03s 
V5 62/391 corpus/01-text/line_diff.rb 0.05s 
V5 63/391 corpus/01-text/markdown_html.rb 0.04s 
V5 64/391 corpus/19-statemachines/markdown_blocks.rb 0.03s 
V5 65/391 corpus/19-statemachines/morse_decoder.rb 0.03s 
V5 66/391 corpus/19-statemachines/order_workflow.rb 0.04s 
V5 67/391 corpus/19-statemachines/regex_nfa.rb 0.05s 
V5 68/391 corpus/18-collections/cart_discounts.rb 0.05s 
V5 69/391 corpus/18-collections/contact_dedupe.rb 0.04s 
V5 70/391 corpus/08-graphs/land_islands.rb 0.04s 
V5 71/391 corpus/08-graphs/make_rebuild.rb 0.04s 
V5 72/391 corpus/08-graphs/maze_bfs.rb 0.03s 
V5 73/391 corpus/08-graphs/metro_transfers.rb 0.03s 
V5 74/391 corpus/08-graphs/org_chart_lca.rb 0.04s 
V5 75/391 corpus/13-polymorphism/calendar_dates.rb 0.06s 
V5 76/391 corpus/13-polymorphism/color_palette.rb 0.06s 
V5 77/391 corpus/13-polymorphism/doc_render.rb 0.05s 
V5 78/391 corpus/08-graphs/pipeline_flow.rb 0.04s 
V5 79/391 corpus/08-graphs/word_ladder.rb 0.03s 
V5 80/391 corpus/05-sorting/hashtag_trends.rb 0.03s 
V5 81/391 corpus/05-sorting/heap_scheduler.rb 0.04s 
V5 82/391 corpus/05-sorting/kway_log_merge.rb 0.05s 
V5 83/391 corpus/18-collections/friend_graph.rb 0.04s 
V5 84/391 corpus/18-collections/grade_book.rb 0.06s 
V5 85/391 corpus/18-collections/ip_ranges.rb 0.05s 
V5 86/391 corpus/18-collections/latency_buckets.rb 0.05s 
V5 87/391 corpus/04-numeric/polynomial.rb 0.12s 
V5 88/391 corpus/04-numeric/root_finding.rb 0.06s 
V5 89/391 corpus/04-numeric/special_functions.rb 0.08s 
V5 90/391 corpus/04-numeric/time_series.rb 0.05s 
V5 91/391 corpus/04-numeric/vector_geometry.rb 0.05s 
V5 92/391 corpus/14-errors/bank_transfers.rb 0.04s 
V5 93/391 corpus/14-errors/card_validation.rb 0.04s 
V5 94/391 corpus/14-errors/config_loader.rb 0.04s 
V5 95/391 corpus/14-errors/contracts.rb 0.04s 
V5 96/391 corpus/07-trees/merkle_sync.rb 0.06s 
V5 97/391 corpus/07-trees/org_chart.rb 0.05s 
V5 98/391 corpus/07-trees/quadtree.rb 0.04s 
V5 99/391 corpus/07-trees/rope_editor.rb 0.07s 
V5 100/391 corpus/11-simulation/ecosystem_patches.rb 0.04s 
V5 101/391 corpus/11-simulation/elevator_scan.rb 0.05s 
V5 102/391 corpus/11-simulation/hotel_bookings.rb 0.04s 
V5 103/391 corpus/07-trees/spanning_tree.rb 0.04s 
V5 104/391 corpus/07-trees/taxonomy_lca.rb 0.05s 
V5 105/391 corpus/07-trees/traversals.rb 0.06s 
V5 106/391 corpus/07-trees/tree_codec.rb 0.05s 
V5 107/391 corpus/07-trees/trie_autocomplete.rb 0.05s 
V5 108/391 corpus/12-parsers/lisp_interp.rb 0.07s 
V5 109/391 corpus/12-parsers/markdown.rb 0.05s 
V5 110/391 corpus/12-parsers/pratt_parser.rb 0.1s 
V5 111/391 corpus/12-parsers/query_engine.rb 0.08s 
V5 112/391 corpus/12-parsers/regex_matcher.rb 0.06s 
V5 113/391 corpus/06-linked/lfu_cache_buckets.rb 0.04s 
V5 114/391 corpus/06-linked/list_toolkit.rb 0.05s 
V5 115/391 corpus/06-linked/lru_cache.rb 0.04s 
V5 116/391 corpus/06-linked/markup_tag_checker.rb 0.03s 
V5 117/391 corpus/06-linked/merge_log_streams.rb 0.05s 
V5 118/391 corpus/16-dates/activity_heatmap.rb 0.06s 
V5 119/391 corpus/16-dates/age_calculator.rb 0.06s 
V5 120/391 corpus/16-dates/billing_cycles.rb 0.06s 
V5 121/391 corpus/16-dates/calendar_systems.rb 0.06s 
V5 122/391 corpus/11-simulation/bank_ledger.rb 0.05s 
V5 123/391 corpus/11-simulation/car_rental.rb 0.04s 
V5 124/391 corpus/11-simulation/checkout_lanes.rb 0.04s 
V5 125/391 corpus/02-analytics/language_guess.rb 0.04s 
V5 126/391 corpus/02-analytics/log_summary.rb 0.05s 
V5 127/391 corpus/02-analytics/near_duplicates.rb 0.04s 
V5 128/391 corpus/04-numeric/bezier_curves.rb 0.07s 
V5 129/391 corpus/04-numeric/correlation_matrix.rb 0.06s 
V5 130/391 corpus/04-numeric/curve_fitting.rb 0.06s 
V5 131/391 corpus/14-errors/csv_import.rb 0.04s 
V5 132/391 corpus/20-business/invoice_generator.rb 0.06s 
V5 133/391 corpus/20-business/parking_garage.rb 0.04s 
V5 134/391 corpus/20-business/rental_fleet.rb 0.05s 
V5 135/391 corpus/07-trees/interval_bookings.rb 0.05s 
V5 136/391 corpus/07-trees/ip_route_trie.rb 0.05s 
V5 137/391 corpus/07-trees/kd_tree.rb 0.05s 
V5 138/391 corpus/07-trees/lazy_seat_inventory.rb 0.05s 
V5 139/391 corpus/01-text/template_render.rb 0.04s 
V5 140/391 corpus/01-text/text_box.rb 0.04s 
V5 141/391 corpus/01-text/text_stats.rb 0.05s 
V5 142/391 corpus/01-text/whitespace_tidy.rb 0.05s 
V5 143/391 corpus/01-text/word_wrap.rb 0.04s 
V5 144/391 corpus/15-data/fulfillment_report.rb 0.1s 
V5 145/391 corpus/15-data/fx_conversion.rb 0.05s 
V5 146/391 corpus/15-data/grade_book.rb 0.05s 
V5 147/391 corpus/08-graphs/critical_path.rb 0.05s 
V5 148/391 corpus/08-graphs/currency_paths.rb 0.05s 
V5 149/391 corpus/08-graphs/dot_stats.rb 0.04s 
V5 150/391 corpus/20-business/expense_tracker.rb 0.06s 
V5 151/391 corpus/20-business/gym_membership.rb 0.03s 
V5 152/391 corpus/20-business/inventory_reorder.rb 0.05s 
V5 153/391 corpus/19-statemachines/dfa_minimize.rb 0.04s 
V5 154/391 corpus/19-statemachines/elevator.rb 0.04s 
V5 155/391 corpus/19-statemachines/enemy_ai.rb 0.04s 
V5 156/391 corpus/19-statemachines/event_sourcing.rb 0.05s 
V5 157/391 corpus/10-grids/battleship.rb 0.05s 
V5 158/391 corpus/10-grids/chess_attacks.rb 0.12s 
V5 159/391 corpus/10-grids/connect_four.rb 0.04s 
V5 160/391 corpus/10-grids/crossword.rb 0.04s 
V5 161/391 corpus/10-grids/falling_sand.rb 0.04s 
V5 162/391 corpus/11-simulation/inventory_reorder.rb 0.04s 
V5 163/391 corpus/11-simulation/library_loans.rb 0.05s 
V5 164/391 corpus/11-simulation/life_torus.rb 0.04s 
V5 165/391 corpus/11-simulation/order_book.rb 0.05s 
V5 166/391 corpus/07-trees/dom_tree.rb 0.14s 
V5 167/391 corpus/07-trees/expression_tree.rb 0.15s 
V5 168/391 corpus/07-trees/fenwick_ranks.rb 0.04s 
V5 169/391 corpus/07-trees/filesystem_du.rb 0.12s 
V5 170/391 corpus/07-trees/heap_scheduler.rb 0.04s 
V5 171/391 corpus/18-collections/range_set.rb 0.13s 
V5 172/391 corpus/18-collections/role_permissions.rb 0.13s 
V5 173/391 corpus/18-collections/sales_pivot.rb 0.12s 
V5 174/391 corpus/18-collections/sensor_merge.rb 0.12s 
V5 175/391 corpus/08-graphs/exam_slots.rb 0.11s 
V5 176/391 corpus/08-graphs/floyd_transit.rb 0.12s 
V5 177/391 corpus/08-graphs/friend_groups.rb 0.11s 
V5 178/391 corpus/08-graphs/kruskal_network.rb 0.03s 
V5 179/391 corpus/12-parsers/csv_parser.rb 0.11s 
V5 180/391 corpus/12-parsers/forth.rb 0.12s 
V5 181/391 corpus/12-parsers/indent_lexer.rb 0.11s 
V5 182/391 corpus/12-parsers/ini_parser.rb 0.13s 
V5 183/391 corpus/12-parsers/json_parser.rb 0.14s 
V5 184/391 corpus/11-simulation/teller_queue_des.rb 0.12s 
V5 185/391 corpus/11-simulation/thermostat_house.rb 0.12s 
V5 186/391 corpus/11-simulation/vending_machine.rb 0.12s 
V5 187/391 corpus/11-simulation/water_tanks.rb 0.12s 
V5 188/391 corpus/13-polymorphism/stack_vm.rb 0.13s 
V5 189/391 corpus/13-polymorphism/task_heap.rb 0.12s 
V5 190/391 corpus/13-polymorphism/temperature_units.rb 0.16s 
V5 191/391 corpus/13-polymorphism/vector_polygon.rb 0.14s 
V5 192/391 corpus/13-polymorphism/version_constraints.rb 0.12s 
V5 193/391 corpus/16-dates/room_booking.rb 0.12s 
V5 194/391 corpus/16-dates/shift_rota.rb 0.12s 
V5 195/391 corpus/16-dates/time_zones.rb 0.14s 
V5 196/391 corpus/16-dates/timesheet.rb 0.13s 
V5 197/391 corpus/16-dates/timetable.rb 0.12s 
V5 198/391 corpus/15-data/invoice_totals.rb 0.13s 
V5 199/391 corpus/15-data/league_standings.rb 0.06s 
V5 200/391 corpus/15-data/metric_anomalies.rb 0.08s 
V5 201/391 corpus/15-data/quality_rules.rb 0.05s 
V5 202/391 corpus/15-data/sales_by_region.rb 0.06s 
V5 203/391 corpus/14-errors/result_pipeline.rb 0.06s 
V5 204/391 corpus/14-errors/retry_backoff.rb 0.05s 
V5 205/391 corpus/14-errors/unit_quantities.rb 0.06s 
V5 206/391 corpus/14-errors/warehouse_reservation.rb 0.05s 
V5 207/391 corpus/10-grids/sokoban.rb 0.05s 
V5 208/391 corpus/10-grids/sudoku_solver.rb 0.04s 
V5 209/391 corpus/10-grids/terrain_dijkstra.rb 0.04s 
V5 210/391 corpus/10-grids/tic_tac_toe.rb 0.04s 
V5 211/391 corpus/10-grids/word_search.rb 0.04s 
V5 212/391 corpus/16-dates/easter.rb 0.07s 
V5 213/391 corpus/16-dates/fiscal_quarters.rb 0.07s 
V5 214/391 corpus/16-dates/iso_week.rb 0.07s 
V5 215/391 corpus/16-dates/meeting_scheduler.rb 0.05s 
V5 216/391 corpus/04-numeric/monte_carlo.rb 0.06s 
V5 217/391 corpus/04-numeric/numeric_integration.rb 0.07s 
V5 218/391 corpus/04-numeric/numerical_derivatives.rb 0.08s 
V5 219/391 corpus/04-numeric/ode_solver.rb 0.07s 
V5 220/391 corpus/04-numeric/optimization.rb 0.07s 
V5 221/391 corpus/16-dates/moon_phases.rb 0.08s 
V5 222/391 corpus/16-dates/parking_fees.rb 0.06s 
V5 223/391 corpus/16-dates/recurring_events.rb 0.06s 
V5 224/391 corpus/12-parsers/rpn_calc.rb 0.05s 
V5 225/391 corpus/12-parsers/shunting_yard.rb 0.06s 
V5 226/391 corpus/12-parsers/stack_vm.rb 0.06s 
V5 227/391 corpus/12-parsers/symbolic_diff.rb 0.1s 
V5 228/391 corpus/12-parsers/template_engine.rb 0.08s 
V5 229/391 corpus/10-grids/lights_out.rb 0.04s 
V5 230/391 corpus/10-grids/magic_square.rb 0.05s 
V5 231/391 corpus/10-grids/matrix_spiral.rb 0.05s 
V5 232/391 corpus/10-grids/maze_bfs.rb 0.04s 
V5 233/391 corpus/16-dates/cron_schedule.rb 0.08s 
V5 234/391 corpus/16-dates/date_arith.rb 0.06s 
V5 235/391 corpus/16-dates/day_of_week.rb 0.06s 
V5 236/391 corpus/16-dates/durations.rb 0.05s 
V5 237/391 corpus/19-statemachines/bank_queue_sim.rb 0.04s 
V5 238/391 corpus/19-statemachines/button_debounce.rb 0.03s 
V5 239/391 corpus/19-statemachines/circuit_breaker.rb 0.04s 
V5 240/391 corpus/06-linked/cycle_detection.rb 0.05s 
V5 241/391 corpus/06-linked/deque_sliding_window.rb 0.04s 
V5 242/391 corpus/06-linked/digit_list_bignum.rb 0.05s 
V5 243/391 corpus/06-linked/free_list_pool.rb 0.04s 
V5 244/391 corpus/06-linked/josephus_circle.rb 0.05s 
V5 245/391 corpus/03-numtheory/miller_rabin.rb 0.05s 
V5 246/391 corpus/03-numtheory/modular_crt.rb 0.05s 
V5 247/391 corpus/03-numtheory/perfect_amicable.rb 0.05s 
V5 248/391 corpus/03-numtheory/pollard_rho.rb 0.06s 
V5 249/391 corpus/03-numtheory/primitive_roots.rb 0.07s 
V5 250/391 corpus/02-analytics/email_domains.rb 0.05s 
V5 251/391 corpus/02-analytics/hashtag_trends.rb 0.06s 
V5 252/391 corpus/02-analytics/inverted_index.rb 0.06s 
V5 253/391 corpus/02-analytics/kwic_concordance.rb 0.05s 
V5 254/391 corpus/04-numeric/interval_arithmetic.rb 0.08s 
V5 255/391 corpus/04-numeric/linear_regression.rb 0.05s 
V5 256/391 corpus/04-numeric/lu_decomposition.rb 0.06s 
V5 257/391 corpus/04-numeric/matrix_ops.rb 0.06s 
V5 258/391 corpus/09-dp/digit_counting.rb 0.05s 
V5 259/391 corpus/09-dp/edit_distance.rb 0.06s 
V5 260/391 corpus/09-dp/grid_paths.rb 0.05s 
V5 261/391 corpus/17-encodings/playfair.rb 0.05s 
V5 262/391 corpus/17-encodings/protobuf_wire.rb 0.07s 
V5 263/391 corpus/01-text/csv_report.rb 0.05s 
V5 264/391 corpus/01-text/date_format.rb 0.06s 
V5 265/391 corpus/01-text/human_format.rb 0.06s 
V5 266/391 corpus/01-text/inflector.rb 0.04s 
V5 267/391 corpus/17-encodings/hex_dump.rb 0.05s 
V5 268/391 corpus/17-encodings/huffman.rb 0.05s 
V5 269/391 corpus/17-encodings/morse.rb 0.05s 
V5 270/391 corpus/17-encodings/murmur_ring.rb 0.05s 
V5 271/391 corpus/02-analytics/ngram_counts.rb 0.04s 
V5 272/391 corpus/02-analytics/rake_keywords.rb 0.07s 
V5 273/391 corpus/02-analytics/readability.rb 0.05s 
V5 274/391 corpus/02-analytics/rhyme_scheme.rb 0.04s 
V5 275/391 corpus/07-trees/avl_tree.rb 0.07s 
V5 276/391 corpus/07-trees/bill_of_materials.rb 0.05s 
V5 277/391 corpus/07-trees/bst_basic.rb 0.06s 
V5 278/391 corpus/07-trees/decision_tree.rb 0.06s 
V5 279/391 corpus/01-text/markdown_table.rb 0.06s 
V5 280/391 corpus/01-text/number_words.rb 0.05s 
V5 281/391 corpus/01-text/spell_suggest.rb 0.05s 
V5 282/391 corpus/02-analytics/soundex_index.rb 0.04s 
V5 283/391 corpus/02-analytics/spell_suggest.rb 0.05s 
V5 284/391 corpus/02-analytics/vocabulary_growth.rb 0.05s 
V5 285/391 corpus/03-numtheory/digit_curiosities.rb 0.06s 
V5 286/391 corpus/03-numtheory/egyptian_fractions.rb 0.08s 
V5 287/391 corpus/03-numtheory/factor_functions.rb 0.06s 
V5 288/391 corpus/03-numtheory/farey_stern_brocot.rb 0.08s 
V5 289/391 corpus/03-numtheory/fibonacci_numbers.rb 0.07s 
V5 290/391 corpus/09-dp/held_karp.rb 0.05s 
V5 291/391 corpus/09-dp/house_robber.rb 0.05s 
V5 292/391 corpus/09-dp/interval_scheduling.rb 0.04s 
V5 293/391 corpus/09-dp/lcs_diff.rb 0.05s 
V5 294/391 corpus/04-numeric/eigenvalues.rb 0.08s 
V5 295/391 corpus/04-numeric/float_accuracy.rb 0.07s 
V5 296/391 corpus/04-numeric/fourier_spectrum.rb 0.07s 
V5 297/391 corpus/04-numeric/gaussian_elimination.rb 0.08s 
V5 298/391 corpus/04-numeric/histogram_fit.rb 0.06s 
V5 299/391 corpus/18-collections/library_loans.rb 0.07s 
V5 300/391 corpus/18-collections/lottery.rb 0.05s 
V5 301/391 corpus/18-collections/paginate.rb 0.05s 
V5 302/391 corpus/18-collections/prime_sets.rb 0.05s 
V5 303/391 corpus/15-data/size_histogram.rb 0.04s 
V5 304/391 corpus/15-data/survey_crosstab.rb 0.06s 
V5 305/391 corpus/15-data/table_renderer.rb 0.05s 
V5 306/391 corpus/14-errors/order_lifecycle.rb 0.04s 
V5 307/391 corpus/14-errors/param_coercion.rb 0.04s 
V5 308/391 corpus/14-errors/registration_form.rb 0.04s 
V5 309/391 corpus/06-linked/sparse_matrix_rows.rb 0.05s 
V5 310/391 corpus/06-linked/sparse_polynomial.rb 0.04s 
V5 311/391 corpus/06-linked/triage_priority_list.rb 0.04s 
V5 312/391 corpus/06-linked/two_stack_print_queue.rb 0.04s 
V5 313/391 corpus/06-linked/undo_redo_editor.rb 0.04s 
V5 314/391 corpus/15-data/access_log_report.rb 0.06s 
V5 315/391 corpus/15-data/bank_reconcile.rb 0.06s 
V5 316/391 corpus/15-data/clickstream_sessions.rb 0.06s 
V5 317/391 corpus/15-data/cohort_retention.rb 0.06s 
V5 318/391 corpus/11-simulation/packet_network.rb 0.05s 
V5 319/391 corpus/11-simulation/ring_road_traffic.rb 0.04s 
V5 320/391 corpus/11-simulation/runway_ops.rb 0.05s 
V5 321/391 corpus/11-simulation/sandpile.rb 0.05s 
V5 322/391 corpus/05-sorting/quicksort_median3.rb 0.07s 
V5 323/391 corpus/05-sorting/radix_order_ids.rb 0.05s 
V5 324/391 corpus/05-sorting/sensor_quickselect.rb 0.07s 
V5 325/391 corpus/05-sorting/shell_sort_gaps.rb 0.05s 
V5 326/391 corpus/20-business/ticket_helpdesk.rb 0.05s 
V5 327/391 corpus/20-business/timesheet.rb 0.06s 
[FATAL] failed to allocate memory
V5 328/391 corpus/20-business/todo_list.rb 88.05s #<Process::Status: pid 368093 exit 1>
[FATAL] failed to allocate memory
V5 329/391 corpus/20-business/vendor_quotes.rb 64.76s #<Process::Status: pid 368341 exit 1>
V5 330/391 corpus/20-business/warehouse_picking.rb 0.05s 
V5 331/391 corpus/05-sorting/autocomplete_msd.rb 0.05s 
V5 332/391 corpus/05-sorting/bisect_on_answer.rb 0.05s 
V5 333/391 corpus/05-sorting/bucket_sort_ratings.rb 0.04s 
V5 334/391 corpus/05-sorting/external_sort_sim.rb 0.06s 
V5 335/391 corpus/05-sorting/gift_two_pointers.rb 0.05s 
V5 336/391 corpus/06-linked/ring_buffer_metrics.rb 0.04s 
V5 337/391 corpus/06-linked/rpn_stack_calculator.rb 0.05s 
V5 338/391 corpus/06-linked/singly_linked_list.rb 0.05s 
V5 339/391 corpus/06-linked/skip_list_index.rb 0.05s 
V5 340/391 corpus/13-polymorphism/matrix_ops.rb 0.09s 
V5 341/391 corpus/13-polymorphism/modint_combinatorics.rb 0.07s 
V5 342/391 corpus/13-polymorphism/money_ledger.rb 0.06s 
V5 343/391 corpus/13-polymorphism/notify_channels.rb 0.05s 
V5 344/391 corpus/13-polymorphism/payroll.rb 0.05s 
V5 345/391 corpus/17-encodings/transposition.rb 0.05s 
V5 346/391 corpus/17-encodings/vigenere.rb 0.05s 
V5 347/391 corpus/12-parsers/assembler.rb 0.07s 
V5 348/391 corpus/12-parsers/brainfuck.rb 0.04s 
V5 349/391 corpus/12-parsers/calc_rd.rb 0.06s 
V5 350/391 corpus/12-parsers/cmdline_parser.rb 0.07s 
V5 351/391 corpus/20-business/restaurant_orders.rb 0.06s 
V5 352/391 corpus/20-business/room_reservations.rb 0.06s 
V5 353/391 corpus/20-business/sales_report.rb 0.05s 
V5 354/391 corpus/20-business/shopping_cart.rb 0.06s 
V5 355/391 corpus/20-business/subscription_billing.rb 0.05s 
V5 356/391 corpus/08-graphs/astar_terrain.rb 0.04s 
V5 357/391 corpus/08-graphs/bellman_ford.rb 0.05s 
V5 358/391 corpus/08-graphs/centrality.rb 0.05s 
V5 359/391 corpus/08-graphs/course_schedule.rb 0.05s 
V5 360/391 corpus/08-graphs/critical_links.rb 0.05s 
V5 361/391 corpus/17-encodings/ascii85.rb 0.05s 
V5 362/391 corpus/17-encodings/base32_ids.rb 0.05s 
V5 363/391 corpus/17-encodings/base64_codec.rb 0.05s 
V5 364/391 corpus/17-encodings/bloom_filter.rb 0.04s 
V5 365/391 corpus/14-errors/job_queue.rb 0.05s 
V5 366/391 corpus/14-errors/ledger_reconcile.rb 0.05s 
V5 367/391 corpus/14-errors/log_triage.rb 0.04s 
V5 368/391 corpus/14-errors/matrix_checks.rb 0.06s 
V5 369/391 corpus/13-polymorphism/duration_timesheet.rb 0.06s 
V5 370/391 corpus/13-polymorphism/fraction_math.rb 0.07s 
V5 371/391 corpus/13-polymorphism/interval_arith.rb 0.08s 
V5 372/391 corpus/13-polymorphism/life_grid.rb 0.04s 
V5 373/391 corpus/03-numtheory/happy_cycles.rb 0.04s 
V5 374/391 corpus/03-numtheory/integer_partitions.rb 0.06s 
V5 375/391 corpus/03-numtheory/linear_diophantine.rb 0.06s 
V5 376/391 corpus/12-parsers/tiny_basic.rb 0.06s 
V5 377/391 corpus/12-parsers/tokenizer.rb 0.06s 
V5 378/391 corpus/09-dp/sequence_alignment.rb 0.06s 
V5 379/391 corpus/09-dp/stock_trading.rb 0.05s 
V5 380/391 corpus/09-dp/subset_partition.rb 0.04s 
V5 381/391 corpus/09-dp/viterbi.rb 0.04s 
V5 382/391 corpus/09-dp/word_break.rb 0.05s 
V5 383/391 corpus/13-polymorphism/physical_quantities.rb 0.06s 
V5 384/391 corpus/13-polymorphism/polynomial.rb 0.1s 
V5 385/391 corpus/13-polymorphism/quaternion_rotation.rb 0.07s 
V5 386/391 corpus/13-polymorphism/shapes_area.rb 0.06s 
V5 387/391 corpus/13-polymorphism/sparse_vector.rb 0.06s 
V5 388/391 corpus/03-numtheory/quadratic_residues.rb 0.06s 
V5 389/391 corpus/03-numtheory/repeating_decimals.rb 0.05s 
V5 390/391 corpus/03-numtheory/rsa_toy.rb 0.06s 
V5 391/391 corpus/03-numtheory/sieve_primes.rb 0.05s 
V6 1/391 corpus/17-encodings/caesar_cracker.rb 0.04s 
V6 2/391 corpus/17-encodings/check_digits.rb 0.04s 
V6 3/391 corpus/17-encodings/frame_parser.rb 0.06s 
V6 4/391 corpus/17-encodings/hamming_secded.rb 0.05s 
V6 5/391 corpus/19-statemachines/smtp_session.rb 0.03s 
V6 6/391 corpus/03-numtheory/base_conversion.rb 0.05s 
V6 7/391 corpus/03-numtheory/calendar_congruences.rb 0.07s 
V6 8/391 corpus/03-numtheory/check_digits.rb 0.05s 
V6 9/391 corpus/03-numtheory/collatz_stats.rb 0.04s 
V6 10/391 corpus/03-numtheory/continued_fractions.rb 0.05s 
V6 11/391 corpus/05-sorting/library_catalog.rb 0.04s 
V6 12/391 corpus/05-sorting/log_time_bisect.rb 0.05s 
V6 13/391 corpus/05-sorting/meeting_intervals.rb 0.05s 
V6 14/391 corpus/05-sorting/natural_runs_sort.rb 0.08s 
V6 15/391 corpus/10-grids/minesweeper.rb 0.04s 
[FATAL] failed to allocate memory
V6 16/391 corpus/10-grids/n_queens.rb 88.73s #<Process::Status: pid 368753 exit 1>
V6 17/391 corpus/10-grids/nonogram.rb 0.04s 
V6 18/391 corpus/10-grids/othello.rb 0.04s 
V6 19/391 corpus/10-grids/sliding_puzzle.rb 0.05s 
V6 20/391 corpus/02-analytics/access_log_urls.rb 0.05s 
V6 21/391 corpus/02-analytics/anagram_groups.rb 0.04s 
V6 22/391 corpus/02-analytics/autocomplete.rb 0.04s 
V6 23/391 corpus/02-analytics/cooccurrence_pmi.rb 0.05s 
V6 24/391 corpus/09-dp/coin_change.rb 0.05s 
V6 25/391 corpus/09-dp/company_party.rb 0.05s 
V6 26/391 corpus/09-dp/decode_ways.rb 0.05s 
V6 27/391 corpus/20-business/appointment_scheduler.rb 0.05s 
V6 28/391 corpus/20-business/bank_ledger.rb 0.06s 
V6 29/391 corpus/20-business/customer_loyalty.rb 0.04s 
V6 30/391 corpus/20-business/event_registration.rb 0.04s 
V6 31/391 corpus/18-collections/word_pipeline.rb 0.05s 
V6 32/391 corpus/18-collections/word_rack.rb 0.05s 
V6 33/391 corpus/19-statemachines/expr_lexer.rb 0.04s 
V6 34/391 corpus/19-statemachines/http_parser.rb 0.04s 
V6 35/391 corpus/15-data/customer_dedupe.rb 0.05s 
V6 36/391 corpus/15-data/employee_dept_join.rb 0.05s 
V6 37/391 corpus/15-data/etl_star_schema.rb 0.07s 
V6 38/391 corpus/15-data/expense_pivot.rb 0.05s 
V6 39/391 corpus/06-linked/bank_teller_sim.rb 0.04s 
V6 40/391 corpus/06-linked/browser_history.rb 0.03s 
V6 41/391 corpus/06-linked/chained_hash_table.rb 0.04s 
V6 42/391 corpus/06-linked/circular_playlist.rb 0.04s 
V6 43/391 corpus/01-text/ascii_table.rb 0.05s 
V6 44/391 corpus/01-text/bwt_rle.rb 0.05s 
V6 45/391 corpus/01-text/case_convert.rb 0.04s 
V6 46/391 corpus/10-grids/flood_fill.rb 0.04s 
V6 47/391 corpus/10-grids/game_2048.rb 0.04s 
V6 48/391 corpus/10-grids/game_of_life.rb 0.03s 
V6 49/391 corpus/10-grids/hex_game.rb 0.04s 
V6 50/391 corpus/10-grids/knights_tour.rb 0.03s 
V6 51/391 corpus/05-sorting/sorted_matrix_search.rb 0.04s 
V6 52/391 corpus/05-sorting/trail_peak_search.rb 0.05s 
V6 53/391 corpus/05-sorting/version_resolver.rb 0.04s 
V6 54/391 corpus/09-dp/line_breaking.rb 0.04s 
V6 55/391 corpus/09-dp/longest_increasing.rb 0.04s 
V6 56/391 corpus/09-dp/matrix_chain.rb 0.05s 
V6 57/391 corpus/09-dp/optimal_bst.rb 0.06s 
V6 58/391 corpus/09-dp/palindromes.rb 0.05s 
V6 59/391 corpus/01-text/ini_config.rb 0.05s 
V6 60/391 corpus/01-text/json_pretty.rb 0.06s 
V6 61/391 corpus/01-text/justify_text.rb 0.03s 
V6 62/391 corpus/01-text/line_diff.rb 0.05s 
V6 63/391 corpus/01-text/markdown_html.rb 0.04s 
V6 64/391 corpus/19-statemachines/markdown_blocks.rb 0.03s 
V6 65/391 corpus/19-statemachines/morse_decoder.rb 0.03s 
V6 66/391 corpus/19-statemachines/order_workflow.rb 0.04s 
V6 67/391 corpus/19-statemachines/regex_nfa.rb 0.05s 
V6 68/391 corpus/18-collections/cart_discounts.rb 0.05s 
V6 69/391 corpus/18-collections/contact_dedupe.rb 0.04s 
V6 70/391 corpus/08-graphs/land_islands.rb 0.04s 
V6 71/391 corpus/08-graphs/make_rebuild.rb 0.04s 
V6 72/391 corpus/08-graphs/maze_bfs.rb 0.03s 
V6 73/391 corpus/08-graphs/metro_transfers.rb 0.03s 
V6 74/391 corpus/08-graphs/org_chart_lca.rb 0.04s 
V6 75/391 corpus/13-polymorphism/calendar_dates.rb 0.06s 
V6 76/391 corpus/13-polymorphism/color_palette.rb 0.06s 
V6 77/391 corpus/13-polymorphism/doc_render.rb 0.05s 
V6 78/391 corpus/08-graphs/pipeline_flow.rb 0.04s 
V6 79/391 corpus/08-graphs/word_ladder.rb 0.03s 
V6 80/391 corpus/05-sorting/hashtag_trends.rb 0.03s 
V6 81/391 corpus/05-sorting/heap_scheduler.rb 0.04s 
V6 82/391 corpus/05-sorting/kway_log_merge.rb 0.05s 
V6 83/391 corpus/18-collections/friend_graph.rb 0.04s 
V6 84/391 corpus/18-collections/grade_book.rb 0.06s 
V6 85/391 corpus/18-collections/ip_ranges.rb 0.05s 
V6 86/391 corpus/18-collections/latency_buckets.rb 0.05s 
V6 87/391 corpus/04-numeric/polynomial.rb 0.2s 
V6 88/391 corpus/04-numeric/root_finding.rb 0.06s 
V6 89/391 corpus/04-numeric/special_functions.rb 0.08s 
V6 90/391 corpus/04-numeric/time_series.rb 0.06s 
V6 91/391 corpus/04-numeric/vector_geometry.rb 0.05s 
V6 92/391 corpus/14-errors/bank_transfers.rb 0.04s 
V6 93/391 corpus/14-errors/card_validation.rb 0.04s 
V6 94/391 corpus/14-errors/config_loader.rb 0.04s 
V6 95/391 corpus/14-errors/contracts.rb 0.04s 
V6 96/391 corpus/07-trees/merkle_sync.rb 0.06s 
V6 97/391 corpus/07-trees/org_chart.rb 0.05s 
V6 98/391 corpus/07-trees/quadtree.rb 0.04s 
V6 99/391 corpus/07-trees/rope_editor.rb 0.07s 
V6 100/391 corpus/11-simulation/ecosystem_patches.rb 0.04s 
V6 101/391 corpus/11-simulation/elevator_scan.rb 0.05s 
V6 102/391 corpus/11-simulation/hotel_bookings.rb 0.05s 
V6 103/391 corpus/07-trees/spanning_tree.rb 0.04s 
V6 104/391 corpus/07-trees/taxonomy_lca.rb 0.05s 
V6 105/391 corpus/07-trees/traversals.rb 0.06s 
V6 106/391 corpus/07-trees/tree_codec.rb 0.05s 
V6 107/391 corpus/07-trees/trie_autocomplete.rb 0.05s 
V6 108/391 corpus/12-parsers/lisp_interp.rb 0.14s 
V6 109/391 corpus/12-parsers/markdown.rb 0.05s 
V6 110/391 corpus/12-parsers/pratt_parser.rb 0.17s 
V6 111/391 corpus/12-parsers/query_engine.rb 0.15s 
V6 112/391 corpus/12-parsers/regex_matcher.rb 0.13s 
V6 113/391 corpus/06-linked/lfu_cache_buckets.rb 0.04s 
V6 114/391 corpus/06-linked/list_toolkit.rb 0.05s 
V6 115/391 corpus/06-linked/lru_cache.rb 0.04s 
V6 116/391 corpus/06-linked/markup_tag_checker.rb 0.03s 
V6 117/391 corpus/06-linked/merge_log_streams.rb 0.12s 
[FATAL] failed to allocate memory
V6 118/391 corpus/16-dates/activity_heatmap.rb 90.01s #<Process::Status: pid 369666 exit 1>
V6 119/391 corpus/16-dates/age_calculator.rb 0.13s 
V6 120/391 corpus/16-dates/billing_cycles.rb 0.14s 
V6 121/391 corpus/16-dates/calendar_systems.rb 0.14s 
V6 122/391 corpus/11-simulation/bank_ledger.rb 0.12s 
V6 123/391 corpus/11-simulation/car_rental.rb 0.11s 
V6 124/391 corpus/11-simulation/checkout_lanes.rb 0.11s 
V6 125/391 corpus/02-analytics/language_guess.rb 0.11s 
[FATAL] failed to allocate memory
V6 126/391 corpus/02-analytics/log_summary.rb 92.65s #<Process::Status: pid 369914 exit 1>
V6 127/391 corpus/02-analytics/near_duplicates.rb 0.12s 
V6 128/391 corpus/04-numeric/bezier_curves.rb 0.14s 
V6 129/391 corpus/04-numeric/correlation_matrix.rb 0.13s 
V6 130/391 corpus/04-numeric/curve_fitting.rb 0.13s 
V6 131/391 corpus/14-errors/csv_import.rb 0.11s 
V6 132/391 corpus/20-business/invoice_generator.rb 0.14s 
V6 133/391 corpus/20-business/parking_garage.rb 0.11s 
V6 134/391 corpus/20-business/rental_fleet.rb 0.12s 
V6 135/391 corpus/07-trees/interval_bookings.rb 0.06s 
V6 136/391 corpus/07-trees/ip_route_trie.rb 0.06s 
V6 137/391 corpus/07-trees/kd_tree.rb 0.06s 
V6 138/391 corpus/07-trees/lazy_seat_inventory.rb 0.06s 
V6 139/391 corpus/01-text/template_render.rb 0.05s 
V6 140/391 corpus/01-text/text_box.rb 0.04s 
V6 141/391 corpus/01-text/text_stats.rb 0.05s 
V6 142/391 corpus/01-text/whitespace_tidy.rb 0.06s 
V6 143/391 corpus/01-text/word_wrap.rb 0.04s 
V6 144/391 corpus/15-data/fulfillment_report.rb 0.11s 
V6 145/391 corpus/15-data/fx_conversion.rb 0.06s 
V6 146/391 corpus/15-data/grade_book.rb 0.07s 
V6 147/391 corpus/08-graphs/critical_path.rb 0.06s 
V6 148/391 corpus/08-graphs/currency_paths.rb 0.06s 
V6 149/391 corpus/08-graphs/dot_stats.rb 0.05s 
V6 150/391 corpus/20-business/expense_tracker.rb 0.07s 
V6 151/391 corpus/20-business/gym_membership.rb 0.04s 
V6 152/391 corpus/20-business/inventory_reorder.rb 0.06s 
V6 153/391 corpus/19-statemachines/dfa_minimize.rb 0.05s 
V6 154/391 corpus/19-statemachines/elevator.rb 0.04s 
V6 155/391 corpus/19-statemachines/enemy_ai.rb 0.04s 
V6 156/391 corpus/19-statemachines/event_sourcing.rb 0.06s 
V6 157/391 corpus/10-grids/battleship.rb 0.06s 
V6 158/391 corpus/10-grids/chess_attacks.rb 0.07s 
V6 159/391 corpus/10-grids/connect_four.rb 0.05s 
V6 160/391 corpus/10-grids/crossword.rb 0.05s 
V6 161/391 corpus/10-grids/falling_sand.rb 0.04s 
V6 162/391 corpus/11-simulation/inventory_reorder.rb 0.05s 
V6 163/391 corpus/11-simulation/library_loans.rb 0.06s 
V6 164/391 corpus/11-simulation/life_torus.rb 0.05s 
V6 165/391 corpus/11-simulation/order_book.rb 0.06s 
V6 166/391 corpus/07-trees/dom_tree.rb 0.08s 
V6 167/391 corpus/07-trees/expression_tree.rb 0.09s 
V6 168/391 corpus/07-trees/fenwick_ranks.rb 0.05s 
V6 169/391 corpus/07-trees/filesystem_du.rb 0.06s 
V6 170/391 corpus/07-trees/heap_scheduler.rb 0.05s 
V6 171/391 corpus/18-collections/range_set.rb 0.07s 
V6 172/391 corpus/18-collections/role_permissions.rb 0.07s 
[FATAL] failed to allocate memory
V6 173/391 corpus/18-collections/sales_pivot.rb 102.1s #<Process::Status: pid 370302 exit 1>
V6 174/391 corpus/18-collections/sensor_merge.rb 0.05s 
V6 175/391 corpus/08-graphs/exam_slots.rb 0.05s 
V6 176/391 corpus/08-graphs/floyd_transit.rb 0.06s 
V6 177/391 corpus/08-graphs/friend_groups.rb 0.05s 
V6 178/391 corpus/08-graphs/kruskal_network.rb 0.04s 
V6 179/391 corpus/12-parsers/csv_parser.rb 0.05s 
V6 180/391 corpus/12-parsers/forth.rb 0.05s 
V6 181/391 corpus/12-parsers/indent_lexer.rb 0.04s 
V6 182/391 corpus/12-parsers/ini_parser.rb 0.06s 
V6 183/391 corpus/12-parsers/json_parser.rb 0.08s 
V6 184/391 corpus/11-simulation/teller_queue_des.rb 0.05s 
[FATAL] failed to allocate memory
V6 185/391 corpus/11-simulation/thermostat_house.rb 88.11s #<Process::Status: pid 370743 exit 1>
V6 186/391 corpus/11-simulation/vending_machine.rb 0.05s 
V6 187/391 corpus/11-simulation/water_tanks.rb 0.05s 
V6 188/391 corpus/13-polymorphism/stack_vm.rb 0.06s 
V6 189/391 corpus/13-polymorphism/task_heap.rb 0.06s 
V6 190/391 corpus/13-polymorphism/temperature_units.rb 0.09s 
V6 191/391 corpus/13-polymorphism/vector_polygon.rb 0.07s 
V6 192/391 corpus/13-polymorphism/version_constraints.rb 0.06s 
V6 193/391 corpus/16-dates/room_booking.rb 0.05s 
V6 194/391 corpus/16-dates/shift_rota.rb 0.05s 
V6 195/391 corpus/16-dates/time_zones.rb 0.07s 
V6 196/391 corpus/16-dates/timesheet.rb 0.06s 
V6 197/391 corpus/16-dates/timetable.rb 0.05s 
[FATAL] failed to allocate memory
V6 198/391 corpus/15-data/invoice_totals.rb 88.55s #<Process::Status: pid 371434 exit 1>
V6 199/391 corpus/15-data/league_standings.rb 0.05s 
V6 200/391 corpus/15-data/metric_anomalies.rb 0.06s 
V6 201/391 corpus/15-data/quality_rules.rb 0.04s 
V6 202/391 corpus/15-data/sales_by_region.rb 0.05s 
V6 203/391 corpus/14-errors/result_pipeline.rb 0.05s 
V6 204/391 corpus/14-errors/retry_backoff.rb 0.04s 
V6 205/391 corpus/14-errors/unit_quantities.rb 0.05s 
V6 206/391 corpus/14-errors/warehouse_reservation.rb 0.05s 
V6 207/391 corpus/10-grids/sokoban.rb 0.05s 
V6 208/391 corpus/10-grids/sudoku_solver.rb 0.04s 
V6 209/391 corpus/10-grids/terrain_dijkstra.rb 0.04s 
V6 210/391 corpus/10-grids/tic_tac_toe.rb 0.05s 
V6 211/391 corpus/10-grids/word_search.rb 0.04s 
V6 212/391 corpus/16-dates/easter.rb 0.07s 
[FATAL] failed to allocate memory
V6 213/391 corpus/16-dates/fiscal_quarters.rb 90.09s #<Process::Status: pid 371784 exit 1>
V6 214/391 corpus/16-dates/iso_week.rb 0.07s 
V6 215/391 corpus/16-dates/meeting_scheduler.rb 0.05s 
V6 216/391 corpus/04-numeric/monte_carlo.rb 0.06s 
V6 217/391 corpus/04-numeric/numeric_integration.rb 0.07s 
V6 218/391 corpus/04-numeric/numerical_derivatives.rb 0.07s 
V6 219/391 corpus/04-numeric/ode_solver.rb 0.07s 
V6 220/391 corpus/04-numeric/optimization.rb 0.07s 
V6 221/391 corpus/16-dates/moon_phases.rb 0.08s 
V6 222/391 corpus/16-dates/parking_fees.rb 0.06s 
V6 223/391 corpus/16-dates/recurring_events.rb 0.06s 
V6 224/391 corpus/12-parsers/rpn_calc.rb 0.04s 
V6 225/391 corpus/12-parsers/shunting_yard.rb 0.06s 
V6 226/391 corpus/12-parsers/stack_vm.rb 0.06s 
V6 227/391 corpus/12-parsers/symbolic_diff.rb 0.1s 
V6 228/391 corpus/12-parsers/template_engine.rb 0.08s 
V6 229/391 corpus/10-grids/lights_out.rb 0.04s 
V6 230/391 corpus/10-grids/magic_square.rb 0.05s 
V6 231/391 corpus/10-grids/matrix_spiral.rb 0.05s 
V6 232/391 corpus/10-grids/maze_bfs.rb 0.04s 
V6 233/391 corpus/16-dates/cron_schedule.rb 0.07s 
V6 234/391 corpus/16-dates/date_arith.rb 0.06s 
V6 235/391 corpus/16-dates/day_of_week.rb 0.05s 
V6 236/391 corpus/16-dates/durations.rb 0.05s 
V6 237/391 corpus/19-statemachines/bank_queue_sim.rb 0.04s 
V6 238/391 corpus/19-statemachines/button_debounce.rb 0.03s 
V6 239/391 corpus/19-statemachines/circuit_breaker.rb 0.04s 
V6 240/391 corpus/06-linked/cycle_detection.rb 0.04s 
V6 241/391 corpus/06-linked/deque_sliding_window.rb 0.04s 
V6 242/391 corpus/06-linked/digit_list_bignum.rb 0.04s 
V6 243/391 corpus/06-linked/free_list_pool.rb 0.04s 
V6 244/391 corpus/06-linked/josephus_circle.rb 0.04s 
V6 245/391 corpus/03-numtheory/miller_rabin.rb 0.05s 
V6 246/391 corpus/03-numtheory/modular_crt.rb 0.05s 
V6 247/391 corpus/03-numtheory/perfect_amicable.rb 0.04s 
V6 248/391 corpus/03-numtheory/pollard_rho.rb 0.06s 
V6 249/391 corpus/03-numtheory/primitive_roots.rb 0.06s 
[FATAL] failed to allocate memory
V6 250/391 corpus/02-analytics/email_domains.rb 87.73s #<Process::Status: pid 372203 exit 1>
[FATAL] failed to allocate memory
V6 251/391 corpus/02-analytics/hashtag_trends.rb 87.96s #<Process::Status: pid 372873 exit 1>
V6 252/391 corpus/02-analytics/inverted_index.rb 0.05s 
V6 253/391 corpus/02-analytics/kwic_concordance.rb 0.04s 
V6 254/391 corpus/04-numeric/interval_arithmetic.rb 0.08s 
V6 255/391 corpus/04-numeric/linear_regression.rb 0.05s 
V6 256/391 corpus/04-numeric/lu_decomposition.rb 0.06s 
V6 257/391 corpus/04-numeric/matrix_ops.rb 0.06s 
V6 258/391 corpus/09-dp/digit_counting.rb 0.05s 
V6 259/391 corpus/09-dp/edit_distance.rb 0.05s 
V6 260/391 corpus/09-dp/grid_paths.rb 0.05s 
V6 261/391 corpus/17-encodings/playfair.rb 0.05s 
V6 262/391 corpus/17-encodings/protobuf_wire.rb 0.06s 
V6 263/391 corpus/01-text/csv_report.rb 0.05s 
V6 264/391 corpus/01-text/date_format.rb 0.06s 
V6 265/391 corpus/01-text/human_format.rb 0.06s 
V6 266/391 corpus/01-text/inflector.rb 0.04s 
V6 267/391 corpus/17-encodings/hex_dump.rb 0.05s 
V6 268/391 corpus/17-encodings/huffman.rb 0.04s 
V6 269/391 corpus/17-encodings/morse.rb 0.05s 
V6 270/391 corpus/17-encodings/murmur_ring.rb 0.05s 
[FATAL] failed to allocate memory
V6 271/391 corpus/02-analytics/ngram_counts.rb 88.7s #<Process::Status: pid 373216 exit 1>
V6 272/391 corpus/02-analytics/rake_keywords.rb 0.07s 
V6 273/391 corpus/02-analytics/readability.rb 0.04s 
V6 274/391 corpus/02-analytics/rhyme_scheme.rb 0.04s 
V6 275/391 corpus/07-trees/avl_tree.rb 0.11s 
V6 276/391 corpus/07-trees/bill_of_materials.rb 0.05s 
V6 277/391 corpus/07-trees/bst_basic.rb 0.05s 
V6 278/391 corpus/07-trees/decision_tree.rb 0.05s 
V6 279/391 corpus/01-text/markdown_table.rb 0.1s 
V6 280/391 corpus/01-text/number_words.rb 0.05s 
V6 281/391 corpus/01-text/spell_suggest.rb 0.04s 
V6 282/391 corpus/02-analytics/soundex_index.rb 0.04s 
V6 283/391 corpus/02-analytics/spell_suggest.rb 0.04s 
V6 284/391 corpus/02-analytics/vocabulary_growth.rb 0.05s 
V6 285/391 corpus/03-numtheory/digit_curiosities.rb 0.09s 
V6 286/391 corpus/03-numtheory/egyptian_fractions.rb 0.12s 
V6 287/391 corpus/03-numtheory/factor_functions.rb 0.1s 
V6 288/391 corpus/03-numtheory/farey_stern_brocot.rb 0.12s 
V6 289/391 corpus/03-numtheory/fibonacci_numbers.rb 0.12s 
V6 290/391 corpus/09-dp/held_karp.rb 0.09s 
V6 291/391 corpus/09-dp/house_robber.rb 0.1s 
V6 292/391 corpus/09-dp/interval_scheduling.rb 0.08s 
V6 293/391 corpus/09-dp/lcs_diff.rb 0.1s 
V6 294/391 corpus/04-numeric/eigenvalues.rb 0.13s 
V6 295/391 corpus/04-numeric/float_accuracy.rb 0.12s 
V6 296/391 corpus/04-numeric/fourier_spectrum.rb 0.12s 
V6 297/391 corpus/04-numeric/gaussian_elimination.rb 0.13s 
V6 298/391 corpus/04-numeric/histogram_fit.rb 0.11s 
V6 299/391 corpus/18-collections/library_loans.rb 0.11s 
V6 300/391 corpus/18-collections/lottery.rb 0.1s 
V6 301/391 corpus/18-collections/paginate.rb 0.1s 
V6 302/391 corpus/18-collections/prime_sets.rb 0.1s 
V6 303/391 corpus/15-data/size_histogram.rb 0.08s 
V6 304/391 corpus/15-data/survey_crosstab.rb 0.1s 
V6 305/391 corpus/15-data/table_renderer.rb 0.09s 
V6 306/391 corpus/14-errors/order_lifecycle.rb 0.08s 
V6 307/391 corpus/14-errors/param_coercion.rb 0.09s 
V6 308/391 corpus/14-errors/registration_form.rb 0.05s 
V6 309/391 corpus/06-linked/sparse_matrix_rows.rb 0.07s 
V6 310/391 corpus/06-linked/sparse_polynomial.rb 0.06s 
V6 311/391 corpus/06-linked/triage_priority_list.rb 0.05s 
V6 312/391 corpus/06-linked/two_stack_print_queue.rb 0.04s 
V6 313/391 corpus/06-linked/undo_redo_editor.rb 0.04s 
[FATAL] failed to allocate memory
V6 314/391 corpus/15-data/access_log_report.rb 87.15s #<Process::Status: pid 373667 exit 1>
V6 315/391 corpus/15-data/bank_reconcile.rb 0.07s 
V6 316/391 corpus/15-data/clickstream_sessions.rb 0.06s 
V6 317/391 corpus/15-data/cohort_retention.rb 0.06s 
V6 318/391 corpus/11-simulation/packet_network.rb 0.05s 
V6 319/391 corpus/11-simulation/ring_road_traffic.rb 0.05s 
V6 320/391 corpus/11-simulation/runway_ops.rb 0.06s 
V6 321/391 corpus/11-simulation/sandpile.rb 0.05s 
V6 322/391 corpus/05-sorting/quicksort_median3.rb 0.08s 
V6 323/391 corpus/05-sorting/radix_order_ids.rb 0.05s 
V6 324/391 corpus/05-sorting/sensor_quickselect.rb 0.08s 
V6 325/391 corpus/05-sorting/shell_sort_gaps.rb 0.05s 
V6 326/391 corpus/20-business/ticket_helpdesk.rb 0.06s 
V6 327/391 corpus/20-business/timesheet.rb 0.07s 
[FATAL] failed to allocate memory
V6 328/391 corpus/20-business/todo_list.rb 85.22s #<Process::Status: pid 374685 exit 1>
[FATAL] failed to allocate memory
V6 329/391 corpus/20-business/vendor_quotes.rb 65.1s #<Process::Status: pid 375310 exit 1>
V6 330/391 corpus/20-business/warehouse_picking.rb 0.05s 
V6 331/391 corpus/05-sorting/autocomplete_msd.rb 0.05s 
V6 332/391 corpus/05-sorting/bisect_on_answer.rb 0.05s 
V6 333/391 corpus/05-sorting/bucket_sort_ratings.rb 0.04s 
V6 334/391 corpus/05-sorting/external_sort_sim.rb 0.06s 
V6 335/391 corpus/05-sorting/gift_two_pointers.rb 0.05s 
V6 336/391 corpus/06-linked/ring_buffer_metrics.rb 0.04s 
V6 337/391 corpus/06-linked/rpn_stack_calculator.rb 0.05s 
V6 338/391 corpus/06-linked/singly_linked_list.rb 0.04s 
V6 339/391 corpus/06-linked/skip_list_index.rb 0.05s 
V6 340/391 corpus/13-polymorphism/matrix_ops.rb 0.09s 
V6 341/391 corpus/13-polymorphism/modint_combinatorics.rb 0.07s 
V6 342/391 corpus/13-polymorphism/money_ledger.rb 0.06s 
V6 343/391 corpus/13-polymorphism/notify_channels.rb 0.05s 
V6 344/391 corpus/13-polymorphism/payroll.rb 0.05s 
V6 345/391 corpus/17-encodings/transposition.rb 0.05s 
V6 346/391 corpus/17-encodings/vigenere.rb 0.06s 
V6 347/391 corpus/12-parsers/assembler.rb 0.08s 
V6 348/391 corpus/12-parsers/brainfuck.rb 0.04s 
V6 349/391 corpus/12-parsers/calc_rd.rb 0.07s 
V6 350/391 corpus/12-parsers/cmdline_parser.rb 0.08s 
V6 351/391 corpus/20-business/restaurant_orders.rb 0.06s 
V6 352/391 corpus/20-business/room_reservations.rb 0.07s 
V6 353/391 corpus/20-business/sales_report.rb 0.06s 
V6 354/391 corpus/20-business/shopping_cart.rb 0.07s 
V6 355/391 corpus/20-business/subscription_billing.rb 0.06s 
V6 356/391 corpus/08-graphs/astar_terrain.rb 0.05s 
V6 357/391 corpus/08-graphs/bellman_ford.rb 0.06s 
V6 358/391 corpus/08-graphs/centrality.rb 0.05s 
V6 359/391 corpus/08-graphs/course_schedule.rb 0.05s 
V6 360/391 corpus/08-graphs/critical_links.rb 0.05s 
V6 361/391 corpus/17-encodings/ascii85.rb 0.05s 
V6 362/391 corpus/17-encodings/base32_ids.rb 0.05s 
V6 363/391 corpus/17-encodings/base64_codec.rb 0.05s 
V6 364/391 corpus/17-encodings/bloom_filter.rb 0.05s 
V6 365/391 corpus/14-errors/job_queue.rb 0.05s 
V6 366/391 corpus/14-errors/ledger_reconcile.rb 0.05s 
V6 367/391 corpus/14-errors/log_triage.rb 0.05s 
V6 368/391 corpus/14-errors/matrix_checks.rb 0.07s 
V6 369/391 corpus/13-polymorphism/duration_timesheet.rb 0.07s 
V6 370/391 corpus/13-polymorphism/fraction_math.rb 0.07s 
V6 371/391 corpus/13-polymorphism/interval_arith.rb 0.08s 
V6 372/391 corpus/13-polymorphism/life_grid.rb 0.05s 
V6 373/391 corpus/03-numtheory/happy_cycles.rb 0.04s 
V6 374/391 corpus/03-numtheory/integer_partitions.rb 0.06s 
V6 375/391 corpus/03-numtheory/linear_diophantine.rb 0.05s 
V6 376/391 corpus/12-parsers/tiny_basic.rb 0.05s 
V6 377/391 corpus/12-parsers/tokenizer.rb 0.05s 
V6 378/391 corpus/09-dp/sequence_alignment.rb 0.05s 
V6 379/391 corpus/09-dp/stock_trading.rb 0.05s 
V6 380/391 corpus/09-dp/subset_partition.rb 0.04s 
V6 381/391 corpus/09-dp/viterbi.rb 0.04s 
V6 382/391 corpus/09-dp/word_break.rb 0.04s 
V6 383/391 corpus/13-polymorphism/physical_quantities.rb 0.05s 
V6 384/391 corpus/13-polymorphism/polynomial.rb 0.08s 
V6 385/391 corpus/13-polymorphism/quaternion_rotation.rb 0.06s 
V6 386/391 corpus/13-polymorphism/shapes_area.rb 0.05s 
V6 387/391 corpus/13-polymorphism/sparse_vector.rb 0.05s 
V6 388/391 corpus/03-numtheory/quadratic_residues.rb 0.06s 
V6 389/391 corpus/03-numtheory/repeating_decimals.rb 0.05s 
V6 390/391 corpus/03-numtheory/rsa_toy.rb 0.05s 
V6 391/391 corpus/03-numtheory/sieve_primes.rb 0.04s 
V7 1/391 corpus/17-encodings/caesar_cracker.rb 0.04s 
V7 2/391 corpus/17-encodings/check_digits.rb 0.03s 
V7 3/391 corpus/17-encodings/frame_parser.rb 0.05s 
V7 4/391 corpus/17-encodings/hamming_secded.rb 0.04s 
V7 5/391 corpus/19-statemachines/smtp_session.rb 0.03s 
V7 6/391 corpus/03-numtheory/base_conversion.rb 0.05s 
V7 7/391 corpus/03-numtheory/calendar_congruences.rb 0.06s 
V7 8/391 corpus/03-numtheory/check_digits.rb 0.05s 
V7 9/391 corpus/03-numtheory/collatz_stats.rb 0.03s 
V7 10/391 corpus/03-numtheory/continued_fractions.rb 0.05s 
V7 11/391 corpus/05-sorting/library_catalog.rb 0.04s 
V7 12/391 corpus/05-sorting/log_time_bisect.rb 0.05s 
V7 13/391 corpus/05-sorting/meeting_intervals.rb 0.04s 
V7 14/391 corpus/05-sorting/natural_runs_sort.rb 0.07s 
V7 15/391 corpus/10-grids/minesweeper.rb 0.03s 
[FATAL] failed to allocate memory
V7 16/391 corpus/10-grids/n_queens.rb 83.83s #<Process::Status: pid 375995 exit 1>
V7 17/391 corpus/10-grids/nonogram.rb 0.04s 
V7 18/391 corpus/10-grids/othello.rb 0.04s 
V7 19/391 corpus/10-grids/sliding_puzzle.rb 0.04s 
V7 20/391 corpus/02-analytics/access_log_urls.rb 0.04s 
V7 21/391 corpus/02-analytics/anagram_groups.rb 0.03s 
V7 22/391 corpus/02-analytics/autocomplete.rb 0.03s 
V7 23/391 corpus/02-analytics/cooccurrence_pmi.rb 0.04s 
V7 24/391 corpus/09-dp/coin_change.rb 0.04s 
V7 25/391 corpus/09-dp/company_party.rb 0.04s 
V7 26/391 corpus/09-dp/decode_ways.rb 0.04s 
V7 27/391 corpus/20-business/appointment_scheduler.rb 0.04s 
V7 28/391 corpus/20-business/bank_ledger.rb 0.05s 
V7 29/391 corpus/20-business/customer_loyalty.rb 0.03s 
V7 30/391 corpus/20-business/event_registration.rb 0.03s 
V7 31/391 corpus/18-collections/word_pipeline.rb 0.04s 
V7 32/391 corpus/18-collections/word_rack.rb 0.04s 
V7 33/391 corpus/19-statemachines/expr_lexer.rb 0.04s 
V7 34/391 corpus/19-statemachines/http_parser.rb 0.04s 
V7 35/391 corpus/15-data/customer_dedupe.rb 0.04s 
V7 36/391 corpus/15-data/employee_dept_join.rb 0.05s 
V7 37/391 corpus/15-data/etl_star_schema.rb 0.07s 
V7 38/391 corpus/15-data/expense_pivot.rb 0.04s 
V7 39/391 corpus/06-linked/bank_teller_sim.rb 0.03s 
V7 40/391 corpus/06-linked/browser_history.rb 0.03s 
V7 41/391 corpus/06-linked/chained_hash_table.rb 0.03s 
V7 42/391 corpus/06-linked/circular_playlist.rb 0.04s 
V7 43/391 corpus/01-text/ascii_table.rb 0.05s 
V7 44/391 corpus/01-text/bwt_rle.rb 0.04s 
V7 45/391 corpus/01-text/case_convert.rb 0.04s 
V7 46/391 corpus/10-grids/flood_fill.rb 0.03s 
V7 47/391 corpus/10-grids/game_2048.rb 0.04s 
V7 48/391 corpus/10-grids/game_of_life.rb 0.03s 
V7 49/391 corpus/10-grids/hex_game.rb 0.04s 
V7 50/391 corpus/10-grids/knights_tour.rb 0.03s 
V7 51/391 corpus/05-sorting/sorted_matrix_search.rb 0.04s 
V7 52/391 corpus/05-sorting/trail_peak_search.rb 0.04s 
V7 53/391 corpus/05-sorting/version_resolver.rb 0.04s 
V7 54/391 corpus/09-dp/line_breaking.rb 0.04s 
V7 55/391 corpus/09-dp/longest_increasing.rb 0.04s 
V7 56/391 corpus/09-dp/matrix_chain.rb 0.04s 
V7 57/391 corpus/09-dp/optimal_bst.rb 0.05s 
V7 58/391 corpus/09-dp/palindromes.rb 0.04s 
V7 59/391 corpus/01-text/ini_config.rb 0.04s 
V7 60/391 corpus/01-text/json_pretty.rb 0.05s 
V7 61/391 corpus/01-text/justify_text.rb 0.03s 
V7 62/391 corpus/01-text/line_diff.rb 0.04s 
V7 63/391 corpus/01-text/markdown_html.rb 0.03s 
V7 64/391 corpus/19-statemachines/markdown_blocks.rb 0.03s 
V7 65/391 corpus/19-statemachines/morse_decoder.rb 0.03s 
V7 66/391 corpus/19-statemachines/order_workflow.rb 0.04s 
V7 67/391 corpus/19-statemachines/regex_nfa.rb 0.04s 
V7 68/391 corpus/18-collections/cart_discounts.rb 0.04s 
V7 69/391 corpus/18-collections/contact_dedupe.rb 0.04s 
V7 70/391 corpus/08-graphs/land_islands.rb 0.03s 
V7 71/391 corpus/08-graphs/make_rebuild.rb 0.03s 
V7 72/391 corpus/08-graphs/maze_bfs.rb 0.03s 
V7 73/391 corpus/08-graphs/metro_transfers.rb 0.03s 
V7 74/391 corpus/08-graphs/org_chart_lca.rb 0.04s 
V7 75/391 corpus/13-polymorphism/calendar_dates.rb 0.12s 
V7 76/391 corpus/13-polymorphism/color_palette.rb 0.11s 
V7 77/391 corpus/13-polymorphism/doc_render.rb 0.05s 
V7 78/391 corpus/08-graphs/pipeline_flow.rb 0.03s 
V7 79/391 corpus/08-graphs/word_ladder.rb 0.03s 
V7 80/391 corpus/05-sorting/hashtag_trends.rb 0.03s 
V7 81/391 corpus/05-sorting/heap_scheduler.rb 0.1s 
V7 82/391 corpus/05-sorting/kway_log_merge.rb 0.11s 
V7 83/391 corpus/18-collections/friend_graph.rb 0.11s 
V7 84/391 corpus/18-collections/grade_book.rb 0.13s 
V7 85/391 corpus/18-collections/ip_ranges.rb 0.11s 
V7 86/391 corpus/18-collections/latency_buckets.rb 0.11s 
V7 87/391 corpus/04-numeric/polynomial.rb 0.18s 
V7 88/391 corpus/04-numeric/root_finding.rb 0.12s 
V7 89/391 corpus/04-numeric/special_functions.rb 0.14s 
V7 90/391 corpus/04-numeric/time_series.rb 0.12s 
V7 91/391 corpus/04-numeric/vector_geometry.rb 0.11s 
V7 92/391 corpus/14-errors/bank_transfers.rb 0.1s 
V7 93/391 corpus/14-errors/card_validation.rb 0.05s 
V7 94/391 corpus/14-errors/config_loader.rb 0.05s 
V7 95/391 corpus/14-errors/contracts.rb 0.04s 
V7 96/391 corpus/07-trees/merkle_sync.rb 0.06s 
V7 97/391 corpus/07-trees/org_chart.rb 0.05s 
V7 98/391 corpus/07-trees/quadtree.rb 0.04s 
V7 99/391 corpus/07-trees/rope_editor.rb 0.08s 
V7 100/391 corpus/11-simulation/ecosystem_patches.rb 0.04s 
V7 101/391 corpus/11-simulation/elevator_scan.rb 0.05s 
V7 102/391 corpus/11-simulation/hotel_bookings.rb 0.05s 
V7 103/391 corpus/07-trees/spanning_tree.rb 0.05s 
V7 104/391 corpus/07-trees/taxonomy_lca.rb 0.05s 
V7 105/391 corpus/07-trees/traversals.rb 0.07s 
V7 106/391 corpus/07-trees/tree_codec.rb 0.06s 
V7 107/391 corpus/07-trees/trie_autocomplete.rb 0.05s 
V7 108/391 corpus/12-parsers/lisp_interp.rb 0.08s 
V7 109/391 corpus/12-parsers/markdown.rb 0.05s 
V7 110/391 corpus/12-parsers/pratt_parser.rb 0.09s 
V7 111/391 corpus/12-parsers/query_engine.rb 0.08s 
V7 112/391 corpus/12-parsers/regex_matcher.rb 0.06s 
V7 113/391 corpus/06-linked/lfu_cache_buckets.rb 0.04s 
V7 114/391 corpus/06-linked/list_toolkit.rb 0.05s 
V7 115/391 corpus/06-linked/lru_cache.rb 0.04s 
V7 116/391 corpus/06-linked/markup_tag_checker.rb 0.04s 
V7 117/391 corpus/06-linked/merge_log_streams.rb 0.05s 
[FATAL] failed to allocate memory
V7 118/391 corpus/16-dates/activity_heatmap.rb 82.29s #<Process::Status: pid 376727 exit 1>
V7 119/391 corpus/16-dates/age_calculator.rb 0.06s 
V7 120/391 corpus/16-dates/billing_cycles.rb 0.06s 
V7 121/391 corpus/16-dates/calendar_systems.rb 0.06s 
V7 122/391 corpus/11-simulation/bank_ledger.rb 0.04s 
V7 123/391 corpus/11-simulation/car_rental.rb 0.04s 
V7 124/391 corpus/11-simulation/checkout_lanes.rb 0.04s 
V7 125/391 corpus/02-analytics/language_guess.rb 0.04s 
[FATAL] failed to allocate memory
V7 126/391 corpus/02-analytics/log_summary.rb 80.21s #<Process::Status: pid 377387 exit 1>
V7 127/391 corpus/02-analytics/near_duplicates.rb 0.04s 
V7 128/391 corpus/04-numeric/bezier_curves.rb 0.07s 
V7 129/391 corpus/04-numeric/correlation_matrix.rb 0.06s 
V7 130/391 corpus/04-numeric/curve_fitting.rb 0.06s 
V7 131/391 corpus/14-errors/csv_import.rb 0.03s 
V7 132/391 corpus/20-business/invoice_generator.rb 0.06s 
V7 133/391 corpus/20-business/parking_garage.rb 0.04s 
V7 134/391 corpus/20-business/rental_fleet.rb 0.05s 
V7 135/391 corpus/07-trees/interval_bookings.rb 0.05s 
V7 136/391 corpus/07-trees/ip_route_trie.rb 0.05s 
V7 137/391 corpus/07-trees/kd_tree.rb 0.05s 
V7 138/391 corpus/07-trees/lazy_seat_inventory.rb 0.05s 
V7 139/391 corpus/01-text/template_render.rb 0.04s 
V7 140/391 corpus/01-text/text_box.rb 0.04s 
V7 141/391 corpus/01-text/text_stats.rb 0.05s 
V7 142/391 corpus/01-text/whitespace_tidy.rb 0.05s 
V7 143/391 corpus/01-text/word_wrap.rb 0.04s 
V7 144/391 corpus/15-data/fulfillment_report.rb 0.09s 
V7 145/391 corpus/15-data/fx_conversion.rb 0.05s 
V7 146/391 corpus/15-data/grade_book.rb 0.05s 
V7 147/391 corpus/08-graphs/critical_path.rb 0.04s 
V7 148/391 corpus/08-graphs/currency_paths.rb 0.04s 
V7 149/391 corpus/08-graphs/dot_stats.rb 0.04s 
V7 150/391 corpus/20-business/expense_tracker.rb 0.05s 
V7 151/391 corpus/20-business/gym_membership.rb 0.03s 
V7 152/391 corpus/20-business/inventory_reorder.rb 0.05s 
V7 153/391 corpus/19-statemachines/dfa_minimize.rb 0.04s 
V7 154/391 corpus/19-statemachines/elevator.rb 0.03s 
V7 155/391 corpus/19-statemachines/enemy_ai.rb 0.03s 
V7 156/391 corpus/19-statemachines/event_sourcing.rb 0.05s 
V7 157/391 corpus/10-grids/battleship.rb 0.05s 
V7 158/391 corpus/10-grids/chess_attacks.rb 0.05s 
V7 159/391 corpus/10-grids/connect_four.rb 0.04s 
V7 160/391 corpus/10-grids/crossword.rb 0.04s 
V7 161/391 corpus/10-grids/falling_sand.rb 0.03s 
V7 162/391 corpus/11-simulation/inventory_reorder.rb 0.04s 
V7 163/391 corpus/11-simulation/library_loans.rb 0.04s 
V7 164/391 corpus/11-simulation/life_torus.rb 0.04s 
V7 165/391 corpus/11-simulation/order_book.rb 0.05s 
V7 166/391 corpus/07-trees/dom_tree.rb 0.06s 
V7 167/391 corpus/07-trees/expression_tree.rb 0.07s 
V7 168/391 corpus/07-trees/fenwick_ranks.rb 0.04s 
V7 169/391 corpus/07-trees/filesystem_du.rb 0.05s 
V7 170/391 corpus/07-trees/heap_scheduler.rb 0.03s 
V7 171/391 corpus/18-collections/range_set.rb 0.05s 
V7 172/391 corpus/18-collections/role_permissions.rb 0.05s 
[FATAL] failed to allocate memory
V7 173/391 corpus/18-collections/sales_pivot.rb 89.95s #<Process::Status: pid 377767 exit 1>
V7 174/391 corpus/18-collections/sensor_merge.rb 0.05s 
V7 175/391 corpus/08-graphs/exam_slots.rb 0.04s 
V7 176/391 corpus/08-graphs/floyd_transit.rb 0.04s 
V7 177/391 corpus/08-graphs/friend_groups.rb 0.04s 
V7 178/391 corpus/08-graphs/kruskal_network.rb 0.03s 
V7 179/391 corpus/12-parsers/csv_parser.rb 0.04s 
V7 180/391 corpus/12-parsers/forth.rb 0.04s 
V7 181/391 corpus/12-parsers/indent_lexer.rb 0.03s 
V7 182/391 corpus/12-parsers/ini_parser.rb 0.04s 
V7 183/391 corpus/12-parsers/json_parser.rb 0.11s 
V7 184/391 corpus/11-simulation/teller_queue_des.rb 0.04s 
[FATAL] failed to allocate memory
V7 185/391 corpus/11-simulation/thermostat_house.rb 77.55s #<Process::Status: pid 378072 exit 1>
V7 186/391 corpus/11-simulation/vending_machine.rb 0.08s 
V7 187/391 corpus/11-simulation/water_tanks.rb 0.08s 
V7 188/391 corpus/13-polymorphism/stack_vm.rb 0.09s 
V7 189/391 corpus/13-polymorphism/task_heap.rb 0.09s 
V7 190/391 corpus/13-polymorphism/temperature_units.rb 0.13s 
V7 191/391 corpus/13-polymorphism/vector_polygon.rb 0.1s 
V7 192/391 corpus/13-polymorphism/version_constraints.rb 0.09s 
V7 193/391 corpus/16-dates/room_booking.rb 0.09s 
V7 194/391 corpus/16-dates/shift_rota.rb 0.09s 
V7 195/391 corpus/16-dates/time_zones.rb 0.11s 
V7 196/391 corpus/16-dates/timesheet.rb 0.06s 
V7 197/391 corpus/16-dates/timetable.rb 0.05s 
[FATAL] failed to allocate memory
V7 198/391 corpus/15-data/invoice_totals.rb 78.98s #<Process::Status: pid 378804 exit 1>
V7 199/391 corpus/15-data/league_standings.rb 0.05s 
V7 200/391 corpus/15-data/metric_anomalies.rb 0.06s 
V7 201/391 corpus/15-data/quality_rules.rb 0.04s 
V7 202/391 corpus/15-data/sales_by_region.rb 0.05s 
V7 203/391 corpus/14-errors/result_pipeline.rb 0.05s 
V7 204/391 corpus/14-errors/retry_backoff.rb 0.04s 
V7 205/391 corpus/14-errors/unit_quantities.rb 0.05s 
V7 206/391 corpus/14-errors/warehouse_reservation.rb 0.05s 
V7 207/391 corpus/10-grids/sokoban.rb 0.04s 
V7 208/391 corpus/10-grids/sudoku_solver.rb 0.04s 
V7 209/391 corpus/10-grids/terrain_dijkstra.rb 0.04s 
V7 210/391 corpus/10-grids/tic_tac_toe.rb 0.04s 
V7 211/391 corpus/10-grids/word_search.rb 0.04s 
V7 212/391 corpus/16-dates/easter.rb 0.07s 
[FATAL] failed to allocate memory
V7 213/391 corpus/16-dates/fiscal_quarters.rb 80.62s #<Process::Status: pid 379076 exit 1>
V7 214/391 corpus/16-dates/iso_week.rb 0.08s 
V7 215/391 corpus/16-dates/meeting_scheduler.rb 0.06s 
V7 216/391 corpus/04-numeric/monte_carlo.rb 0.06s 
V7 217/391 corpus/04-numeric/numeric_integration.rb 0.07s 
V7 218/391 corpus/04-numeric/numerical_derivatives.rb 0.09s 
V7 219/391 corpus/04-numeric/ode_solver.rb 0.08s 
V7 220/391 corpus/04-numeric/optimization.rb 0.07s 
V7 221/391 corpus/16-dates/moon_phases.rb 0.08s 
V7 222/391 corpus/16-dates/parking_fees.rb 0.06s 
V7 223/391 corpus/16-dates/recurring_events.rb 0.06s 
V7 224/391 corpus/12-parsers/rpn_calc.rb 0.05s 
V7 225/391 corpus/12-parsers/shunting_yard.rb 0.06s 
V7 226/391 corpus/12-parsers/stack_vm.rb 0.06s 
V7 227/391 corpus/12-parsers/symbolic_diff.rb 0.09s 
V7 228/391 corpus/12-parsers/template_engine.rb 0.08s 
V7 229/391 corpus/10-grids/lights_out.rb 0.04s 
V7 230/391 corpus/10-grids/magic_square.rb 0.05s 
V7 231/391 corpus/10-grids/matrix_spiral.rb 0.05s 
V7 232/391 corpus/10-grids/maze_bfs.rb 0.04s 
V7 233/391 corpus/16-dates/cron_schedule.rb 0.07s 
V7 234/391 corpus/16-dates/date_arith.rb 0.06s 
V7 235/391 corpus/16-dates/day_of_week.rb 0.05s 
V7 236/391 corpus/16-dates/durations.rb 0.05s 
V7 237/391 corpus/19-statemachines/bank_queue_sim.rb 0.04s 
V7 238/391 corpus/19-statemachines/button_debounce.rb 0.03s 
V7 239/391 corpus/19-statemachines/circuit_breaker.rb 0.04s 
V7 240/391 corpus/06-linked/cycle_detection.rb 0.05s 
V7 241/391 corpus/06-linked/deque_sliding_window.rb 0.04s 
V7 242/391 corpus/06-linked/digit_list_bignum.rb 0.04s 
V7 243/391 corpus/06-linked/free_list_pool.rb 0.04s 
V7 244/391 corpus/06-linked/josephus_circle.rb 0.04s 
V7 245/391 corpus/03-numtheory/miller_rabin.rb 0.05s 
V7 246/391 corpus/03-numtheory/modular_crt.rb 0.05s 
V7 247/391 corpus/03-numtheory/perfect_amicable.rb 0.04s 
V7 248/391 corpus/03-numtheory/pollard_rho.rb 0.06s 
V7 249/391 corpus/03-numtheory/primitive_roots.rb 0.06s 
[FATAL] failed to allocate memory
V7 250/391 corpus/02-analytics/email_domains.rb 82.93s #<Process::Status: pid 381270 exit 1>
[FATAL] failed to allocate memory
V7 251/391 corpus/02-analytics/hashtag_trends.rb 80.3s #<Process::Status: pid 382935 exit 1>
V7 252/391 corpus/02-analytics/inverted_index.rb 0.05s 
V7 253/391 corpus/02-analytics/kwic_concordance.rb 0.05s 
V7 254/391 corpus/04-numeric/interval_arithmetic.rb 0.08s 
V7 255/391 corpus/04-numeric/linear_regression.rb 0.05s 
V7 256/391 corpus/04-numeric/lu_decomposition.rb 0.06s 
V7 257/391 corpus/04-numeric/matrix_ops.rb 0.06s 
V7 258/391 corpus/09-dp/digit_counting.rb 0.05s 
V7 259/391 corpus/09-dp/edit_distance.rb 0.05s 
V7 260/391 corpus/09-dp/grid_paths.rb 0.05s 
V7 261/391 corpus/17-encodings/playfair.rb 0.04s 
V7 262/391 corpus/17-encodings/protobuf_wire.rb 0.06s 
V7 263/391 corpus/01-text/csv_report.rb 0.05s 
V7 264/391 corpus/01-text/date_format.rb 0.05s 
V7 265/391 corpus/01-text/human_format.rb 0.05s 
V7 266/391 corpus/01-text/inflector.rb 0.04s 
V7 267/391 corpus/17-encodings/hex_dump.rb 0.04s 
V7 268/391 corpus/17-encodings/huffman.rb 0.04s 
V7 269/391 corpus/17-encodings/morse.rb 0.05s 
V7 270/391 corpus/17-encodings/murmur_ring.rb 0.05s 
[FATAL] failed to allocate memory
V7 271/391 corpus/02-analytics/ngram_counts.rb 79.35s #<Process::Status: pid 383632 exit 1>
V7 272/391 corpus/02-analytics/rake_keywords.rb 0.06s 
V7 273/391 corpus/02-analytics/readability.rb 0.04s 
V7 274/391 corpus/02-analytics/rhyme_scheme.rb 0.04s 
V7 275/391 corpus/07-trees/avl_tree.rb 0.06s 
V7 276/391 corpus/07-trees/bill_of_materials.rb 0.04s 
V7 277/391 corpus/07-trees/bst_basic.rb 0.05s 
V7 278/391 corpus/07-trees/decision_tree.rb 0.05s 
V7 279/391 corpus/01-text/markdown_table.rb 0.05s 
V7 280/391 corpus/01-text/number_words.rb 0.04s 
V7 281/391 corpus/01-text/spell_suggest.rb 0.04s 
V7 282/391 corpus/02-analytics/soundex_index.rb 0.04s 
V7 283/391 corpus/02-analytics/spell_suggest.rb 0.04s 
V7 284/391 corpus/02-analytics/vocabulary_growth.rb 0.05s 
V7 285/391 corpus/03-numtheory/digit_curiosities.rb 0.05s 
V7 286/391 corpus/03-numtheory/egyptian_fractions.rb 0.07s 
V7 287/391 corpus/03-numtheory/factor_functions.rb 0.05s 
V7 288/391 corpus/03-numtheory/farey_stern_brocot.rb 0.06s 
V7 289/391 corpus/03-numtheory/fibonacci_numbers.rb 0.06s 
V7 290/391 corpus/09-dp/held_karp.rb 0.04s 
V7 291/391 corpus/09-dp/house_robber.rb 0.04s 
V7 292/391 corpus/09-dp/interval_scheduling.rb 0.04s 
V7 293/391 corpus/09-dp/lcs_diff.rb 0.04s 
V7 294/391 corpus/04-numeric/eigenvalues.rb 0.07s 
V7 295/391 corpus/04-numeric/float_accuracy.rb 0.06s 
V7 296/391 corpus/04-numeric/fourier_spectrum.rb 0.06s 
V7 297/391 corpus/04-numeric/gaussian_elimination.rb 0.07s 
V7 298/391 corpus/04-numeric/histogram_fit.rb 0.05s 
V7 299/391 corpus/18-collections/library_loans.rb 0.06s 
V7 300/391 corpus/18-collections/lottery.rb 0.04s 
V7 301/391 corpus/18-collections/paginate.rb 0.05s 
V7 302/391 corpus/18-collections/prime_sets.rb 0.05s 
V7 303/391 corpus/15-data/size_histogram.rb 0.03s 
V7 304/391 corpus/15-data/survey_crosstab.rb 0.05s 
V7 305/391 corpus/15-data/table_renderer.rb 0.04s 
V7 306/391 corpus/14-errors/order_lifecycle.rb 0.03s 
V7 307/391 corpus/14-errors/param_coercion.rb 0.03s 
V7 308/391 corpus/14-errors/registration_form.rb 0.04s 
V7 309/391 corpus/06-linked/sparse_matrix_rows.rb 0.05s 
V7 310/391 corpus/06-linked/sparse_polynomial.rb 0.04s 
V7 311/391 corpus/06-linked/triage_priority_list.rb 0.03s 
V7 312/391 corpus/06-linked/two_stack_print_queue.rb 0.04s 
V7 313/391 corpus/06-linked/undo_redo_editor.rb 0.03s 
[FATAL] failed to allocate memory
V7 314/391 corpus/15-data/access_log_report.rb 78.03s #<Process::Status: pid 384539 exit 1>
V7 315/391 corpus/15-data/bank_reconcile.rb 0.1s 
V7 316/391 corpus/15-data/clickstream_sessions.rb 0.1s 
V7 317/391 corpus/15-data/cohort_retention.rb 0.1s 
V7 318/391 corpus/11-simulation/packet_network.rb 0.1s 
V7 319/391 corpus/11-simulation/ring_road_traffic.rb 0.08s 
V7 320/391 corpus/11-simulation/runway_ops.rb 0.09s 
V7 321/391 corpus/11-simulation/sandpile.rb 0.09s 
V7 322/391 corpus/05-sorting/quicksort_median3.rb 0.1s 
V7 323/391 corpus/05-sorting/radix_order_ids.rb 0.08s 
V7 324/391 corpus/05-sorting/sensor_quickselect.rb 0.1s 
V7 325/391 corpus/05-sorting/shell_sort_gaps.rb 0.08s 
V7 326/391 corpus/20-business/ticket_helpdesk.rb 0.08s 
V7 327/391 corpus/20-business/timesheet.rb 0.09s 
[FATAL] failed to allocate memory
V7 328/391 corpus/20-business/todo_list.rb 77.0s #<Process::Status: pid 384904 exit 1>
[FATAL] failed to allocate memory
V7 329/391 corpus/20-business/vendor_quotes.rb 60.14s #<Process::Status: pid 385082 exit 1>
V7 330/391 corpus/20-business/warehouse_picking.rb 0.06s 
V7 331/391 corpus/05-sorting/autocomplete_msd.rb 0.06s 
V7 332/391 corpus/05-sorting/bisect_on_answer.rb 0.06s 
V7 333/391 corpus/05-sorting/bucket_sort_ratings.rb 0.05s 
V7 334/391 corpus/05-sorting/external_sort_sim.rb 0.06s 
V7 335/391 corpus/05-sorting/gift_two_pointers.rb 0.05s 
V7 336/391 corpus/06-linked/ring_buffer_metrics.rb 0.04s 
V7 337/391 corpus/06-linked/rpn_stack_calculator.rb 0.05s 
V7 338/391 corpus/06-linked/singly_linked_list.rb 0.04s 
V7 339/391 corpus/06-linked/skip_list_index.rb 0.05s 
V7 340/391 corpus/13-polymorphism/matrix_ops.rb 0.09s 
V7 341/391 corpus/13-polymorphism/modint_combinatorics.rb 0.07s 
V7 342/391 corpus/13-polymorphism/money_ledger.rb 0.06s 
V7 343/391 corpus/13-polymorphism/notify_channels.rb 0.05s 
V7 344/391 corpus/13-polymorphism/payroll.rb 0.05s 
V7 345/391 corpus/17-encodings/transposition.rb 0.05s 
V7 346/391 corpus/17-encodings/vigenere.rb 0.06s 
V7 347/391 corpus/12-parsers/assembler.rb 0.07s 
V7 348/391 corpus/12-parsers/brainfuck.rb 0.04s 
V7 349/391 corpus/12-parsers/calc_rd.rb 0.06s 
V7 350/391 corpus/12-parsers/cmdline_parser.rb 0.07s 
V7 351/391 corpus/20-business/restaurant_orders.rb 0.06s 
V7 352/391 corpus/20-business/room_reservations.rb 0.06s 
V7 353/391 corpus/20-business/sales_report.rb 0.05s 
V7 354/391 corpus/20-business/shopping_cart.rb 0.06s 
V7 355/391 corpus/20-business/subscription_billing.rb 0.06s 
V7 356/391 corpus/08-graphs/astar_terrain.rb 0.04s 
V7 357/391 corpus/08-graphs/bellman_ford.rb 0.05s 
V7 358/391 corpus/08-graphs/centrality.rb 0.05s 
V7 359/391 corpus/08-graphs/course_schedule.rb 0.05s 
V7 360/391 corpus/08-graphs/critical_links.rb 0.05s 
V7 361/391 corpus/17-encodings/ascii85.rb 0.05s 
V7 362/391 corpus/17-encodings/base32_ids.rb 0.04s 
V7 363/391 corpus/17-encodings/base64_codec.rb 0.05s 
V7 364/391 corpus/17-encodings/bloom_filter.rb 0.04s 
V7 365/391 corpus/14-errors/job_queue.rb 0.05s 
V7 366/391 corpus/14-errors/ledger_reconcile.rb 0.05s 
V7 367/391 corpus/14-errors/log_triage.rb 0.04s 
V7 368/391 corpus/14-errors/matrix_checks.rb 0.06s 
V7 369/391 corpus/13-polymorphism/duration_timesheet.rb 0.06s 
V7 370/391 corpus/13-polymorphism/fraction_math.rb 0.06s 
V7 371/391 corpus/13-polymorphism/interval_arith.rb 0.07s 
V7 372/391 corpus/13-polymorphism/life_grid.rb 0.04s 
V7 373/391 corpus/03-numtheory/happy_cycles.rb 0.03s 
V7 374/391 corpus/03-numtheory/integer_partitions.rb 0.05s 
V7 375/391 corpus/03-numtheory/linear_diophantine.rb 0.05s 
V7 376/391 corpus/12-parsers/tiny_basic.rb 0.05s 
V7 377/391 corpus/12-parsers/tokenizer.rb 0.05s 
V7 378/391 corpus/09-dp/sequence_alignment.rb 0.05s 
V7 379/391 corpus/09-dp/stock_trading.rb 0.04s 
V7 380/391 corpus/09-dp/subset_partition.rb 0.04s 
V7 381/391 corpus/09-dp/viterbi.rb 0.03s 
V7 382/391 corpus/09-dp/word_break.rb 0.04s 
V7 383/391 corpus/13-polymorphism/physical_quantities.rb 0.05s 
V7 384/391 corpus/13-polymorphism/polynomial.rb 0.09s 
V7 385/391 corpus/13-polymorphism/quaternion_rotation.rb 0.07s 
V7 386/391 corpus/13-polymorphism/shapes_area.rb 0.05s 
V7 387/391 corpus/13-polymorphism/sparse_vector.rb 0.05s 
V7 388/391 corpus/03-numtheory/quadratic_residues.rb 0.06s 
V7 389/391 corpus/03-numtheory/repeating_decimals.rb 0.05s 
V7 390/391 corpus/03-numtheory/rsa_toy.rb 0.06s 
V7 391/391 corpus/03-numtheory/sieve_primes.rb 0.05s 
V8 1/391 corpus/17-encodings/caesar_cracker.rb 0.03s 
V8 2/391 corpus/17-encodings/check_digits.rb 0.03s 
V8 3/391 corpus/17-encodings/frame_parser.rb 0.05s 
V8 4/391 corpus/17-encodings/hamming_secded.rb 0.04s 
V8 5/391 corpus/19-statemachines/smtp_session.rb 0.03s 
V8 6/391 corpus/03-numtheory/base_conversion.rb 0.05s 
V8 7/391 corpus/03-numtheory/calendar_congruences.rb 0.06s 
V8 8/391 corpus/03-numtheory/check_digits.rb 0.05s 
V8 9/391 corpus/03-numtheory/collatz_stats.rb 0.03s 
V8 10/391 corpus/03-numtheory/continued_fractions.rb 0.05s 
V8 11/391 corpus/05-sorting/library_catalog.rb 0.04s 
V8 12/391 corpus/05-sorting/log_time_bisect.rb 0.05s 
V8 13/391 corpus/05-sorting/meeting_intervals.rb 0.04s 
V8 14/391 corpus/05-sorting/natural_runs_sort.rb 0.07s 
V8 15/391 corpus/10-grids/minesweeper.rb 0.03s 
[FATAL] failed to allocate memory
V8 16/391 corpus/10-grids/n_queens.rb 79.18s #<Process::Status: pid 386046 exit 1>
V8 17/391 corpus/10-grids/nonogram.rb 0.04s 
V8 18/391 corpus/10-grids/othello.rb 0.04s 
V8 19/391 corpus/10-grids/sliding_puzzle.rb 0.04s 
V8 20/391 corpus/02-analytics/access_log_urls.rb 0.05s 
V8 21/391 corpus/02-analytics/anagram_groups.rb 0.04s 
V8 22/391 corpus/02-analytics/autocomplete.rb 0.04s 
V8 23/391 corpus/02-analytics/cooccurrence_pmi.rb 0.04s 
V8 24/391 corpus/09-dp/coin_change.rb 0.04s 
V8 25/391 corpus/09-dp/company_party.rb 0.04s 
V8 26/391 corpus/09-dp/decode_ways.rb 0.04s 
V8 27/391 corpus/20-business/appointment_scheduler.rb 0.04s 
V8 28/391 corpus/20-business/bank_ledger.rb 0.05s 
V8 29/391 corpus/20-business/customer_loyalty.rb 0.03s 
V8 30/391 corpus/20-business/event_registration.rb 0.03s 
V8 31/391 corpus/18-collections/word_pipeline.rb 0.04s 
V8 32/391 corpus/18-collections/word_rack.rb 0.04s 
V8 33/391 corpus/19-statemachines/expr_lexer.rb 0.04s 
V8 34/391 corpus/19-statemachines/http_parser.rb 0.04s 
V8 35/391 corpus/15-data/customer_dedupe.rb 0.04s 
V8 36/391 corpus/15-data/employee_dept_join.rb 0.05s 
V8 37/391 corpus/15-data/etl_star_schema.rb 0.07s 
V8 38/391 corpus/15-data/expense_pivot.rb 0.04s 
V8 39/391 corpus/06-linked/bank_teller_sim.rb 0.03s 
V8 40/391 corpus/06-linked/browser_history.rb 0.03s 
V8 41/391 corpus/06-linked/chained_hash_table.rb 0.03s 
V8 42/391 corpus/06-linked/circular_playlist.rb 0.04s 
V8 43/391 corpus/01-text/ascii_table.rb 0.05s 
V8 44/391 corpus/01-text/bwt_rle.rb 0.04s 
V8 45/391 corpus/01-text/case_convert.rb 0.04s 
V8 46/391 corpus/10-grids/flood_fill.rb 0.03s 
V8 47/391 corpus/10-grids/game_2048.rb 0.04s 
V8 48/391 corpus/10-grids/game_of_life.rb 0.03s 
V8 49/391 corpus/10-grids/hex_game.rb 0.04s 
V8 50/391 corpus/10-grids/knights_tour.rb 0.03s 
V8 51/391 corpus/05-sorting/sorted_matrix_search.rb 0.04s 
V8 52/391 corpus/05-sorting/trail_peak_search.rb 0.04s 
V8 53/391 corpus/05-sorting/version_resolver.rb 0.03s 
V8 54/391 corpus/09-dp/line_breaking.rb 0.04s 
V8 55/391 corpus/09-dp/longest_increasing.rb 0.04s 
V8 56/391 corpus/09-dp/matrix_chain.rb 0.04s 
V8 57/391 corpus/09-dp/optimal_bst.rb 0.05s 
V8 58/391 corpus/09-dp/palindromes.rb 0.04s 
V8 59/391 corpus/01-text/ini_config.rb 0.04s 
V8 60/391 corpus/01-text/json_pretty.rb 0.05s 
V8 61/391 corpus/01-text/justify_text.rb 0.03s 
V8 62/391 corpus/01-text/line_diff.rb 0.04s 
V8 63/391 corpus/01-text/markdown_html.rb 0.04s 
V8 64/391 corpus/19-statemachines/markdown_blocks.rb 0.03s 
V8 65/391 corpus/19-statemachines/morse_decoder.rb 0.03s 
V8 66/391 corpus/19-statemachines/order_workflow.rb 0.04s 
V8 67/391 corpus/19-statemachines/regex_nfa.rb 0.04s 
V8 68/391 corpus/18-collections/cart_discounts.rb 0.05s 
V8 69/391 corpus/18-collections/contact_dedupe.rb 0.04s 
V8 70/391 corpus/08-graphs/land_islands.rb 0.03s 
V8 71/391 corpus/08-graphs/make_rebuild.rb 0.04s 
V8 72/391 corpus/08-graphs/maze_bfs.rb 0.03s 
V8 73/391 corpus/08-graphs/metro_transfers.rb 0.03s 
V8 74/391 corpus/08-graphs/org_chart_lca.rb 0.1s 
V8 75/391 corpus/13-polymorphism/calendar_dates.rb 0.12s 
V8 76/391 corpus/13-polymorphism/color_palette.rb 0.12s 
V8 77/391 corpus/13-polymorphism/doc_render.rb 0.11s 
V8 78/391 corpus/08-graphs/pipeline_flow.rb 0.1s 
V8 79/391 corpus/08-graphs/word_ladder.rb 0.1s 
V8 80/391 corpus/05-sorting/hashtag_trends.rb 0.1s 
V8 81/391 corpus/05-sorting/heap_scheduler.rb 0.11s 
V8 82/391 corpus/05-sorting/kway_log_merge.rb 0.12s 
V8 83/391 corpus/18-collections/friend_graph.rb 0.11s 
V8 84/391 corpus/18-collections/grade_book.rb 0.07s 
V8 85/391 corpus/18-collections/ip_ranges.rb 0.06s 
V8 86/391 corpus/18-collections/latency_buckets.rb 0.05s 
V8 87/391 corpus/04-numeric/polynomial.rb 0.13s 
V8 88/391 corpus/04-numeric/root_finding.rb 0.07s 
V8 89/391 corpus/04-numeric/special_functions.rb 0.08s 
V8 90/391 corpus/04-numeric/time_series.rb 0.06s 
V8 91/391 corpus/04-numeric/vector_geometry.rb 0.05s 
V8 92/391 corpus/14-errors/bank_transfers.rb 0.04s 
V8 93/391 corpus/14-errors/card_validation.rb 0.05s 
V8 94/391 corpus/14-errors/config_loader.rb 0.05s 
V8 95/391 corpus/14-errors/contracts.rb 0.04s 
V8 96/391 corpus/07-trees/merkle_sync.rb 0.07s 
V8 97/391 corpus/07-trees/org_chart.rb 0.06s 
V8 98/391 corpus/07-trees/quadtree.rb 0.04s 
V8 99/391 corpus/07-trees/rope_editor.rb 0.08s 
V8 100/391 corpus/11-simulation/ecosystem_patches.rb 0.04s 
V8 101/391 corpus/11-simulation/elevator_scan.rb 0.05s 
V8 102/391 corpus/11-simulation/hotel_bookings.rb 0.05s 
V8 103/391 corpus/07-trees/spanning_tree.rb 0.04s 
V8 104/391 corpus/07-trees/taxonomy_lca.rb 0.04s 
V8 105/391 corpus/07-trees/traversals.rb 0.06s 
V8 106/391 corpus/07-trees/tree_codec.rb 0.05s 
V8 107/391 corpus/07-trees/trie_autocomplete.rb 0.04s 
V8 108/391 corpus/12-parsers/lisp_interp.rb 0.07s 
V8 109/391 corpus/12-parsers/markdown.rb 0.05s 
V8 110/391 corpus/12-parsers/pratt_parser.rb 0.1s 
V8 111/391 corpus/12-parsers/query_engine.rb 0.07s 
V8 112/391 corpus/12-parsers/regex_matcher.rb 0.06s 
V8 113/391 corpus/06-linked/lfu_cache_buckets.rb 0.03s 
V8 114/391 corpus/06-linked/list_toolkit.rb 0.04s 
V8 115/391 corpus/06-linked/lru_cache.rb 0.04s 
V8 116/391 corpus/06-linked/markup_tag_checker.rb 0.03s 
V8 117/391 corpus/06-linked/merge_log_streams.rb 0.05s 
[FATAL] failed to allocate memory
V8 118/391 corpus/16-dates/activity_heatmap.rb 78.27s #<Process::Status: pid 386663 exit 1>
V8 119/391 corpus/16-dates/age_calculator.rb 0.06s 
V8 120/391 corpus/16-dates/billing_cycles.rb 0.06s 
V8 121/391 corpus/16-dates/calendar_systems.rb 0.06s 
V8 122/391 corpus/11-simulation/bank_ledger.rb 0.04s 
V8 123/391 corpus/11-simulation/car_rental.rb 0.04s 
V8 124/391 corpus/11-simulation/checkout_lanes.rb 0.04s 
V8 125/391 corpus/02-analytics/language_guess.rb 0.04s 
[FATAL] failed to allocate memory
V8 126/391 corpus/02-analytics/log_summary.rb 80.59s #<Process::Status: pid 386901 exit 1>
V8 127/391 corpus/02-analytics/near_duplicates.rb 0.04s 
V8 128/391 corpus/04-numeric/bezier_curves.rb 0.07s 
V8 129/391 corpus/04-numeric/correlation_matrix.rb 0.05s 
V8 130/391 corpus/04-numeric/curve_fitting.rb 0.06s 
V8 131/391 corpus/14-errors/csv_import.rb 0.04s 
V8 132/391 corpus/20-business/invoice_generator.rb 0.06s 
V8 133/391 corpus/20-business/parking_garage.rb 0.04s 
V8 134/391 corpus/20-business/rental_fleet.rb 0.04s 
V8 135/391 corpus/07-trees/interval_bookings.rb 0.05s 
V8 136/391 corpus/07-trees/ip_route_trie.rb 0.05s 
V8 137/391 corpus/07-trees/kd_tree.rb 0.05s 
V8 138/391 corpus/07-trees/lazy_seat_inventory.rb 0.05s 
V8 139/391 corpus/01-text/template_render.rb 0.04s 
V8 140/391 corpus/01-text/text_box.rb 0.04s 
V8 141/391 corpus/01-text/text_stats.rb 0.04s 
V8 142/391 corpus/01-text/whitespace_tidy.rb 0.04s 
V8 143/391 corpus/01-text/word_wrap.rb 0.03s 
V8 144/391 corpus/15-data/fulfillment_report.rb 0.09s 
V8 145/391 corpus/15-data/fx_conversion.rb 0.05s 
V8 146/391 corpus/15-data/grade_book.rb 0.05s 
V8 147/391 corpus/08-graphs/critical_path.rb 0.04s 
V8 148/391 corpus/08-graphs/currency_paths.rb 0.05s 
V8 149/391 corpus/08-graphs/dot_stats.rb 0.04s 
V8 150/391 corpus/20-business/expense_tracker.rb 0.05s 
V8 151/391 corpus/20-business/gym_membership.rb 0.03s 
V8 152/391 corpus/20-business/inventory_reorder.rb 0.05s 
V8 153/391 corpus/19-statemachines/dfa_minimize.rb 0.04s 
V8 154/391 corpus/19-statemachines/elevator.rb 0.04s 
V8 155/391 corpus/19-statemachines/enemy_ai.rb 0.03s 
V8 156/391 corpus/19-statemachines/event_sourcing.rb 0.05s 
V8 157/391 corpus/10-grids/battleship.rb 0.05s 
V8 158/391 corpus/10-grids/chess_attacks.rb 0.05s 
V8 159/391 corpus/10-grids/connect_four.rb 0.04s 
V8 160/391 corpus/10-grids/crossword.rb 0.04s 
V8 161/391 corpus/10-grids/falling_sand.rb 0.03s 
V8 162/391 corpus/11-simulation/inventory_reorder.rb 0.04s 
V8 163/391 corpus/11-simulation/library_loans.rb 0.04s 
V8 164/391 corpus/11-simulation/life_torus.rb 0.04s 
V8 165/391 corpus/11-simulation/order_book.rb 0.08s 
V8 166/391 corpus/07-trees/dom_tree.rb 0.11s 
V8 167/391 corpus/07-trees/expression_tree.rb 0.12s 
V8 168/391 corpus/07-trees/fenwick_ranks.rb 0.08s 
V8 169/391 corpus/07-trees/filesystem_du.rb 0.1s 
V8 170/391 corpus/07-trees/heap_scheduler.rb 0.07s 
V8 171/391 corpus/18-collections/range_set.rb 0.1s 
V8 172/391 corpus/18-collections/role_permissions.rb 0.1s 
[FATAL] failed to allocate memory
V8 173/391 corpus/18-collections/sales_pivot.rb 90.58s #<Process::Status: pid 387248 exit 1>
V8 174/391 corpus/18-collections/sensor_merge.rb 0.09s 
V8 175/391 corpus/08-graphs/exam_slots.rb 0.08s 
V8 176/391 corpus/08-graphs/floyd_transit.rb 0.09s 
V8 177/391 corpus/08-graphs/friend_groups.rb 0.09s 
V8 178/391 corpus/08-graphs/kruskal_network.rb 0.05s 
V8 179/391 corpus/12-parsers/csv_parser.rb 0.05s 
V8 180/391 corpus/12-parsers/forth.rb 0.06s 
V8 181/391 corpus/12-parsers/indent_lexer.rb 0.05s 
V8 182/391 corpus/12-parsers/ini_parser.rb 0.05s 
V8 183/391 corpus/12-parsers/json_parser.rb 0.07s 
V8 184/391 corpus/11-simulation/teller_queue_des.rb 0.04s 
[FATAL] failed to allocate memory
V8 185/391 corpus/11-simulation/thermostat_house.rb 78.4s #<Process::Status: pid 387900 exit 1>
V8 186/391 corpus/11-simulation/vending_machine.rb 0.04s 
V8 187/391 corpus/11-simulation/water_tanks.rb 0.05s 
V8 188/391 corpus/13-polymorphism/stack_vm.rb 0.05s 
V8 189/391 corpus/13-polymorphism/task_heap.rb 0.05s 
V8 190/391 corpus/13-polymorphism/temperature_units.rb 0.08s 
V8 191/391 corpus/13-polymorphism/vector_polygon.rb 0.07s 
V8 192/391 corpus/13-polymorphism/version_constraints.rb 0.05s 
V8 193/391 corpus/16-dates/room_booking.rb 0.05s 
V8 194/391 corpus/16-dates/shift_rota.rb 0.05s 
V8 195/391 corpus/16-dates/time_zones.rb 0.07s 
V8 196/391 corpus/16-dates/timesheet.rb 0.05s 
V8 197/391 corpus/16-dates/timetable.rb 0.05s 
[FATAL] failed to allocate memory
V8 198/391 corpus/15-data/invoice_totals.rb 80.39s #<Process::Status: pid 388143 exit 1>
V8 199/391 corpus/15-data/league_standings.rb 0.05s 
V8 200/391 corpus/15-data/metric_anomalies.rb 0.06s 
V8 201/391 corpus/15-data/quality_rules.rb 0.04s 
V8 202/391 corpus/15-data/sales_by_region.rb 0.04s 
V8 203/391 corpus/14-errors/result_pipeline.rb 0.04s 
V8 204/391 corpus/14-errors/retry_backoff.rb 0.04s 
V8 205/391 corpus/14-errors/unit_quantities.rb 0.05s 
V8 206/391 corpus/14-errors/warehouse_reservation.rb 0.04s 
V8 207/391 corpus/10-grids/sokoban.rb 0.04s 
V8 208/391 corpus/10-grids/sudoku_solver.rb 0.04s 
V8 209/391 corpus/10-grids/terrain_dijkstra.rb 0.04s 
V8 210/391 corpus/10-grids/tic_tac_toe.rb 0.04s 
V8 211/391 corpus/10-grids/word_search.rb 0.03s 
V8 212/391 corpus/16-dates/easter.rb 0.06s 
[FATAL] failed to allocate memory
V8 213/391 corpus/16-dates/fiscal_quarters.rb 78.78s #<Process::Status: pid 388368 exit 1>
V8 214/391 corpus/16-dates/iso_week.rb 0.06s 
V8 215/391 corpus/16-dates/meeting_scheduler.rb 0.04s 
V8 216/391 corpus/04-numeric/monte_carlo.rb 0.05s 
V8 217/391 corpus/04-numeric/numeric_integration.rb 0.06s 
V8 218/391 corpus/04-numeric/numerical_derivatives.rb 0.06s 
V8 219/391 corpus/04-numeric/ode_solver.rb 0.06s 
V8 220/391 corpus/04-numeric/optimization.rb 0.06s 
V8 221/391 corpus/16-dates/moon_phases.rb 0.07s 
V8 222/391 corpus/16-dates/parking_fees.rb 0.05s 
V8 223/391 corpus/16-dates/recurring_events.rb 0.05s 
V8 224/391 corpus/12-parsers/rpn_calc.rb 0.03s 
V8 225/391 corpus/12-parsers/shunting_yard.rb 0.05s 
V8 226/391 corpus/12-parsers/stack_vm.rb 0.05s 
V8 227/391 corpus/12-parsers/symbolic_diff.rb 0.08s 
V8 228/391 corpus/12-parsers/template_engine.rb 0.07s 
V8 229/391 corpus/10-grids/lights_out.rb 0.03s 
V8 230/391 corpus/10-grids/magic_square.rb 0.04s 
V8 231/391 corpus/10-grids/matrix_spiral.rb 0.05s 
V8 232/391 corpus/10-grids/maze_bfs.rb 0.03s 
V8 233/391 corpus/16-dates/cron_schedule.rb 0.06s 
V8 234/391 corpus/16-dates/date_arith.rb 0.05s 
V8 235/391 corpus/16-dates/day_of_week.rb 0.04s 
V8 236/391 corpus/16-dates/durations.rb 0.05s 
V8 237/391 corpus/19-statemachines/bank_queue_sim.rb 0.04s 
V8 238/391 corpus/19-statemachines/button_debounce.rb 0.03s 
V8 239/391 corpus/19-statemachines/circuit_breaker.rb 0.03s 
V8 240/391 corpus/06-linked/cycle_detection.rb 0.04s 
V8 241/391 corpus/06-linked/deque_sliding_window.rb 0.04s 
V8 242/391 corpus/06-linked/digit_list_bignum.rb 0.04s 
V8 243/391 corpus/06-linked/free_list_pool.rb 0.04s 
V8 244/391 corpus/06-linked/josephus_circle.rb 0.04s 
V8 245/391 corpus/03-numtheory/miller_rabin.rb 0.05s 
V8 246/391 corpus/03-numtheory/modular_crt.rb 0.04s 
V8 247/391 corpus/03-numtheory/perfect_amicable.rb 0.04s 
V8 248/391 corpus/03-numtheory/pollard_rho.rb 0.05s 
V8 249/391 corpus/03-numtheory/primitive_roots.rb 0.06s 
[FATAL] failed to allocate memory
V8 250/391 corpus/02-analytics/email_domains.rb 84.58s #<Process::Status: pid 389026 exit 1>
[FATAL] failed to allocate memory
V8 251/391 corpus/02-analytics/hashtag_trends.rb 84.44s #<Process::Status: pid 390616 exit 1>
V8 252/391 corpus/02-analytics/inverted_index.rb 0.04s 
V8 253/391 corpus/02-analytics/kwic_concordance.rb 0.04s 
V8 254/391 corpus/04-numeric/interval_arithmetic.rb 0.07s 
V8 255/391 corpus/04-numeric/linear_regression.rb 0.04s 
V8 256/391 corpus/04-numeric/lu_decomposition.rb 0.05s 
V8 257/391 corpus/04-numeric/matrix_ops.rb 0.05s 
V8 258/391 corpus/09-dp/digit_counting.rb 0.05s 
V8 259/391 corpus/09-dp/edit_distance.rb 0.05s 
V8 260/391 corpus/09-dp/grid_paths.rb 0.05s 
V8 261/391 corpus/17-encodings/playfair.rb 0.04s 
V8 262/391 corpus/17-encodings/protobuf_wire.rb 0.06s 
V8 263/391 corpus/01-text/csv_report.rb 0.05s 
V8 264/391 corpus/01-text/date_format.rb 0.06s 
V8 265/391 corpus/01-text/human_format.rb 0.05s 
V8 266/391 corpus/01-text/inflector.rb 0.03s 
V8 267/391 corpus/17-encodings/hex_dump.rb 0.04s 
V8 268/391 corpus/17-encodings/huffman.rb 0.04s 
V8 269/391 corpus/17-encodings/morse.rb 0.04s 
V8 270/391 corpus/17-encodings/murmur_ring.rb 0.05s 
[FATAL] failed to allocate memory
V8 271/391 corpus/02-analytics/ngram_counts.rb 83.93s #<Process::Status: pid 392059 exit 1>
V8 272/391 corpus/02-analytics/rake_keywords.rb 0.06s 
V8 273/391 corpus/02-analytics/readability.rb 0.04s 
V8 274/391 corpus/02-analytics/rhyme_scheme.rb 0.04s 
V8 275/391 corpus/07-trees/avl_tree.rb 0.09s 
V8 276/391 corpus/07-trees/bill_of_materials.rb 0.04s 
V8 277/391 corpus/07-trees/bst_basic.rb 0.05s 
V8 278/391 corpus/07-trees/decision_tree.rb 0.05s 
V8 279/391 corpus/01-text/markdown_table.rb 0.08s 
V8 280/391 corpus/01-text/number_words.rb 0.08s 
V8 281/391 corpus/01-text/spell_suggest.rb 0.04s 
V8 282/391 corpus/02-analytics/soundex_index.rb 0.04s 
V8 283/391 corpus/02-analytics/spell_suggest.rb 0.07s 
V8 284/391 corpus/02-analytics/vocabulary_growth.rb 0.08s 
V8 285/391 corpus/03-numtheory/digit_curiosities.rb 0.08s 
V8 286/391 corpus/03-numtheory/egyptian_fractions.rb 0.12s 
V8 287/391 corpus/03-numtheory/factor_functions.rb 0.1s 
V8 288/391 corpus/03-numtheory/farey_stern_brocot.rb 0.11s 
V8 289/391 corpus/03-numtheory/fibonacci_numbers.rb 0.11s 
V8 290/391 corpus/09-dp/held_karp.rb 0.1s 
V8 291/391 corpus/09-dp/house_robber.rb 0.09s 
V8 292/391 corpus/09-dp/interval_scheduling.rb 0.09s 
V8 293/391 corpus/09-dp/lcs_diff.rb 0.09s 
V8 294/391 corpus/04-numeric/eigenvalues.rb 0.12s 
V8 295/391 corpus/04-numeric/float_accuracy.rb 0.08s 
V8 296/391 corpus/04-numeric/fourier_spectrum.rb 0.08s 
V8 297/391 corpus/04-numeric/gaussian_elimination.rb 0.09s 
V8 298/391 corpus/04-numeric/histogram_fit.rb 0.07s 
V8 299/391 corpus/18-collections/library_loans.rb 0.07s 
V8 300/391 corpus/18-collections/lottery.rb 0.05s 
V8 301/391 corpus/18-collections/paginate.rb 0.05s 
V8 302/391 corpus/18-collections/prime_sets.rb 0.05s 
V8 303/391 corpus/15-data/size_histogram.rb 0.04s 
V8 304/391 corpus/15-data/survey_crosstab.rb 0.06s 
V8 305/391 corpus/15-data/table_renderer.rb 0.05s 
V8 306/391 corpus/14-errors/order_lifecycle.rb 0.04s 
V8 307/391 corpus/14-errors/param_coercion.rb 0.04s 
V8 308/391 corpus/14-errors/registration_form.rb 0.04s 
V8 309/391 corpus/06-linked/sparse_matrix_rows.rb 0.05s 
V8 310/391 corpus/06-linked/sparse_polynomial.rb 0.05s 
V8 311/391 corpus/06-linked/triage_priority_list.rb 0.04s 
V8 312/391 corpus/06-linked/two_stack_print_queue.rb 0.04s 
V8 313/391 corpus/06-linked/undo_redo_editor.rb 0.04s 
[FATAL] failed to allocate memory
V8 314/391 corpus/15-data/access_log_report.rb 83.39s #<Process::Status: pid 392842 exit 1>
V8 315/391 corpus/15-data/bank_reconcile.rb 0.07s 
V8 316/391 corpus/15-data/clickstream_sessions.rb 0.06s 
V8 317/391 corpus/15-data/cohort_retention.rb 0.06s 
V8 318/391 corpus/11-simulation/packet_network.rb 0.05s 
V8 319/391 corpus/11-simulation/ring_road_traffic.rb 0.05s 
V8 320/391 corpus/11-simulation/runway_ops.rb 0.06s 
V8 321/391 corpus/11-simulation/sandpile.rb 0.05s 
V8 322/391 corpus/05-sorting/quicksort_median3.rb 0.08s 
V8 323/391 corpus/05-sorting/radix_order_ids.rb 0.05s 
V8 324/391 corpus/05-sorting/sensor_quickselect.rb 0.07s 
V8 325/391 corpus/05-sorting/shell_sort_gaps.rb 0.05s 
V8 326/391 corpus/20-business/ticket_helpdesk.rb 0.05s 
V8 327/391 corpus/20-business/timesheet.rb 0.06s 
[FATAL] failed to allocate memory
V8 328/391 corpus/20-business/todo_list.rb 98.54s #<Process::Status: pid 393795 exit 1>
[FATAL] failed to allocate memory
V8 329/391 corpus/20-business/vendor_quotes.rb 67.09s #<Process::Status: pid 394810 exit 1>
V8 330/391 corpus/20-business/warehouse_picking.rb 0.05s 
V8 331/391 corpus/05-sorting/autocomplete_msd.rb 0.05s 
V8 332/391 corpus/05-sorting/bisect_on_answer.rb 0.05s 
V8 333/391 corpus/05-sorting/bucket_sort_ratings.rb 0.05s 
V8 334/391 corpus/05-sorting/external_sort_sim.rb 0.06s 
V8 335/391 corpus/05-sorting/gift_two_pointers.rb 0.05s 
V8 336/391 corpus/06-linked/ring_buffer_metrics.rb 0.04s 
V8 337/391 corpus/06-linked/rpn_stack_calculator.rb 0.05s 
V8 338/391 corpus/06-linked/singly_linked_list.rb 0.05s 
V8 339/391 corpus/06-linked/skip_list_index.rb 0.05s 
V8 340/391 corpus/13-polymorphism/matrix_ops.rb 0.09s 
V8 341/391 corpus/13-polymorphism/modint_combinatorics.rb 0.07s 
V8 342/391 corpus/13-polymorphism/money_ledger.rb 0.06s 
V8 343/391 corpus/13-polymorphism/notify_channels.rb 0.05s 
V8 344/391 corpus/13-polymorphism/payroll.rb 0.05s 
V8 345/391 corpus/17-encodings/transposition.rb 0.05s 
V8 346/391 corpus/17-encodings/vigenere.rb 0.06s 
V8 347/391 corpus/12-parsers/assembler.rb 0.07s 
V8 348/391 corpus/12-parsers/brainfuck.rb 0.04s 
V8 349/391 corpus/12-parsers/calc_rd.rb 0.06s 
V8 350/391 corpus/12-parsers/cmdline_parser.rb 0.07s 
V8 351/391 corpus/20-business/restaurant_orders.rb 0.05s 
V8 352/391 corpus/20-business/room_reservations.rb 0.06s 
V8 353/391 corpus/20-business/sales_report.rb 0.05s 
V8 354/391 corpus/20-business/shopping_cart.rb 0.06s 
V8 355/391 corpus/20-business/subscription_billing.rb 0.05s 
V8 356/391 corpus/08-graphs/astar_terrain.rb 0.04s 
V8 357/391 corpus/08-graphs/bellman_ford.rb 0.05s 
V8 358/391 corpus/08-graphs/centrality.rb 0.04s 
V8 359/391 corpus/08-graphs/course_schedule.rb 0.04s 
V8 360/391 corpus/08-graphs/critical_links.rb 0.05s 
V8 361/391 corpus/17-encodings/ascii85.rb 0.05s 
V8 362/391 corpus/17-encodings/base32_ids.rb 0.05s 
V8 363/391 corpus/17-encodings/base64_codec.rb 0.05s 
V8 364/391 corpus/17-encodings/bloom_filter.rb 0.05s 
V8 365/391 corpus/14-errors/job_queue.rb 0.04s 
V8 366/391 corpus/14-errors/ledger_reconcile.rb 0.05s 
V8 367/391 corpus/14-errors/log_triage.rb 0.04s 
V8 368/391 corpus/14-errors/matrix_checks.rb 0.06s 
V8 369/391 corpus/13-polymorphism/duration_timesheet.rb 0.06s 
V8 370/391 corpus/13-polymorphism/fraction_math.rb 0.06s 
V8 371/391 corpus/13-polymorphism/interval_arith.rb 0.08s 
V8 372/391 corpus/13-polymorphism/life_grid.rb 0.04s 
V8 373/391 corpus/03-numtheory/happy_cycles.rb 0.04s 
V8 374/391 corpus/03-numtheory/integer_partitions.rb 0.05s 
V8 375/391 corpus/03-numtheory/linear_diophantine.rb 0.05s 
V8 376/391 corpus/12-parsers/tiny_basic.rb 0.05s 
V8 377/391 corpus/12-parsers/tokenizer.rb 0.06s 
V8 378/391 corpus/09-dp/sequence_alignment.rb 0.07s 
V8 379/391 corpus/09-dp/stock_trading.rb 0.05s 
V8 380/391 corpus/09-dp/subset_partition.rb 0.04s 
V8 381/391 corpus/09-dp/viterbi.rb 0.04s 
V8 382/391 corpus/09-dp/word_break.rb 0.05s 
V8 383/391 corpus/13-polymorphism/physical_quantities.rb 0.13s 
V8 384/391 corpus/13-polymorphism/polynomial.rb 0.17s 
V8 385/391 corpus/13-polymorphism/quaternion_rotation.rb 0.15s 
V8 386/391 corpus/13-polymorphism/shapes_area.rb 0.14s 
V8 387/391 corpus/13-polymorphism/sparse_vector.rb 0.13s 
V8 388/391 corpus/03-numtheory/quadratic_residues.rb 0.14s 
V8 389/391 corpus/03-numtheory/repeating_decimals.rb 0.13s 
V8 390/391 corpus/03-numtheory/rsa_toy.rb 0.13s 
V8 391/391 corpus/03-numtheory/sieve_primes.rb 0.13s 
V9 1/391 corpus/17-encodings/caesar_cracker.rb 0.04s 
V9 2/391 corpus/17-encodings/check_digits.rb 0.04s 
V9 3/391 corpus/17-encodings/frame_parser.rb 0.06s 
V9 4/391 corpus/17-encodings/hamming_secded.rb 0.05s 
V9 5/391 corpus/19-statemachines/smtp_session.rb 0.03s 
V9 6/391 corpus/03-numtheory/base_conversion.rb 0.06s 
V9 7/391 corpus/03-numtheory/calendar_congruences.rb 0.07s 
V9 8/391 corpus/03-numtheory/check_digits.rb 0.06s 
V9 9/391 corpus/03-numtheory/collatz_stats.rb 0.04s 
V9 10/391 corpus/03-numtheory/continued_fractions.rb 0.06s 
V9 11/391 corpus/05-sorting/library_catalog.rb 0.04s 
V9 12/391 corpus/05-sorting/log_time_bisect.rb 0.05s 
V9 13/391 corpus/05-sorting/meeting_intervals.rb 0.04s 
V9 14/391 corpus/05-sorting/natural_runs_sort.rb 0.07s 
V9 15/391 corpus/10-grids/minesweeper.rb 0.04s 
[FATAL] failed to allocate memory
V9 16/391 corpus/10-grids/n_queens.rb 76.34s #<Process::Status: pid 395702 exit 1>
V9 17/391 corpus/10-grids/nonogram.rb 0.04s 
V9 18/391 corpus/10-grids/othello.rb 0.04s 
V9 19/391 corpus/10-grids/sliding_puzzle.rb 0.04s 
V9 20/391 corpus/02-analytics/access_log_urls.rb 0.05s 
V9 21/391 corpus/02-analytics/anagram_groups.rb 0.04s 
V9 22/391 corpus/02-analytics/autocomplete.rb 0.03s 
V9 23/391 corpus/02-analytics/cooccurrence_pmi.rb 0.04s 
V9 24/391 corpus/09-dp/coin_change.rb 0.04s 
V9 25/391 corpus/09-dp/company_party.rb 0.04s 
V9 26/391 corpus/09-dp/decode_ways.rb 0.04s 
V9 27/391 corpus/20-business/appointment_scheduler.rb 0.04s 
V9 28/391 corpus/20-business/bank_ledger.rb 0.05s 
V9 29/391 corpus/20-business/customer_loyalty.rb 0.03s 
V9 30/391 corpus/20-business/event_registration.rb 0.03s 
V9 31/391 corpus/18-collections/word_pipeline.rb 0.04s 
V9 32/391 corpus/18-collections/word_rack.rb 0.04s 
V9 33/391 corpus/19-statemachines/expr_lexer.rb 0.04s 
V9 34/391 corpus/19-statemachines/http_parser.rb 0.04s 
V9 35/391 corpus/15-data/customer_dedupe.rb 0.04s 
V9 36/391 corpus/15-data/employee_dept_join.rb 0.05s 
V9 37/391 corpus/15-data/etl_star_schema.rb 0.06s 
V9 38/391 corpus/15-data/expense_pivot.rb 0.04s 
V9 39/391 corpus/06-linked/bank_teller_sim.rb 0.03s 
V9 40/391 corpus/06-linked/browser_history.rb 0.03s 
V9 41/391 corpus/06-linked/chained_hash_table.rb 0.03s 
V9 42/391 corpus/06-linked/circular_playlist.rb 0.04s 
V9 43/391 corpus/01-text/ascii_table.rb 0.05s 
V9 44/391 corpus/01-text/bwt_rle.rb 0.04s 
V9 45/391 corpus/01-text/case_convert.rb 0.04s 
V9 46/391 corpus/10-grids/flood_fill.rb 0.03s 
V9 47/391 corpus/10-grids/game_2048.rb 0.04s 
V9 48/391 corpus/10-grids/game_of_life.rb 0.03s 
V9 49/391 corpus/10-grids/hex_game.rb 0.04s 
V9 50/391 corpus/10-grids/knights_tour.rb 0.03s 
V9 51/391 corpus/05-sorting/sorted_matrix_search.rb 0.04s 
V9 52/391 corpus/05-sorting/trail_peak_search.rb 0.04s 
V9 53/391 corpus/05-sorting/version_resolver.rb 0.04s 
V9 54/391 corpus/09-dp/line_breaking.rb 0.04s 
V9 55/391 corpus/09-dp/longest_increasing.rb 0.03s 
V9 56/391 corpus/09-dp/matrix_chain.rb 0.04s 
V9 57/391 corpus/09-dp/optimal_bst.rb 0.05s 
V9 58/391 corpus/09-dp/palindromes.rb 0.04s 
V9 59/391 corpus/01-text/ini_config.rb 0.04s 
V9 60/391 corpus/01-text/json_pretty.rb 0.05s 
V9 61/391 corpus/01-text/justify_text.rb 0.03s 
V9 62/391 corpus/01-text/line_diff.rb 0.04s 
V9 63/391 corpus/01-text/markdown_html.rb 0.03s 
V9 64/391 corpus/19-statemachines/markdown_blocks.rb 0.03s 
V9 65/391 corpus/19-statemachines/morse_decoder.rb 0.03s 
V9 66/391 corpus/19-statemachines/order_workflow.rb 0.04s 
V9 67/391 corpus/19-statemachines/regex_nfa.rb 0.04s 
V9 68/391 corpus/18-collections/cart_discounts.rb 0.04s 
V9 69/391 corpus/18-collections/contact_dedupe.rb 0.04s 
V9 70/391 corpus/08-graphs/land_islands.rb 0.03s 
V9 71/391 corpus/08-graphs/make_rebuild.rb 0.03s 
V9 72/391 corpus/08-graphs/maze_bfs.rb 0.03s 
V9 73/391 corpus/08-graphs/metro_transfers.rb 0.03s 
V9 74/391 corpus/08-graphs/org_chart_lca.rb 0.04s 
V9 75/391 corpus/13-polymorphism/calendar_dates.rb 0.13s 
V9 76/391 corpus/13-polymorphism/color_palette.rb 0.13s 
V9 77/391 corpus/13-polymorphism/doc_render.rb 0.11s 
V9 78/391 corpus/08-graphs/pipeline_flow.rb 0.03s 
V9 79/391 corpus/08-graphs/word_ladder.rb 0.03s 
V9 80/391 corpus/05-sorting/hashtag_trends.rb 0.03s 
V9 81/391 corpus/05-sorting/heap_scheduler.rb 0.11s 
V9 82/391 corpus/05-sorting/kway_log_merge.rb 0.12s 
V9 83/391 corpus/18-collections/friend_graph.rb 0.12s 
V9 84/391 corpus/18-collections/grade_book.rb 0.12s 
V9 85/391 corpus/18-collections/ip_ranges.rb 0.12s 
V9 86/391 corpus/18-collections/latency_buckets.rb 0.11s 
V9 87/391 corpus/04-numeric/polynomial.rb 0.19s 
V9 88/391 corpus/04-numeric/root_finding.rb 0.13s 
V9 89/391 corpus/04-numeric/special_functions.rb 0.09s 
V9 90/391 corpus/04-numeric/time_series.rb 0.06s 
V9 91/391 corpus/04-numeric/vector_geometry.rb 0.05s 
V9 92/391 corpus/14-errors/bank_transfers.rb 0.04s 
V9 93/391 corpus/14-errors/card_validation.rb 0.04s 
V9 94/391 corpus/14-errors/config_loader.rb 0.05s 
V9 95/391 corpus/14-errors/contracts.rb 0.04s 
V9 96/391 corpus/07-trees/merkle_sync.rb 0.06s 
V9 97/391 corpus/07-trees/org_chart.rb 0.06s 
V9 98/391 corpus/07-trees/quadtree.rb 0.04s 
V9 99/391 corpus/07-trees/rope_editor.rb 0.09s 
V9 100/391 corpus/11-simulation/ecosystem_patches.rb 0.04s 
V9 101/391 corpus/11-simulation/elevator_scan.rb 0.05s 
V9 102/391 corpus/11-simulation/hotel_bookings.rb 0.05s 
V9 103/391 corpus/07-trees/spanning_tree.rb 0.05s 
V9 104/391 corpus/07-trees/taxonomy_lca.rb 0.05s 
V9 105/391 corpus/07-trees/traversals.rb 0.06s 
V9 106/391 corpus/07-trees/tree_codec.rb 0.06s 
V9 107/391 corpus/07-trees/trie_autocomplete.rb 0.05s 
V9 108/391 corpus/12-parsers/lisp_interp.rb 0.08s 
V9 109/391 corpus/12-parsers/markdown.rb 0.05s 
V9 110/391 corpus/12-parsers/pratt_parser.rb 0.1s 
V9 111/391 corpus/12-parsers/query_engine.rb 0.08s 
V9 112/391 corpus/12-parsers/regex_matcher.rb 0.05s 
V9 113/391 corpus/06-linked/lfu_cache_buckets.rb 0.03s 
V9 114/391 corpus/06-linked/list_toolkit.rb 0.04s 
V9 115/391 corpus/06-linked/lru_cache.rb 0.04s 
V9 116/391 corpus/06-linked/markup_tag_checker.rb 0.03s 
V9 117/391 corpus/06-linked/merge_log_streams.rb 0.05s 
[FATAL] failed to allocate memory
V9 118/391 corpus/16-dates/activity_heatmap.rb 80.62s #<Process::Status: pid 396760 exit 1>
V9 119/391 corpus/16-dates/age_calculator.rb 0.06s 
V9 120/391 corpus/16-dates/billing_cycles.rb 0.06s 
V9 121/391 corpus/16-dates/calendar_systems.rb 0.06s 
V9 122/391 corpus/11-simulation/bank_ledger.rb 0.04s 
V9 123/391 corpus/11-simulation/car_rental.rb 0.04s 
V9 124/391 corpus/11-simulation/checkout_lanes.rb 0.04s 
V9 125/391 corpus/02-analytics/language_guess.rb 0.04s 
[FATAL] failed to allocate memory
V9 126/391 corpus/02-analytics/log_summary.rb 80.34s #<Process::Status: pid 397246 exit 1>
V9 127/391 corpus/02-analytics/near_duplicates.rb 0.05s 
V9 128/391 corpus/04-numeric/bezier_curves.rb 0.08s 
V9 129/391 corpus/04-numeric/correlation_matrix.rb 0.06s 
V9 130/391 corpus/04-numeric/curve_fitting.rb 0.05s 
V9 131/391 corpus/14-errors/csv_import.rb 0.04s 
V9 132/391 corpus/20-business/invoice_generator.rb 0.06s 
V9 133/391 corpus/20-business/parking_garage.rb 0.05s 
V9 134/391 corpus/20-business/rental_fleet.rb 0.05s 
V9 135/391 corpus/07-trees/interval_bookings.rb 0.05s 
V9 136/391 corpus/07-trees/ip_route_trie.rb 0.04s 
V9 137/391 corpus/07-trees/kd_tree.rb 0.05s 
V9 138/391 corpus/07-trees/lazy_seat_inventory.rb 0.05s 
V9 139/391 corpus/01-text/template_render.rb 0.04s 
V9 140/391 corpus/01-text/text_box.rb 0.04s 
V9 141/391 corpus/01-text/text_stats.rb 0.05s 
V9 142/391 corpus/01-text/whitespace_tidy.rb 0.05s 
V9 143/391 corpus/01-text/word_wrap.rb 0.04s 
V9 144/391 corpus/15-data/fulfillment_report.rb 0.09s 
V9 145/391 corpus/15-data/fx_conversion.rb 0.05s 
V9 146/391 corpus/15-data/grade_book.rb 0.05s 
V9 147/391 corpus/08-graphs/critical_path.rb 0.04s 
V9 148/391 corpus/08-graphs/currency_paths.rb 0.04s 
V9 149/391 corpus/08-graphs/dot_stats.rb 0.04s 
V9 150/391 corpus/20-business/expense_tracker.rb 0.05s 
V9 151/391 corpus/20-business/gym_membership.rb 0.03s 
V9 152/391 corpus/20-business/inventory_reorder.rb 0.05s 
V9 153/391 corpus/19-statemachines/dfa_minimize.rb 0.04s 
V9 154/391 corpus/19-statemachines/elevator.rb 0.04s 
V9 155/391 corpus/19-statemachines/enemy_ai.rb 0.04s 
V9 156/391 corpus/19-statemachines/event_sourcing.rb 0.05s 
V9 157/391 corpus/10-grids/battleship.rb 0.05s 
V9 158/391 corpus/10-grids/chess_attacks.rb 0.06s 
V9 159/391 corpus/10-grids/connect_four.rb 0.04s 
V9 160/391 corpus/10-grids/crossword.rb 0.04s 
V9 161/391 corpus/10-grids/falling_sand.rb 0.04s 
V9 162/391 corpus/11-simulation/inventory_reorder.rb 0.04s 
V9 163/391 corpus/11-simulation/library_loans.rb 0.04s 
V9 164/391 corpus/11-simulation/life_torus.rb 0.04s 
V9 165/391 corpus/11-simulation/order_book.rb 0.05s 
V9 166/391 corpus/07-trees/dom_tree.rb 0.06s 
V9 167/391 corpus/07-trees/expression_tree.rb 0.12s 
V9 168/391 corpus/07-trees/fenwick_ranks.rb 0.04s 
V9 169/391 corpus/07-trees/filesystem_du.rb 0.05s 
V9 170/391 corpus/07-trees/heap_scheduler.rb 0.04s 
V9 171/391 corpus/18-collections/range_set.rb 0.05s 
V9 172/391 corpus/18-collections/role_permissions.rb 0.05s 
[FATAL] failed to allocate memory
V9 173/391 corpus/18-collections/sales_pivot.rb 112.96s #<Process::Status: pid 397807 exit 1>
V9 174/391 corpus/18-collections/sensor_merge.rb 0.35s 
V9 175/391 corpus/08-graphs/exam_slots.rb 0.25s 
V9 176/391 corpus/08-graphs/floyd_transit.rb 0.58s 
V9 177/391 corpus/08-graphs/friend_groups.rb 0.46s 
V9 178/391 corpus/08-graphs/kruskal_network.rb 0.25s 
V9 179/391 corpus/12-parsers/csv_parser.rb 0.57s 
V9 180/391 corpus/12-parsers/forth.rb 0.57s 
V9 181/391 corpus/12-parsers/indent_lexer.rb 0.4s 
V9 182/391 corpus/12-parsers/ini_parser.rb 0.5s 
V9 183/391 corpus/12-parsers/json_parser.rb 0.61s 
V9 184/391 corpus/11-simulation/teller_queue_des.rb 0.56s 
V9 185/391 corpus/11-simulation/thermostat_house.rb 211.23s #<Process::Status: pid 406344 SIGKILL (signal 9)>
V9 186/391 corpus/11-simulation/vending_machine.rb 0.1s 
V9 187/391 corpus/11-simulation/water_tanks.rb 0.11s 
V9 188/391 corpus/13-polymorphism/stack_vm.rb 0.08s 
V9 189/391 corpus/13-polymorphism/task_heap.rb 0.07s 
V9 190/391 corpus/13-polymorphism/temperature_units.rb 0.1s 
V9 191/391 corpus/13-polymorphism/vector_polygon.rb 0.08s 
V9 192/391 corpus/13-polymorphism/version_constraints.rb 0.06s 
V9 193/391 corpus/16-dates/room_booking.rb 0.06s 
V9 194/391 corpus/16-dates/shift_rota.rb 0.05s 
V9 195/391 corpus/16-dates/time_zones.rb 0.08s 
V9 196/391 corpus/16-dates/timesheet.rb 0.06s 
V9 197/391 corpus/16-dates/timetable.rb 0.05s 
V9 198/391 corpus/15-data/invoice_totals.rb 166.77s #<Process::Status: pid 414144 SIGKILL (signal 9)>
V9 199/391 corpus/15-data/league_standings.rb 0.35s 
V9 200/391 corpus/15-data/metric_anomalies.rb 0.53s 
V9 201/391 corpus/15-data/quality_rules.rb 0.34s 
V9 202/391 corpus/15-data/sales_by_region.rb 0.42s 
V9 203/391 corpus/14-errors/result_pipeline.rb 0.32s 
V9 204/391 corpus/14-errors/retry_backoff.rb 0.3s 
V9 205/391 corpus/14-errors/unit_quantities.rb 0.39s 
V9 206/391 corpus/14-errors/warehouse_reservation.rb 0.39s 
V9 207/391 corpus/10-grids/sokoban.rb 0.42s 
V9 208/391 corpus/10-grids/sudoku_solver.rb 0.27s 
V9 209/391 corpus/10-grids/terrain_dijkstra.rb 0.31s 
V9 210/391 corpus/10-grids/tic_tac_toe.rb 0.17s 
V9 211/391 corpus/10-grids/word_search.rb 0.15s 
V9 212/391 corpus/16-dates/easter.rb 0.46s 
V9 213/391 corpus/16-dates/fiscal_quarters.rb 220.67s #<Process::Status: pid 446917 SIGKILL (signal 9)>
V9 214/391 corpus/16-dates/iso_week.rb 0.4s 
V9 215/391 corpus/16-dates/meeting_scheduler.rb 0.22s 
V9 216/391 corpus/04-numeric/monte_carlo.rb 0.48s 
V9 217/391 corpus/04-numeric/numeric_integration.rb 0.54s 
V9 218/391 corpus/04-numeric/numerical_derivatives.rb 0.54s 
V9 219/391 corpus/04-numeric/ode_solver.rb 0.48s 
V9 220/391 corpus/04-numeric/optimization.rb 0.47s 
V9 221/391 corpus/16-dates/moon_phases.rb 0.57s 
V9 222/391 corpus/16-dates/parking_fees.rb 0.41s 
V9 223/391 corpus/16-dates/recurring_events.rb 0.38s 
V9 224/391 corpus/12-parsers/rpn_calc.rb 0.39s 
V9 225/391 corpus/12-parsers/shunting_yard.rb 0.42s 
V9 226/391 corpus/12-parsers/stack_vm.rb 0.29s 
V9 227/391 corpus/12-parsers/symbolic_diff.rb 0.64s 
V9 228/391 corpus/12-parsers/template_engine.rb 0.45s 
V9 229/391 corpus/10-grids/lights_out.rb 0.24s 
V9 230/391 corpus/10-grids/magic_square.rb 0.34s 
V9 231/391 corpus/10-grids/matrix_spiral.rb 0.3s 
V9 232/391 corpus/10-grids/maze_bfs.rb 0.29s 
V9 233/391 corpus/16-dates/cron_schedule.rb 0.56s 
V9 234/391 corpus/16-dates/date_arith.rb 0.4s 
V9 235/391 corpus/16-dates/day_of_week.rb 0.32s 
V9 236/391 corpus/16-dates/durations.rb 0.36s 
V9 237/391 corpus/19-statemachines/bank_queue_sim.rb 0.28s 
V9 238/391 corpus/19-statemachines/button_debounce.rb 0.21s 
V9 239/391 corpus/19-statemachines/circuit_breaker.rb 0.27s 
V9 240/391 corpus/06-linked/cycle_detection.rb 0.27s 
V9 241/391 corpus/06-linked/deque_sliding_window.rb 0.26s 
V9 242/391 corpus/06-linked/digit_list_bignum.rb 0.28s 
V9 243/391 corpus/06-linked/free_list_pool.rb 0.32s 
V9 244/391 corpus/06-linked/josephus_circle.rb 0.41s 
V9 245/391 corpus/03-numtheory/miller_rabin.rb 0.24s 
V9 246/391 corpus/03-numtheory/modular_crt.rb 0.21s 
V9 247/391 corpus/03-numtheory/perfect_amicable.rb 0.31s 
V9 248/391 corpus/03-numtheory/pollard_rho.rb 0.37s 
V9 249/391 corpus/03-numtheory/primitive_roots.rb 0.29s 
V9 250/391 corpus/02-analytics/email_domains.rb 230.59s #<Process::Status: pid 457497 SIGKILL (signal 9)>
V9 251/391 corpus/02-analytics/hashtag_trends.rb 215.88s #<Process::Status: pid 467534 SIGKILL (signal 9)>
V9 252/391 corpus/02-analytics/inverted_index.rb 0.05s 
V9 253/391 corpus/02-analytics/kwic_concordance.rb 0.05s 
V9 254/391 corpus/04-numeric/interval_arithmetic.rb 0.08s 
V9 255/391 corpus/04-numeric/linear_regression.rb 0.05s 
V9 256/391 corpus/04-numeric/lu_decomposition.rb 0.06s 
V9 257/391 corpus/04-numeric/matrix_ops.rb 0.07s 
V9 258/391 corpus/09-dp/digit_counting.rb 0.06s 
V9 259/391 corpus/09-dp/edit_distance.rb 0.06s 
V9 260/391 corpus/09-dp/grid_paths.rb 0.05s 
V9 261/391 corpus/17-encodings/playfair.rb 0.05s 
V9 262/391 corpus/17-encodings/protobuf_wire.rb 0.07s 
V9 263/391 corpus/01-text/csv_report.rb 0.06s 
V9 264/391 corpus/01-text/date_format.rb 0.06s 
V9 265/391 corpus/01-text/human_format.rb 0.06s 
V9 266/391 corpus/01-text/inflector.rb 0.04s 
V9 267/391 corpus/17-encodings/hex_dump.rb 0.05s 
V9 268/391 corpus/17-encodings/huffman.rb 0.05s 
V9 269/391 corpus/17-encodings/morse.rb 0.05s 
V9 270/391 corpus/17-encodings/murmur_ring.rb 0.06s 
[FATAL] failed to allocate memory
V9 271/391 corpus/02-analytics/ngram_counts.rb 95.75s #<Process::Status: pid 476209 exit 1>
V9 272/391 corpus/02-analytics/rake_keywords.rb 0.18s 
V9 273/391 corpus/02-analytics/readability.rb 0.18s 
V9 274/391 corpus/02-analytics/rhyme_scheme.rb 0.14s 
V9 275/391 corpus/07-trees/avl_tree.rb 0.21s 
V9 276/391 corpus/07-trees/bill_of_materials.rb 0.13s 
V9 277/391 corpus/07-trees/bst_basic.rb 0.15s 
V9 278/391 corpus/07-trees/decision_tree.rb 0.15s 
V9 279/391 corpus/01-text/markdown_table.rb 0.16s 
V9 280/391 corpus/01-text/number_words.rb 0.14s 
V9 281/391 corpus/01-text/spell_suggest.rb 0.14s 
V9 282/391 corpus/02-analytics/soundex_index.rb 0.17s 
V9 283/391 corpus/02-analytics/spell_suggest.rb 0.2s 
V9 284/391 corpus/02-analytics/vocabulary_growth.rb 0.14s 
V9 285/391 corpus/03-numtheory/digit_curiosities.rb 0.16s 
V9 286/391 corpus/03-numtheory/egyptian_fractions.rb 0.23s 
V9 287/391 corpus/03-numtheory/factor_functions.rb 0.2s 
V9 288/391 corpus/03-numtheory/farey_stern_brocot.rb 0.2s 
V9 289/391 corpus/03-numtheory/fibonacci_numbers.rb 0.2s 
V9 290/391 corpus/09-dp/held_karp.rb 0.12s 
V9 291/391 corpus/09-dp/house_robber.rb 0.12s 
V9 292/391 corpus/09-dp/interval_scheduling.rb 0.12s 
V9 293/391 corpus/09-dp/lcs_diff.rb 0.13s 
V9 294/391 corpus/04-numeric/eigenvalues.rb 0.35s 
V9 295/391 corpus/04-numeric/float_accuracy.rb 0.23s 
V9 296/391 corpus/04-numeric/fourier_spectrum.rb 0.29s 
V9 297/391 corpus/04-numeric/gaussian_elimination.rb 0.35s 
V9 298/391 corpus/04-numeric/histogram_fit.rb 0.23s 
V9 299/391 corpus/18-collections/library_loans.rb 0.28s 
V9 300/391 corpus/18-collections/lottery.rb 0.21s 
V9 301/391 corpus/18-collections/paginate.rb 0.23s 
V9 302/391 corpus/18-collections/prime_sets.rb 0.22s 
V9 303/391 corpus/15-data/size_histogram.rb 0.21s 
V9 304/391 corpus/15-data/survey_crosstab.rb 0.26s 
V9 305/391 corpus/15-data/table_renderer.rb 0.21s 
V9 306/391 corpus/14-errors/order_lifecycle.rb 0.18s 
V9 307/391 corpus/14-errors/param_coercion.rb 0.21s 
V9 308/391 corpus/14-errors/registration_form.rb 0.22s 
V9 309/391 corpus/06-linked/sparse_matrix_rows.rb 0.25s 
V9 310/391 corpus/06-linked/sparse_polynomial.rb 0.2s 
V9 311/391 corpus/06-linked/triage_priority_list.rb 0.18s 
V9 312/391 corpus/06-linked/two_stack_print_queue.rb 0.14s 
V9 313/391 corpus/06-linked/undo_redo_editor.rb 0.14s 
V9 314/391 corpus/15-data/access_log_report.rb 153.54s #<Process::Status: pid 480440 SIGKILL (signal 9)>
V9 315/391 corpus/15-data/bank_reconcile.rb 0.26s 
V9 316/391 corpus/15-data/clickstream_sessions.rb 0.27s 
V9 317/391 corpus/15-data/cohort_retention.rb 0.5s 
V9 318/391 corpus/11-simulation/packet_network.rb 0.41s 
V9 319/391 corpus/11-simulation/ring_road_traffic.rb 0.33s 
V9 320/391 corpus/11-simulation/runway_ops.rb 0.41s 
V9 321/391 corpus/11-simulation/sandpile.rb 0.32s 
V9 322/391 corpus/05-sorting/quicksort_median3.rb 0.64s 
V9 323/391 corpus/05-sorting/radix_order_ids.rb 0.28s 
V9 324/391 corpus/05-sorting/sensor_quickselect.rb 0.41s 
V9 325/391 corpus/05-sorting/shell_sort_gaps.rb 0.22s 
V9 326/391 corpus/20-business/ticket_helpdesk.rb 0.35s 
V9 327/391 corpus/20-business/timesheet.rb 0.49s 
V9 328/391 corpus/20-business/todo_list.rb 179.48s #<Process::Status: pid 527639 SIGKILL (signal 9)>
[FATAL] failed to allocate memory
V9 329/391 corpus/20-business/vendor_quotes.rb 117.81s #<Process::Status: pid 533187 exit 1>
V9 330/391 corpus/20-business/warehouse_picking.rb 0.06s 
V9 331/391 corpus/05-sorting/autocomplete_msd.rb 0.06s 
V9 332/391 corpus/05-sorting/bisect_on_answer.rb 0.06s 
V9 333/391 corpus/05-sorting/bucket_sort_ratings.rb 0.06s 
V9 334/391 corpus/05-sorting/external_sort_sim.rb 0.07s 
V9 335/391 corpus/05-sorting/gift_two_pointers.rb 0.06s 
V9 336/391 corpus/06-linked/ring_buffer_metrics.rb 0.05s 
V9 337/391 corpus/06-linked/rpn_stack_calculator.rb 0.06s 
V9 338/391 corpus/06-linked/singly_linked_list.rb 0.05s 
V9 339/391 corpus/06-linked/skip_list_index.rb 0.05s 
V9 340/391 corpus/13-polymorphism/matrix_ops.rb 0.09s 
V9 341/391 corpus/13-polymorphism/modint_combinatorics.rb 0.07s 
V9 342/391 corpus/13-polymorphism/money_ledger.rb 0.06s 
V9 343/391 corpus/13-polymorphism/notify_channels.rb 0.05s 
V9 344/391 corpus/13-polymorphism/payroll.rb 0.05s 
V9 345/391 corpus/17-encodings/transposition.rb 0.05s 
V9 346/391 corpus/17-encodings/vigenere.rb 0.05s 
V9 347/391 corpus/12-parsers/assembler.rb 0.07s 
V9 348/391 corpus/12-parsers/brainfuck.rb 0.04s 
V9 349/391 corpus/12-parsers/calc_rd.rb 0.06s 
V9 350/391 corpus/12-parsers/cmdline_parser.rb 0.08s 
V9 351/391 corpus/20-business/restaurant_orders.rb 0.07s 
V9 352/391 corpus/20-business/room_reservations.rb 0.09s 
V9 353/391 corpus/20-business/sales_report.rb 0.07s 
V9 354/391 corpus/20-business/shopping_cart.rb 0.08s 
V9 355/391 corpus/20-business/subscription_billing.rb 0.07s 
V9 356/391 corpus/08-graphs/astar_terrain.rb 0.05s 
V9 357/391 corpus/08-graphs/bellman_ford.rb 0.07s 
V9 358/391 corpus/08-graphs/centrality.rb 0.06s 
V9 359/391 corpus/08-graphs/course_schedule.rb 0.05s 
V9 360/391 corpus/08-graphs/critical_links.rb 0.06s 
V9 361/391 corpus/17-encodings/ascii85.rb 0.07s 
V9 362/391 corpus/17-encodings/base32_ids.rb 0.06s 
V9 363/391 corpus/17-encodings/base64_codec.rb 0.07s 
V9 364/391 corpus/17-encodings/bloom_filter.rb 0.06s 
V9 365/391 corpus/14-errors/job_queue.rb 0.06s 
V9 366/391 corpus/14-errors/ledger_reconcile.rb 0.06s 
V9 367/391 corpus/14-errors/log_triage.rb 0.05s 
V9 368/391 corpus/14-errors/matrix_checks.rb 0.07s 
V9 369/391 corpus/13-polymorphism/duration_timesheet.rb 0.08s 
V9 370/391 corpus/13-polymorphism/fraction_math.rb 0.09s 
V9 371/391 corpus/13-polymorphism/interval_arith.rb 0.1s 
V9 372/391 corpus/13-polymorphism/life_grid.rb 0.06s 
V9 373/391 corpus/03-numtheory/happy_cycles.rb 0.05s 
V9 374/391 corpus/03-numtheory/integer_partitions.rb 0.07s 
V9 375/391 corpus/03-numtheory/linear_diophantine.rb 0.07s 
V9 376/391 corpus/12-parsers/tiny_basic.rb 0.07s 
V9 377/391 corpus/12-parsers/tokenizer.rb 0.08s 
V9 378/391 corpus/09-dp/sequence_alignment.rb 0.07s 
V9 379/391 corpus/09-dp/stock_trading.rb 0.06s 
V9 380/391 corpus/09-dp/subset_partition.rb 0.06s 
V9 381/391 corpus/09-dp/viterbi.rb 0.06s 
V9 382/391 corpus/09-dp/word_break.rb 0.06s 
V9 383/391 corpus/13-polymorphism/physical_quantities.rb 0.08s 
V9 384/391 corpus/13-polymorphism/polynomial.rb 0.12s 
V9 385/391 corpus/13-polymorphism/quaternion_rotation.rb 0.1s 
V9 386/391 corpus/13-polymorphism/shapes_area.rb 0.08s 
V9 387/391 corpus/13-polymorphism/sparse_vector.rb 0.07s 
V9 388/391 corpus/03-numtheory/quadratic_residues.rb 0.08s 
V9 389/391 corpus/03-numtheory/repeating_decimals.rb 0.07s 
V9 390/391 corpus/03-numtheory/rsa_toy.rb 0.08s 
V9 391/391 corpus/03-numtheory/sieve_primes.rb 0.06s 
V10 1/391 corpus/17-encodings/caesar_cracker.rb 0.05s 
V10 2/391 corpus/17-encodings/check_digits.rb 0.05s 
V10 3/391 corpus/17-encodings/frame_parser.rb 0.08s 
V10 4/391 corpus/17-encodings/hamming_secded.rb 0.07s 
V10 5/391 corpus/19-statemachines/smtp_session.rb 0.04s 
V10 6/391 corpus/03-numtheory/base_conversion.rb 0.07s 
V10 7/391 corpus/03-numtheory/calendar_congruences.rb 0.08s 
V10 8/391 corpus/03-numtheory/check_digits.rb 0.07s 
V10 9/391 corpus/03-numtheory/collatz_stats.rb 0.05s 
V10 10/391 corpus/03-numtheory/continued_fractions.rb 0.07s 
V10 11/391 corpus/05-sorting/library_catalog.rb 0.06s 
V10 12/391 corpus/05-sorting/log_time_bisect.rb 0.07s 
V10 13/391 corpus/05-sorting/meeting_intervals.rb 0.06s 
V10 14/391 corpus/05-sorting/natural_runs_sort.rb 0.1s 
V10 15/391 corpus/10-grids/minesweeper.rb 0.05s 
V10 17/391 corpus/10-grids/nonogram.rb 0.05s 
V10 18/391 corpus/10-grids/othello.rb 0.06s 
V10 19/391 corpus/10-grids/sliding_puzzle.rb 0.06s 
V10 20/391 corpus/02-analytics/access_log_urls.rb 0.07s 
V10 21/391 corpus/02-analytics/anagram_groups.rb 0.06s 
V10 22/391 corpus/02-analytics/autocomplete.rb 0.05s 
V10 23/391 corpus/02-analytics/cooccurrence_pmi.rb 0.06s 
V10 24/391 corpus/09-dp/coin_change.rb 0.07s 
V10 25/391 corpus/09-dp/company_party.rb 0.06s 
V10 26/391 corpus/09-dp/decode_ways.rb 0.06s 
V10 27/391 corpus/20-business/appointment_scheduler.rb 0.06s 
V10 28/391 corpus/20-business/bank_ledger.rb 0.08s 
V10 29/391 corpus/20-business/customer_loyalty.rb 0.05s 
V10 30/391 corpus/20-business/event_registration.rb 0.05s 
V10 31/391 corpus/18-collections/word_pipeline.rb 0.06s 
V10 32/391 corpus/18-collections/word_rack.rb 0.06s 
V10 33/391 corpus/19-statemachines/expr_lexer.rb 0.06s 
V10 34/391 corpus/19-statemachines/http_parser.rb 0.05s 
V10 35/391 corpus/15-data/customer_dedupe.rb 0.06s 
V10 36/391 corpus/15-data/employee_dept_join.rb 0.07s 
V10 37/391 corpus/15-data/etl_star_schema.rb 0.1s 
V10 38/391 corpus/15-data/expense_pivot.rb 0.07s 
V10 39/391 corpus/06-linked/bank_teller_sim.rb 0.05s 
V10 40/391 corpus/06-linked/browser_history.rb 0.05s 
V10 41/391 corpus/06-linked/chained_hash_table.rb 0.05s 
V10 42/391 corpus/06-linked/circular_playlist.rb 0.06s 
V10 43/391 corpus/01-text/ascii_table.rb 0.07s 
V10 44/391 corpus/01-text/bwt_rle.rb 0.06s 
V10 45/391 corpus/01-text/case_convert.rb 0.06s 
V10 46/391 corpus/10-grids/flood_fill.rb 0.05s 
V10 47/391 corpus/10-grids/game_2048.rb 0.06s 
V10 48/391 corpus/10-grids/game_of_life.rb 0.05s 
V10 49/391 corpus/10-grids/hex_game.rb 0.06s 
V10 50/391 corpus/10-grids/knights_tour.rb 0.05s 
V10 51/391 corpus/05-sorting/sorted_matrix_search.rb 0.05s 
V10 52/391 corpus/05-sorting/trail_peak_search.rb 0.07s 
V10 53/391 corpus/05-sorting/version_resolver.rb 0.06s 
V10 54/391 corpus/09-dp/line_breaking.rb 0.06s 
V10 55/391 corpus/09-dp/longest_increasing.rb 0.05s 
V10 56/391 corpus/09-dp/matrix_chain.rb 0.06s 
V10 57/391 corpus/09-dp/optimal_bst.rb 0.08s 
V10 58/391 corpus/09-dp/palindromes.rb 0.07s 
V10 59/391 corpus/01-text/ini_config.rb 0.07s 
V10 60/391 corpus/01-text/json_pretty.rb 0.08s 
V10 61/391 corpus/01-text/justify_text.rb 0.05s 
V10 62/391 corpus/01-text/line_diff.rb 0.06s 
V10 63/391 corpus/01-text/markdown_html.rb 0.05s 
V10 64/391 corpus/19-statemachines/markdown_blocks.rb 0.04s 
V10 65/391 corpus/19-statemachines/morse_decoder.rb 0.04s 
V10 66/391 corpus/19-statemachines/order_workflow.rb 0.06s 
V10 67/391 corpus/19-statemachines/regex_nfa.rb 0.06s 
V10 68/391 corpus/18-collections/cart_discounts.rb 0.07s 
V10 69/391 corpus/18-collections/contact_dedupe.rb 0.06s 
V10 70/391 corpus/08-graphs/land_islands.rb 0.05s 
V10 71/391 corpus/08-graphs/make_rebuild.rb 0.05s 
V10 72/391 corpus/08-graphs/maze_bfs.rb 0.04s 
V10 73/391 corpus/08-graphs/metro_transfers.rb 0.05s 
V10 74/391 corpus/08-graphs/org_chart_lca.rb 0.05s 
V10 75/391 corpus/13-polymorphism/calendar_dates.rb 0.19s 
V10 76/391 corpus/13-polymorphism/color_palette.rb 0.16s 
V10 77/391 corpus/13-polymorphism/doc_render.rb 0.16s 
V10 78/391 corpus/08-graphs/pipeline_flow.rb 0.05s 
V10 79/391 corpus/08-graphs/word_ladder.rb 0.05s 
V10 80/391 corpus/05-sorting/hashtag_trends.rb 0.05s 
V10 81/391 corpus/05-sorting/heap_scheduler.rb 0.15s 
V10 82/391 corpus/05-sorting/kway_log_merge.rb 0.16s 
V10 83/391 corpus/18-collections/friend_graph.rb 0.16s 
V10 84/391 corpus/18-collections/grade_book.rb 0.17s 
V10 85/391 corpus/18-collections/ip_ranges.rb 0.16s 
V10 86/391 corpus/18-collections/latency_buckets.rb 0.16s 
V10 87/391 corpus/04-numeric/polynomial.rb 0.27s 
V10 88/391 corpus/04-numeric/root_finding.rb 0.18s 
V10 89/391 corpus/04-numeric/special_functions.rb 0.14s 
V10 90/391 corpus/04-numeric/time_series.rb 0.1s 
V10 91/391 corpus/04-numeric/vector_geometry.rb 0.08s 
V10 92/391 corpus/14-errors/bank_transfers.rb 0.06s 
V10 93/391 corpus/14-errors/card_validation.rb 0.07s 
V10 94/391 corpus/14-errors/config_loader.rb 0.07s 
V10 95/391 corpus/14-errors/contracts.rb 0.05s 
V10 96/391 corpus/07-trees/merkle_sync.rb 0.1s 
V10 97/391 corpus/07-trees/org_chart.rb 0.08s 
V10 98/391 corpus/07-trees/quadtree.rb 0.06s 
V10 99/391 corpus/07-trees/rope_editor.rb 0.13s 
V10 100/391 corpus/11-simulation/ecosystem_patches.rb 0.06s 
V10 101/391 corpus/11-simulation/elevator_scan.rb 0.07s 
V10 102/391 corpus/11-simulation/hotel_bookings.rb 0.07s 
V10 103/391 corpus/07-trees/spanning_tree.rb 0.07s 
V10 104/391 corpus/07-trees/taxonomy_lca.rb 0.08s 
V10 105/391 corpus/07-trees/traversals.rb 0.09s 
V10 106/391 corpus/07-trees/tree_codec.rb 0.09s 
V10 107/391 corpus/07-trees/trie_autocomplete.rb 0.07s 
V10 108/391 corpus/12-parsers/lisp_interp.rb 0.1s 
V10 109/391 corpus/12-parsers/markdown.rb 0.07s 
V10 110/391 corpus/12-parsers/pratt_parser.rb 0.14s 
V10 111/391 corpus/12-parsers/query_engine.rb 0.11s 
V10 112/391 corpus/12-parsers/regex_matcher.rb 0.09s 
V10 113/391 corpus/06-linked/lfu_cache_buckets.rb 0.05s 
V10 114/391 corpus/06-linked/list_toolkit.rb 0.06s 
V10 115/391 corpus/06-linked/lru_cache.rb 0.06s 
V10 116/391 corpus/06-linked/markup_tag_checker.rb 0.05s 
V10 117/391 corpus/06-linked/merge_log_streams.rb 0.07s 
V10 119/391 corpus/16-dates/age_calculator.rb 0.09s 
V10 120/391 corpus/16-dates/billing_cycles.rb 0.1s 
V10 121/391 corpus/16-dates/calendar_systems.rb 0.09s 
V10 122/391 corpus/11-simulation/bank_ledger.rb 0.07s 
V10 123/391 corpus/11-simulation/car_rental.rb 0.06s 
V10 124/391 corpus/11-simulation/checkout_lanes.rb 0.07s 
V10 125/391 corpus/02-analytics/language_guess.rb 0.07s 
V10 127/391 corpus/02-analytics/near_duplicates.rb 0.07s 
V10 128/391 corpus/04-numeric/bezier_curves.rb 0.1s 
V10 129/391 corpus/04-numeric/correlation_matrix.rb 0.09s 
V10 130/391 corpus/04-numeric/curve_fitting.rb 0.09s 
V10 131/391 corpus/14-errors/csv_import.rb 0.06s 
V10 132/391 corpus/20-business/invoice_generator.rb 0.09s 
V10 133/391 corpus/20-business/parking_garage.rb 0.07s 
V10 134/391 corpus/20-business/rental_fleet.rb 0.07s 
V10 135/391 corpus/07-trees/interval_bookings.rb 0.07s 
V10 136/391 corpus/07-trees/ip_route_trie.rb 0.07s 
V10 137/391 corpus/07-trees/kd_tree.rb 0.08s 
V10 138/391 corpus/07-trees/lazy_seat_inventory.rb 0.08s 
V10 139/391 corpus/01-text/template_render.rb 0.07s 
V10 140/391 corpus/01-text/text_box.rb 0.06s 
V10 141/391 corpus/01-text/text_stats.rb 0.07s 
V10 142/391 corpus/01-text/whitespace_tidy.rb 0.08s 
V10 143/391 corpus/01-text/word_wrap.rb 0.07s 
V10 144/391 corpus/15-data/fulfillment_report.rb 0.13s 
V10 145/391 corpus/15-data/fx_conversion.rb 0.07s 
V10 146/391 corpus/15-data/grade_book.rb 0.07s 
V10 147/391 corpus/08-graphs/critical_path.rb 0.06s 
V10 148/391 corpus/08-graphs/currency_paths.rb 0.07s 
V10 149/391 corpus/08-graphs/dot_stats.rb 0.06s 
V10 150/391 corpus/20-business/expense_tracker.rb 0.08s 
V10 151/391 corpus/20-business/gym_membership.rb 0.05s 
V10 152/391 corpus/20-business/inventory_reorder.rb 0.08s 
V10 153/391 corpus/19-statemachines/dfa_minimize.rb 0.06s 
V10 154/391 corpus/19-statemachines/elevator.rb 0.05s 
V10 155/391 corpus/19-statemachines/enemy_ai.rb 0.05s 
V10 156/391 corpus/19-statemachines/event_sourcing.rb 0.07s 
V10 157/391 corpus/10-grids/battleship.rb 0.07s 
V10 158/391 corpus/10-grids/chess_attacks.rb 0.08s 
V10 159/391 corpus/10-grids/connect_four.rb 0.06s 
V10 160/391 corpus/10-grids/crossword.rb 0.07s 
V10 161/391 corpus/10-grids/falling_sand.rb 0.06s 
V10 162/391 corpus/11-simulation/inventory_reorder.rb 0.06s 
V10 163/391 corpus/11-simulation/library_loans.rb 0.07s 
V10 164/391 corpus/11-simulation/life_torus.rb 0.06s 
V10 165/391 corpus/11-simulation/order_book.rb 0.08s 
V10 166/391 corpus/07-trees/dom_tree.rb 0.09s 
V10 167/391 corpus/07-trees/expression_tree.rb 0.17s 
V10 168/391 corpus/07-trees/fenwick_ranks.rb 0.06s 
V10 169/391 corpus/07-trees/filesystem_du.rb 0.07s 
V10 170/391 corpus/07-trees/heap_scheduler.rb 0.05s 
V10 171/391 corpus/18-collections/range_set.rb 0.07s 
V10 172/391 corpus/18-collections/role_permissions.rb 0.08s 
V10 174/391 corpus/18-collections/sensor_merge.rb 0.06s 
V10 175/391 corpus/08-graphs/exam_slots.rb 0.06s 
V10 176/391 corpus/08-graphs/floyd_transit.rb 0.07s 
V10 177/391 corpus/08-graphs/friend_groups.rb 0.06s 
V10 178/391 corpus/08-graphs/kruskal_network.rb 0.05s 
V10 179/391 corpus/12-parsers/csv_parser.rb 0.06s 
V10 180/391 corpus/12-parsers/forth.rb 0.06s 
V10 181/391 corpus/12-parsers/indent_lexer.rb 0.06s 
V10 182/391 corpus/12-parsers/ini_parser.rb 0.14s 
V10 183/391 corpus/12-parsers/json_parser.rb 0.16s 
V10 184/391 corpus/11-simulation/teller_queue_des.rb 0.12s 
V10 186/391 corpus/11-simulation/vending_machine.rb 0.14s 
V10 187/391 corpus/11-simulation/water_tanks.rb 0.13s 
V10 188/391 corpus/13-polymorphism/stack_vm.rb 0.14s 
V10 189/391 corpus/13-polymorphism/task_heap.rb 0.13s 
V10 190/391 corpus/13-polymorphism/temperature_units.rb 0.16s 
V10 191/391 corpus/13-polymorphism/vector_polygon.rb 0.11s 
V10 192/391 corpus/13-polymorphism/version_constraints.rb 0.09s 
V10 193/391 corpus/16-dates/room_booking.rb 0.08s 
V10 194/391 corpus/16-dates/shift_rota.rb 0.07s 
V10 195/391 corpus/16-dates/time_zones.rb 0.09s 
V10 196/391 corpus/16-dates/timesheet.rb 0.08s 
V10 197/391 corpus/16-dates/timetable.rb 0.07s 
V10 199/391 corpus/15-data/league_standings.rb 0.06s 
V10 200/391 corpus/15-data/metric_anomalies.rb 0.09s 
V10 201/391 corpus/15-data/quality_rules.rb 0.06s 
V10 202/391 corpus/15-data/sales_by_region.rb 0.07s 
V10 203/391 corpus/14-errors/result_pipeline.rb 0.06s 
V10 204/391 corpus/14-errors/retry_backoff.rb 0.06s 
V10 205/391 corpus/14-errors/unit_quantities.rb 0.07s 
V10 206/391 corpus/14-errors/warehouse_reservation.rb 0.06s 
V10 207/391 corpus/10-grids/sokoban.rb 0.06s 
V10 208/391 corpus/10-grids/sudoku_solver.rb 0.06s 
V10 209/391 corpus/10-grids/terrain_dijkstra.rb 0.05s 
V10 210/391 corpus/10-grids/tic_tac_toe.rb 0.06s 
V10 211/391 corpus/10-grids/word_search.rb 0.05s 
V10 212/391 corpus/16-dates/easter.rb 0.1s 
V10 214/391 corpus/16-dates/iso_week.rb 0.09s 
V10 215/391 corpus/16-dates/meeting_scheduler.rb 0.07s 
V10 216/391 corpus/04-numeric/monte_carlo.rb 0.08s 
V10 217/391 corpus/04-numeric/numeric_integration.rb 0.09s 
V10 218/391 corpus/04-numeric/numerical_derivatives.rb 0.1s 
V10 219/391 corpus/04-numeric/ode_solver.rb 0.1s 
V10 220/391 corpus/04-numeric/optimization.rb 0.08s 
V10 221/391 corpus/16-dates/moon_phases.rb 0.1s 
V10 222/391 corpus/16-dates/parking_fees.rb 0.08s 
V10 223/391 corpus/16-dates/recurring_events.rb 0.07s 
V10 224/391 corpus/12-parsers/rpn_calc.rb 0.06s 
V10 225/391 corpus/12-parsers/shunting_yard.rb 0.08s 
V10 226/391 corpus/12-parsers/stack_vm.rb 0.07s 
V10 227/391 corpus/12-parsers/symbolic_diff.rb 0.12s 
V10 228/391 corpus/12-parsers/template_engine.rb 0.09s 
V10 229/391 corpus/10-grids/lights_out.rb 0.05s 
V10 230/391 corpus/10-grids/magic_square.rb 0.06s 
V10 231/391 corpus/10-grids/matrix_spiral.rb 0.06s 
V10 232/391 corpus/10-grids/maze_bfs.rb 0.05s 
V10 233/391 corpus/16-dates/cron_schedule.rb 0.1s 
V10 234/391 corpus/16-dates/date_arith.rb 0.07s 
V10 235/391 corpus/16-dates/day_of_week.rb 0.07s 
V10 236/391 corpus/16-dates/durations.rb 0.07s 
V10 237/391 corpus/19-statemachines/bank_queue_sim.rb 0.06s 
V10 238/391 corpus/19-statemachines/button_debounce.rb 0.04s 
V10 239/391 corpus/19-statemachines/circuit_breaker.rb 0.05s 
V10 240/391 corpus/06-linked/cycle_detection.rb 0.06s 
V10 241/391 corpus/06-linked/deque_sliding_window.rb 0.05s 
V10 242/391 corpus/06-linked/digit_list_bignum.rb 0.06s 
V10 243/391 corpus/06-linked/free_list_pool.rb 0.06s 
V10 244/391 corpus/06-linked/josephus_circle.rb 0.06s 
V10 245/391 corpus/03-numtheory/miller_rabin.rb 0.07s 
V10 246/391 corpus/03-numtheory/modular_crt.rb 0.07s 
V10 247/391 corpus/03-numtheory/perfect_amicable.rb 0.06s 
V10 248/391 corpus/03-numtheory/pollard_rho.rb 0.08s 
V10 249/391 corpus/03-numtheory/primitive_roots.rb 0.09s 
V10 252/391 corpus/02-analytics/inverted_index.rb 0.07s 
V10 253/391 corpus/02-analytics/kwic_concordance.rb 0.07s 
V10 254/391 corpus/04-numeric/interval_arithmetic.rb 0.11s 
V10 255/391 corpus/04-numeric/linear_regression.rb 0.07s 
V10 256/391 corpus/04-numeric/lu_decomposition.rb 0.09s 
V10 257/391 corpus/04-numeric/matrix_ops.rb 0.1s 
V10 258/391 corpus/09-dp/digit_counting.rb 0.08s 
V10 259/391 corpus/09-dp/edit_distance.rb 0.07s 
V10 260/391 corpus/09-dp/grid_paths.rb 0.07s 
V10 261/391 corpus/17-encodings/playfair.rb 0.07s 
V10 262/391 corpus/17-encodings/protobuf_wire.rb 0.1s 
V10 263/391 corpus/01-text/csv_report.rb 0.07s 
V10 264/391 corpus/01-text/date_format.rb 0.08s 
V10 265/391 corpus/01-text/human_format.rb 0.08s 
V10 266/391 corpus/01-text/inflector.rb 0.05s 
V10 267/391 corpus/17-encodings/hex_dump.rb 0.06s 
V10 268/391 corpus/17-encodings/huffman.rb 0.07s 
V10 269/391 corpus/17-encodings/morse.rb 0.07s 
V10 270/391 corpus/17-encodings/murmur_ring.rb 0.07s 
V10 272/391 corpus/02-analytics/rake_keywords.rb 0.09s 
V10 273/391 corpus/02-analytics/readability.rb 0.06s 
V10 274/391 corpus/02-analytics/rhyme_scheme.rb 0.05s 
V10 275/391 corpus/07-trees/avl_tree.rb 0.09s 
V10 276/391 corpus/07-trees/bill_of_materials.rb 0.07s 
V10 277/391 corpus/07-trees/bst_basic.rb 0.07s 
V10 278/391 corpus/07-trees/decision_tree.rb 0.09s 
V10 279/391 corpus/01-text/markdown_table.rb 0.08s 
V10 280/391 corpus/01-text/number_words.rb 0.07s 
V10 281/391 corpus/01-text/spell_suggest.rb 0.07s 
V10 282/391 corpus/02-analytics/soundex_index.rb 0.06s 
V10 283/391 corpus/02-analytics/spell_suggest.rb 0.06s 
V10 284/391 corpus/02-analytics/vocabulary_growth.rb 0.07s 
V10 285/391 corpus/03-numtheory/digit_curiosities.rb 0.08s 
V10 286/391 corpus/03-numtheory/egyptian_fractions.rb 0.1s 
V10 287/391 corpus/03-numtheory/factor_functions.rb 0.08s 
V10 288/391 corpus/03-numtheory/farey_stern_brocot.rb 0.09s 
V10 289/391 corpus/03-numtheory/fibonacci_numbers.rb 0.1s 
V10 290/391 corpus/09-dp/held_karp.rb 0.07s 
V10 291/391 corpus/09-dp/house_robber.rb 0.06s 
V10 292/391 corpus/09-dp/interval_scheduling.rb 0.06s 
V10 293/391 corpus/09-dp/lcs_diff.rb 0.07s 
V10 294/391 corpus/04-numeric/eigenvalues.rb 0.15s 
V10 295/391 corpus/04-numeric/float_accuracy.rb 0.09s 
V10 296/391 corpus/04-numeric/fourier_spectrum.rb 0.1s 
V10 297/391 corpus/04-numeric/gaussian_elimination.rb 0.14s 
V10 298/391 corpus/04-numeric/histogram_fit.rb 0.08s 
V10 299/391 corpus/18-collections/library_loans.rb 0.09s 
V10 300/391 corpus/18-collections/lottery.rb 0.07s 
V10 301/391 corpus/18-collections/paginate.rb 0.07s 
V10 302/391 corpus/18-collections/prime_sets.rb 0.07s 
V10 303/391 corpus/15-data/size_histogram.rb 0.05s 
V10 304/391 corpus/15-data/survey_crosstab.rb 0.11s 
V10 305/391 corpus/15-data/table_renderer.rb 0.1s 
V10 306/391 corpus/14-errors/order_lifecycle.rb 0.04s 
V10 307/391 corpus/14-errors/param_coercion.rb 0.05s 
V10 308/391 corpus/14-errors/registration_form.rb 0.05s 
V10 309/391 corpus/06-linked/sparse_matrix_rows.rb 0.1s 
V10 310/391 corpus/06-linked/sparse_polynomial.rb 0.09s 
V10 311/391 corpus/06-linked/triage_priority_list.rb 0.07s 
V10 312/391 corpus/06-linked/two_stack_print_queue.rb 0.09s 
V10 313/391 corpus/06-linked/undo_redo_editor.rb 0.09s 
V10 315/391 corpus/15-data/bank_reconcile.rb 0.12s 
V10 316/391 corpus/15-data/clickstream_sessions.rb 0.11s 
V10 317/391 corpus/15-data/cohort_retention.rb 0.1s 
V10 318/391 corpus/11-simulation/packet_network.rb 0.09s 
V10 319/391 corpus/11-simulation/ring_road_traffic.rb 0.09s 
V10 320/391 corpus/11-simulation/runway_ops.rb 0.08s 
V10 321/391 corpus/11-simulation/sandpile.rb 0.07s 
V10 322/391 corpus/05-sorting/quicksort_median3.rb 0.1s 
V10 323/391 corpus/05-sorting/radix_order_ids.rb 0.07s 
V10 324/391 corpus/05-sorting/sensor_quickselect.rb 0.1s 
V10 325/391 corpus/05-sorting/shell_sort_gaps.rb 0.06s 
V10 326/391 corpus/20-business/ticket_helpdesk.rb 0.06s 
V10 327/391 corpus/20-business/timesheet.rb 0.07s 
V10 330/391 corpus/20-business/warehouse_picking.rb 0.05s 
V10 331/391 corpus/05-sorting/autocomplete_msd.rb 0.06s 
V10 332/391 corpus/05-sorting/bisect_on_answer.rb 0.06s 
V10 333/391 corpus/05-sorting/bucket_sort_ratings.rb 0.05s 
V10 334/391 corpus/05-sorting/external_sort_sim.rb 0.07s 
V10 335/391 corpus/05-sorting/gift_two_pointers.rb 0.06s 
V10 336/391 corpus/06-linked/ring_buffer_metrics.rb 0.05s 
V10 337/391 corpus/06-linked/rpn_stack_calculator.rb 0.06s 
V10 338/391 corpus/06-linked/singly_linked_list.rb 0.05s 
V10 339/391 corpus/06-linked/skip_list_index.rb 0.06s 
V10 340/391 corpus/13-polymorphism/matrix_ops.rb 0.1s 
V10 341/391 corpus/13-polymorphism/modint_combinatorics.rb 0.08s 
V10 342/391 corpus/13-polymorphism/money_ledger.rb 0.07s 
V10 343/391 corpus/13-polymorphism/notify_channels.rb 0.06s 
V10 344/391 corpus/13-polymorphism/payroll.rb 0.06s 
V10 345/391 corpus/17-encodings/transposition.rb 0.06s 
V10 346/391 corpus/17-encodings/vigenere.rb 0.07s 
V10 347/391 corpus/12-parsers/assembler.rb 0.07s 
V10 348/391 corpus/12-parsers/brainfuck.rb 0.05s 
V10 349/391 corpus/12-parsers/calc_rd.rb 0.07s 
V10 350/391 corpus/12-parsers/cmdline_parser.rb 0.08s 
V10 351/391 corpus/20-business/restaurant_orders.rb 0.06s 
V10 352/391 corpus/20-business/room_reservations.rb 0.07s 
V10 353/391 corpus/20-business/sales_report.rb 0.06s 
V10 354/391 corpus/20-business/shopping_cart.rb 0.07s 
V10 355/391 corpus/20-business/subscription_billing.rb 0.06s 
V10 356/391 corpus/08-graphs/astar_terrain.rb 0.04s 
V10 357/391 corpus/08-graphs/bellman_ford.rb 0.05s 
V10 358/391 corpus/08-graphs/centrality.rb 0.06s 
V10 359/391 corpus/08-graphs/course_schedule.rb 0.05s 
V10 360/391 corpus/08-graphs/critical_links.rb 0.06s 
V10 361/391 corpus/17-encodings/ascii85.rb 0.06s 
V10 362/391 corpus/17-encodings/base32_ids.rb 0.05s 
V10 363/391 corpus/17-encodings/base64_codec.rb 0.06s 
V10 364/391 corpus/17-encodings/bloom_filter.rb 0.05s 
V10 365/391 corpus/14-errors/job_queue.rb 0.05s 
V10 366/391 corpus/14-errors/ledger_reconcile.rb 0.05s 
V10 367/391 corpus/14-errors/log_triage.rb 0.05s 
V10 368/391 corpus/14-errors/matrix_checks.rb 0.06s 
V10 369/391 corpus/13-polymorphism/duration_timesheet.rb 0.07s 
V10 370/391 corpus/13-polymorphism/fraction_math.rb 0.08s 
V10 371/391 corpus/13-polymorphism/interval_arith.rb 0.09s 
V10 372/391 corpus/13-polymorphism/life_grid.rb 0.05s 
V10 373/391 corpus/03-numtheory/happy_cycles.rb 0.05s 
V10 374/391 corpus/03-numtheory/integer_partitions.rb 0.06s 
V10 375/391 corpus/03-numtheory/linear_diophantine.rb 0.06s 
V10 376/391 corpus/12-parsers/tiny_basic.rb 0.06s 
V10 377/391 corpus/12-parsers/tokenizer.rb 0.07s 
V10 378/391 corpus/09-dp/sequence_alignment.rb 0.06s 
V10 379/391 corpus/09-dp/stock_trading.rb 0.06s 
V10 380/391 corpus/09-dp/subset_partition.rb 0.05s 
V10 381/391 corpus/09-dp/viterbi.rb 0.05s 
V10 382/391 corpus/09-dp/word_break.rb 0.05s 
V10 383/391 corpus/13-polymorphism/physical_quantities.rb 0.07s 
V10 384/391 corpus/13-polymorphism/polynomial.rb 0.11s 
V10 385/391 corpus/13-polymorphism/quaternion_rotation.rb 0.09s 
V10 386/391 corpus/13-polymorphism/shapes_area.rb 0.07s 
V10 387/391 corpus/13-polymorphism/sparse_vector.rb 0.07s 
V10 388/391 corpus/03-numtheory/quadratic_residues.rb 0.08s 
V10 389/391 corpus/03-numtheory/repeating_decimals.rb 0.07s 
V10 390/391 corpus/03-numtheory/rsa_toy.rb 0.08s 
V10 391/391 corpus/03-numtheory/sieve_primes.rb 0.06s 
V11 1/391 corpus/17-encodings/caesar_cracker.rb 0.05s 
V11 2/391 corpus/17-encodings/check_digits.rb 0.05s 
V11 3/391 corpus/17-encodings/frame_parser.rb 0.07s 
V11 4/391 corpus/17-encodings/hamming_secded.rb 0.06s 
V11 5/391 corpus/19-statemachines/smtp_session.rb 0.04s 
V11 6/391 corpus/03-numtheory/base_conversion.rb 0.06s 
V11 7/391 corpus/03-numtheory/calendar_congruences.rb 0.11s 
V11 8/391 corpus/03-numtheory/check_digits.rb 0.07s 
V11 9/391 corpus/03-numtheory/collatz_stats.rb 0.04s 
V11 10/391 corpus/03-numtheory/continued_fractions.rb 0.07s 
V11 11/391 corpus/05-sorting/library_catalog.rb 0.04s 
V11 12/391 corpus/05-sorting/log_time_bisect.rb 0.06s 
V11 13/391 corpus/05-sorting/meeting_intervals.rb 0.05s 
V11 14/391 corpus/05-sorting/natural_runs_sort.rb 0.09s 
V11 15/391 corpus/10-grids/minesweeper.rb 0.04s 
V11 17/391 corpus/10-grids/nonogram.rb 0.05s 
V11 18/391 corpus/10-grids/othello.rb 0.05s 
V11 19/391 corpus/10-grids/sliding_puzzle.rb 0.05s 
V11 20/391 corpus/02-analytics/access_log_urls.rb 0.05s 
V11 21/391 corpus/02-analytics/anagram_groups.rb 0.05s 
V11 22/391 corpus/02-analytics/autocomplete.rb 0.04s 
V11 23/391 corpus/02-analytics/cooccurrence_pmi.rb 0.05s 
V11 24/391 corpus/09-dp/coin_change.rb 0.06s 
V11 25/391 corpus/09-dp/company_party.rb 0.05s 
V11 26/391 corpus/09-dp/decode_ways.rb 0.06s 
V11 27/391 corpus/20-business/appointment_scheduler.rb 0.06s 
V11 28/391 corpus/20-business/bank_ledger.rb 0.07s 
V11 29/391 corpus/20-business/customer_loyalty.rb 0.04s 
V11 30/391 corpus/20-business/event_registration.rb 0.04s 
V11 31/391 corpus/18-collections/word_pipeline.rb 0.05s 
V11 32/391 corpus/18-collections/word_rack.rb 0.05s 
V11 33/391 corpus/19-statemachines/expr_lexer.rb 0.04s 
V11 34/391 corpus/19-statemachines/http_parser.rb 0.04s 
V11 35/391 corpus/15-data/customer_dedupe.rb 0.05s 
V11 36/391 corpus/15-data/employee_dept_join.rb 0.06s 
V11 37/391 corpus/15-data/etl_star_schema.rb 0.08s 
V11 38/391 corpus/15-data/expense_pivot.rb 0.05s 
V11 39/391 corpus/06-linked/bank_teller_sim.rb 0.04s 
V11 40/391 corpus/06-linked/browser_history.rb 0.04s 
V11 41/391 corpus/06-linked/chained_hash_table.rb 0.06s 
V11 42/391 corpus/06-linked/circular_playlist.rb 0.05s 
V11 43/391 corpus/01-text/ascii_table.rb 0.06s 
V11 44/391 corpus/01-text/bwt_rle.rb 0.04s 
V11 45/391 corpus/01-text/case_convert.rb 0.05s 
V11 46/391 corpus/10-grids/flood_fill.rb 0.04s 
V11 47/391 corpus/10-grids/game_2048.rb 0.05s 
V11 48/391 corpus/10-grids/game_of_life.rb 0.04s 
V11 49/391 corpus/10-grids/hex_game.rb 0.05s 
V11 50/391 corpus/10-grids/knights_tour.rb 0.04s 
V11 51/391 corpus/05-sorting/sorted_matrix_search.rb 0.05s 
V11 52/391 corpus/05-sorting/trail_peak_search.rb 0.05s 
V11 53/391 corpus/05-sorting/version_resolver.rb 0.05s 
V11 54/391 corpus/09-dp/line_breaking.rb 0.04s 
V11 55/391 corpus/09-dp/longest_increasing.rb 0.05s 
V11 56/391 corpus/09-dp/matrix_chain.rb 0.05s 
V11 57/391 corpus/09-dp/optimal_bst.rb 0.07s 
V11 58/391 corpus/09-dp/palindromes.rb 0.06s 
V11 59/391 corpus/01-text/ini_config.rb 0.05s 
V11 60/391 corpus/01-text/json_pretty.rb 0.07s 
V11 61/391 corpus/01-text/justify_text.rb 0.05s 
V11 62/391 corpus/01-text/line_diff.rb 0.05s 
V11 63/391 corpus/01-text/markdown_html.rb 0.04s 
V11 64/391 corpus/19-statemachines/markdown_blocks.rb 0.04s 
V11 65/391 corpus/19-statemachines/morse_decoder.rb 0.04s 
V11 66/391 corpus/19-statemachines/order_workflow.rb 0.05s 
V11 67/391 corpus/19-statemachines/regex_nfa.rb 0.05s 
V11 68/391 corpus/18-collections/cart_discounts.rb 0.06s 
V11 69/391 corpus/18-collections/contact_dedupe.rb 0.04s 
V11 70/391 corpus/08-graphs/land_islands.rb 0.04s 
V11 71/391 corpus/08-graphs/make_rebuild.rb 0.04s 
V11 72/391 corpus/08-graphs/maze_bfs.rb 0.04s 
V11 73/391 corpus/08-graphs/metro_transfers.rb 0.04s 
V11 74/391 corpus/08-graphs/org_chart_lca.rb 0.12s 
V11 75/391 corpus/13-polymorphism/calendar_dates.rb 0.19s 
V11 76/391 corpus/13-polymorphism/color_palette.rb 0.14s 
V11 77/391 corpus/13-polymorphism/doc_render.rb 0.12s 
V11 78/391 corpus/08-graphs/pipeline_flow.rb 0.11s 
V11 79/391 corpus/08-graphs/word_ladder.rb 0.1s 
V11 80/391 corpus/05-sorting/hashtag_trends.rb 0.1s 
V11 81/391 corpus/05-sorting/heap_scheduler.rb 0.11s 
V11 82/391 corpus/05-sorting/kway_log_merge.rb 0.12s 
V11 83/391 corpus/18-collections/friend_graph.rb 0.11s 
V11 84/391 corpus/18-collections/grade_book.rb 0.13s 
V11 85/391 corpus/18-collections/ip_ranges.rb 0.12s 
V11 86/391 corpus/18-collections/latency_buckets.rb 0.12s 
V11 87/391 corpus/04-numeric/polynomial.rb 0.33s 
V11 88/391 corpus/04-numeric/root_finding.rb 0.07s 
V11 89/391 corpus/04-numeric/special_functions.rb 0.09s 
V11 90/391 corpus/04-numeric/time_series.rb 0.07s 
V11 91/391 corpus/04-numeric/vector_geometry.rb 0.06s 
V11 92/391 corpus/14-errors/bank_transfers.rb 0.04s 
V11 93/391 corpus/14-errors/card_validation.rb 0.05s 
V11 94/391 corpus/14-errors/config_loader.rb 0.05s 
V11 95/391 corpus/14-errors/contracts.rb 0.04s 
V11 96/391 corpus/07-trees/merkle_sync.rb 0.07s 
V11 97/391 corpus/07-trees/org_chart.rb 0.07s 
V11 98/391 corpus/07-trees/quadtree.rb 0.05s 
V11 99/391 corpus/07-trees/rope_editor.rb 0.09s 
V11 100/391 corpus/11-simulation/ecosystem_patches.rb 0.05s 
V11 101/391 corpus/11-simulation/elevator_scan.rb 0.06s 
V11 102/391 corpus/11-simulation/hotel_bookings.rb 0.06s 
V11 103/391 corpus/07-trees/spanning_tree.rb 120.02s #<Process::Status: pid 548731 SIGKILL (signal 9)>
V11 104/391 corpus/07-trees/taxonomy_lca.rb 0.07s 
V11 105/391 corpus/07-trees/traversals.rb 0.08s 
V11 106/391 corpus/07-trees/tree_codec.rb 0.08s 
V11 107/391 corpus/07-trees/trie_autocomplete.rb 0.07s 
V11 108/391 corpus/12-parsers/lisp_interp.rb 0.11s 
V11 109/391 corpus/12-parsers/markdown.rb 0.07s 
V11 110/391 corpus/12-parsers/pratt_parser.rb 0.14s 
V11 111/391 corpus/12-parsers/query_engine.rb 0.11s 
V11 112/391 corpus/12-parsers/regex_matcher.rb 0.09s 
V11 113/391 corpus/06-linked/lfu_cache_buckets.rb 0.05s 
V11 114/391 corpus/06-linked/list_toolkit.rb 0.07s 
V11 115/391 corpus/06-linked/lru_cache.rb 0.05s 
V11 116/391 corpus/06-linked/markup_tag_checker.rb 0.05s 
V11 117/391 corpus/06-linked/merge_log_streams.rb 0.08s 
V11 119/391 corpus/16-dates/age_calculator.rb 0.09s 
V11 120/391 corpus/16-dates/billing_cycles.rb 0.11s 
V11 121/391 corpus/16-dates/calendar_systems.rb 0.17s 
V11 122/391 corpus/11-simulation/bank_ledger.rb 0.08s 
V11 123/391 corpus/11-simulation/car_rental.rb 0.06s 
V11 124/391 corpus/11-simulation/checkout_lanes.rb 0.07s 
V11 125/391 corpus/02-analytics/language_guess.rb 0.06s 
V11 127/391 corpus/02-analytics/near_duplicates.rb 0.07s 
V11 128/391 corpus/04-numeric/bezier_curves.rb 0.11s 
V11 129/391 corpus/04-numeric/correlation_matrix.rb 0.09s 
V11 130/391 corpus/04-numeric/curve_fitting.rb 0.09s 
V11 131/391 corpus/14-errors/csv_import.rb 0.06s 
V11 132/391 corpus/20-business/invoice_generator.rb 0.09s 
V11 133/391 corpus/20-business/parking_garage.rb 0.07s 
V11 134/391 corpus/20-business/rental_fleet.rb 0.07s 
V11 135/391 corpus/07-trees/interval_bookings.rb 0.07s 
V11 136/391 corpus/07-trees/ip_route_trie.rb 0.08s 
V11 137/391 corpus/07-trees/kd_tree.rb 0.09s 
V11 138/391 corpus/07-trees/lazy_seat_inventory.rb 0.1s 
V11 139/391 corpus/01-text/template_render.rb 0.06s 
V11 140/391 corpus/01-text/text_box.rb 0.06s 
V11 141/391 corpus/01-text/text_stats.rb 0.07s 
V11 142/391 corpus/01-text/whitespace_tidy.rb 0.07s 
V11 143/391 corpus/01-text/word_wrap.rb 0.05s 
V11 144/391 corpus/15-data/fulfillment_report.rb 0.13s 
V11 145/391 corpus/15-data/fx_conversion.rb 0.08s 
V11 146/391 corpus/15-data/grade_book.rb 0.08s 
V11 147/391 corpus/08-graphs/critical_path.rb 0.07s 
V11 148/391 corpus/08-graphs/currency_paths.rb 0.07s 
V11 149/391 corpus/08-graphs/dot_stats.rb 0.06s 
V11 150/391 corpus/20-business/expense_tracker.rb 0.08s 
V11 151/391 corpus/20-business/gym_membership.rb 0.05s 
V11 152/391 corpus/20-business/inventory_reorder.rb 0.08s 
V11 153/391 corpus/19-statemachines/dfa_minimize.rb 0.06s 
V11 154/391 corpus/19-statemachines/elevator.rb 0.05s 
V11 155/391 corpus/19-statemachines/enemy_ai.rb 0.06s 
V11 156/391 corpus/19-statemachines/event_sourcing.rb 0.07s 
V11 157/391 corpus/10-grids/battleship.rb 0.07s 
V11 158/391 corpus/10-grids/chess_attacks.rb 0.08s 
V11 159/391 corpus/10-grids/connect_four.rb 0.06s 
V11 160/391 corpus/10-grids/crossword.rb 0.06s 
V11 161/391 corpus/10-grids/falling_sand.rb 0.06s 
V11 162/391 corpus/11-simulation/inventory_reorder.rb 0.07s 
V11 163/391 corpus/11-simulation/library_loans.rb 0.07s 
V11 164/391 corpus/11-simulation/life_torus.rb 0.06s 
V11 165/391 corpus/11-simulation/order_book.rb 0.08s 
V11 166/391 corpus/07-trees/dom_tree.rb 0.14s 
V11 167/391 corpus/07-trees/expression_tree.rb 0.17s 
V11 168/391 corpus/07-trees/fenwick_ranks.rb 0.07s 
V11 169/391 corpus/07-trees/filesystem_du.rb 0.08s 
V11 170/391 corpus/07-trees/heap_scheduler.rb 120.37s #<Process::Status: pid 576779 SIGKILL (signal 9)>
V11 171/391 corpus/18-collections/range_set.rb 0.07s 
V11 172/391 corpus/18-collections/role_permissions.rb 0.13s 
V11 174/391 corpus/18-collections/sensor_merge.rb 0.07s 
V11 175/391 corpus/08-graphs/exam_slots.rb 0.1s 
V11 176/391 corpus/08-graphs/floyd_transit.rb 0.14s 
V11 177/391 corpus/08-graphs/friend_groups.rb 0.11s 
V11 178/391 corpus/08-graphs/kruskal_network.rb 0.09s 
V11 179/391 corpus/12-parsers/csv_parser.rb 0.11s 
V11 180/391 corpus/12-parsers/forth.rb 0.12s 
V11 181/391 corpus/12-parsers/indent_lexer.rb 0.11s 
V11 182/391 corpus/12-parsers/ini_parser.rb 0.13s 
V11 183/391 corpus/12-parsers/json_parser.rb 0.17s 
V11 184/391 corpus/11-simulation/teller_queue_des.rb 0.12s 
V11 186/391 corpus/11-simulation/vending_machine.rb 0.13s 
V11 187/391 corpus/11-simulation/water_tanks.rb 0.09s 
V11 188/391 corpus/13-polymorphism/stack_vm.rb 0.09s 
V11 189/391 corpus/13-polymorphism/task_heap.rb 0.09s 
V11 190/391 corpus/13-polymorphism/temperature_units.rb 0.12s 
V11 191/391 corpus/13-polymorphism/vector_polygon.rb 0.12s 
V11 192/391 corpus/13-polymorphism/version_constraints.rb 0.08s 
V11 193/391 corpus/16-dates/room_booking.rb 0.07s 
V11 194/391 corpus/16-dates/shift_rota.rb 0.07s 
V11 195/391 corpus/16-dates/time_zones.rb 0.19s 
V11 196/391 corpus/16-dates/timesheet.rb 0.09s 
V11 197/391 corpus/16-dates/timetable.rb 0.06s 
V11 199/391 corpus/15-data/league_standings.rb 0.08s 
V11 200/391 corpus/15-data/metric_anomalies.rb 0.1s 
V11 201/391 corpus/15-data/quality_rules.rb 0.07s 
V11 202/391 corpus/15-data/sales_by_region.rb 0.08s 
V11 203/391 corpus/14-errors/result_pipeline.rb 0.07s 
V11 204/391 corpus/14-errors/retry_backoff.rb 0.07s 
V11 205/391 corpus/14-errors/unit_quantities.rb 0.07s 
V11 206/391 corpus/14-errors/warehouse_reservation.rb 0.07s 
V11 207/391 corpus/10-grids/sokoban.rb 0.07s 
V11 208/391 corpus/10-grids/sudoku_solver.rb 0.06s 
V11 209/391 corpus/10-grids/terrain_dijkstra.rb 0.06s 
V11 210/391 corpus/10-grids/tic_tac_toe.rb 0.06s 
V11 211/391 corpus/10-grids/word_search.rb 0.06s 
V11 212/391 corpus/16-dates/easter.rb 0.14s 
V11 214/391 corpus/16-dates/iso_week.rb 0.14s 
V11 215/391 corpus/16-dates/meeting_scheduler.rb 0.07s 
V11 216/391 corpus/04-numeric/monte_carlo.rb 0.07s 
V11 217/391 corpus/04-numeric/numeric_integration.rb 0.09s 
V11 218/391 corpus/04-numeric/numerical_derivatives.rb 0.1s 
V11 219/391 corpus/04-numeric/ode_solver.rb 0.09s 
V11 220/391 corpus/04-numeric/optimization.rb 0.09s 
V11 221/391 corpus/16-dates/moon_phases.rb 0.14s 
V11 222/391 corpus/16-dates/parking_fees.rb 0.08s 
V11 223/391 corpus/16-dates/recurring_events.rb 0.08s 
V11 224/391 corpus/12-parsers/rpn_calc.rb 0.05s 
V11 225/391 corpus/12-parsers/shunting_yard.rb 0.07s 
V11 226/391 corpus/12-parsers/stack_vm.rb 0.08s 
V11 227/391 corpus/12-parsers/symbolic_diff.rb 0.13s 
V11 228/391 corpus/12-parsers/template_engine.rb 0.1s 
V11 229/391 corpus/10-grids/lights_out.rb 0.06s 
V11 230/391 corpus/10-grids/magic_square.rb 0.06s 
V11 231/391 corpus/10-grids/matrix_spiral.rb 0.08s 
V11 232/391 corpus/10-grids/maze_bfs.rb 0.05s 
V11 233/391 corpus/16-dates/cron_schedule.rb 0.13s 
V11 234/391 corpus/16-dates/date_arith.rb 0.1s 
V11 235/391 corpus/16-dates/day_of_week.rb 0.07s 
V11 236/391 corpus/16-dates/durations.rb 0.08s 
V11 237/391 corpus/19-statemachines/bank_queue_sim.rb 0.06s 
V11 238/391 corpus/19-statemachines/button_debounce.rb 0.05s 
V11 239/391 corpus/19-statemachines/circuit_breaker.rb 0.05s 
V11 240/391 corpus/06-linked/cycle_detection.rb 0.06s 
V11 241/391 corpus/06-linked/deque_sliding_window.rb 0.06s 
V11 242/391 corpus/06-linked/digit_list_bignum.rb 0.07s 
V11 243/391 corpus/06-linked/free_list_pool.rb 0.07s 
V11 244/391 corpus/06-linked/josephus_circle.rb 0.07s 
V11 245/391 corpus/03-numtheory/miller_rabin.rb 0.07s 
V11 246/391 corpus/03-numtheory/modular_crt.rb 0.09s 
V11 247/391 corpus/03-numtheory/perfect_amicable.rb 0.06s 
V11 248/391 corpus/03-numtheory/pollard_rho.rb 0.09s 
V11 249/391 corpus/03-numtheory/primitive_roots.rb 0.09s 
V11 252/391 corpus/02-analytics/inverted_index.rb 0.07s 
V11 253/391 corpus/02-analytics/kwic_concordance.rb 0.06s 
V11 254/391 corpus/04-numeric/interval_arithmetic.rb 0.08s 
V11 255/391 corpus/04-numeric/linear_regression.rb 0.07s 
V11 256/391 corpus/04-numeric/lu_decomposition.rb 0.08s 
V11 257/391 corpus/04-numeric/matrix_ops.rb 0.09s 
V11 258/391 corpus/09-dp/digit_counting.rb 0.07s 
V11 259/391 corpus/09-dp/edit_distance.rb 0.07s 
V11 260/391 corpus/09-dp/grid_paths.rb 0.08s 
V11 261/391 corpus/17-encodings/playfair.rb 0.06s 
V11 262/391 corpus/17-encodings/protobuf_wire.rb 0.09s 
V11 263/391 corpus/01-text/csv_report.rb 0.06s 
V11 264/391 corpus/01-text/date_format.rb 0.08s 
V11 265/391 corpus/01-text/human_format.rb 0.08s 
V11 266/391 corpus/01-text/inflector.rb 0.05s 
V11 267/391 corpus/17-encodings/hex_dump.rb 0.06s 
V11 268/391 corpus/17-encodings/huffman.rb 0.07s 
V11 269/391 corpus/17-encodings/morse.rb 0.07s 
V11 270/391 corpus/17-encodings/murmur_ring.rb 120.08s #<Process::Status: pid 608560 SIGKILL (signal 9)>
V11 272/391 corpus/02-analytics/rake_keywords.rb 0.08s 
V11 273/391 corpus/02-analytics/readability.rb 0.06s 
V11 274/391 corpus/02-analytics/rhyme_scheme.rb 0.05s 
V11 275/391 corpus/07-trees/avl_tree.rb 0.08s 
V11 276/391 corpus/07-trees/bill_of_materials.rb 0.06s 
V11 277/391 corpus/07-trees/bst_basic.rb 0.07s 
V11 278/391 corpus/07-trees/decision_tree.rb 0.07s 
V11 279/391 corpus/01-text/markdown_table.rb 0.07s 
V11 280/391 corpus/01-text/number_words.rb 0.06s 
V11 281/391 corpus/01-text/spell_suggest.rb 0.06s 
V11 282/391 corpus/02-analytics/soundex_index.rb 0.05s 
V11 283/391 corpus/02-analytics/spell_suggest.rb 0.06s 
V11 284/391 corpus/02-analytics/vocabulary_growth.rb 0.07s 
V11 285/391 corpus/03-numtheory/digit_curiosities.rb 0.07s 
V11 286/391 corpus/03-numtheory/egyptian_fractions.rb 0.1s 
V11 287/391 corpus/03-numtheory/factor_functions.rb 0.07s 
V11 288/391 corpus/03-numtheory/farey_stern_brocot.rb 0.09s 
V11 289/391 corpus/03-numtheory/fibonacci_numbers.rb 0.1s 
V11 290/391 corpus/09-dp/held_karp.rb 0.07s 
V11 291/391 corpus/09-dp/house_robber.rb 0.06s 
V11 292/391 corpus/09-dp/interval_scheduling.rb 0.06s 
V11 293/391 corpus/09-dp/lcs_diff.rb 0.07s 
V11 294/391 corpus/04-numeric/eigenvalues.rb 0.16s 
V11 295/391 corpus/04-numeric/float_accuracy.rb 0.13s 
V11 296/391 corpus/04-numeric/fourier_spectrum.rb 0.13s 
V11 297/391 corpus/04-numeric/gaussian_elimination.rb 0.16s 
V11 298/391 corpus/04-numeric/histogram_fit.rb 0.14s 
V11 299/391 corpus/18-collections/library_loans.rb 0.14s 
V11 300/391 corpus/18-collections/lottery.rb 0.1s 
V11 301/391 corpus/18-collections/paginate.rb 0.12s 
V11 302/391 corpus/18-collections/prime_sets.rb 0.11s 
V11 303/391 corpus/15-data/size_histogram.rb 0.1s 
[FATAL] failed to allocate memory
V11 304/391 corpus/15-data/survey_crosstab.rb 74.2s #<Process::Status: pid 644343 exit 1>
V11 305/391 corpus/15-data/table_renderer.rb 0.12s 
V11 306/391 corpus/14-errors/order_lifecycle.rb 0.08s 
V11 307/391 corpus/14-errors/param_coercion.rb 0.11s 
V11 308/391 corpus/14-errors/registration_form.rb 0.11s 
V11 309/391 corpus/06-linked/sparse_matrix_rows.rb 0.14s 
V11 310/391 corpus/06-linked/sparse_polynomial.rb 0.12s 
V11 311/391 corpus/06-linked/triage_priority_list.rb 0.12s 
V11 312/391 corpus/06-linked/two_stack_print_queue.rb 0.09s 
V11 313/391 corpus/06-linked/undo_redo_editor.rb 0.07s 
V11 315/391 corpus/15-data/bank_reconcile.rb 0.11s 
V11 316/391 corpus/15-data/clickstream_sessions.rb 0.1s 
V11 317/391 corpus/15-data/cohort_retention.rb 0.09s 
V11 318/391 corpus/11-simulation/packet_network.rb 0.07s 
V11 319/391 corpus/11-simulation/ring_road_traffic.rb 0.07s 
V11 320/391 corpus/11-simulation/runway_ops.rb 0.07s 
V11 321/391 corpus/11-simulation/sandpile.rb 0.07s 
V11 322/391 corpus/05-sorting/quicksort_median3.rb 0.09s 
V11 323/391 corpus/05-sorting/radix_order_ids.rb 0.06s 
V11 324/391 corpus/05-sorting/sensor_quickselect.rb 0.09s 
V11 325/391 corpus/05-sorting/shell_sort_gaps.rb 0.07s 
V11 326/391 corpus/20-business/ticket_helpdesk.rb 0.07s 
V11 327/391 corpus/20-business/timesheet.rb 0.08s 
V11 330/391 corpus/20-business/warehouse_picking.rb 0.06s 
V11 331/391 corpus/05-sorting/autocomplete_msd.rb 0.07s 
V11 332/391 corpus/05-sorting/bisect_on_answer.rb 0.08s 
V11 333/391 corpus/05-sorting/bucket_sort_ratings.rb 0.07s 
V11 334/391 corpus/05-sorting/external_sort_sim.rb 0.09s 
V11 335/391 corpus/05-sorting/gift_two_pointers.rb 0.08s 
V11 336/391 corpus/06-linked/ring_buffer_metrics.rb 0.06s 
V11 337/391 corpus/06-linked/rpn_stack_calculator.rb 0.07s 
V11 338/391 corpus/06-linked/singly_linked_list.rb 0.07s 
V11 339/391 corpus/06-linked/skip_list_index.rb 0.07s 
V11 340/391 corpus/13-polymorphism/matrix_ops.rb 0.12s 
V11 341/391 corpus/13-polymorphism/modint_combinatorics.rb 0.11s 
V11 342/391 corpus/13-polymorphism/money_ledger.rb 0.09s 
V11 343/391 corpus/13-polymorphism/notify_channels.rb 0.07s 
V11 344/391 corpus/13-polymorphism/payroll.rb 0.07s 
V11 345/391 corpus/17-encodings/transposition.rb 0.07s 
V11 346/391 corpus/17-encodings/vigenere.rb 0.07s 
V11 347/391 corpus/12-parsers/assembler.rb 0.12s 
V11 348/391 corpus/12-parsers/brainfuck.rb 0.05s 
V11 349/391 corpus/12-parsers/calc_rd.rb 0.07s 
V11 350/391 corpus/12-parsers/cmdline_parser.rb 0.08s 
V11 351/391 corpus/20-business/restaurant_orders.rb 0.07s 
V11 352/391 corpus/20-business/room_reservations.rb 0.08s 
V11 353/391 corpus/20-business/sales_report.rb 0.06s 
V11 354/391 corpus/20-business/shopping_cart.rb 0.08s 
V11 355/391 corpus/20-business/subscription_billing.rb 0.07s 
V11 356/391 corpus/08-graphs/astar_terrain.rb 0.05s 
V11 357/391 corpus/08-graphs/bellman_ford.rb 0.06s 
V11 358/391 corpus/08-graphs/centrality.rb 0.06s 
V11 359/391 corpus/08-graphs/course_schedule.rb 0.05s 
V11 360/391 corpus/08-graphs/critical_links.rb 0.07s 
V11 361/391 corpus/17-encodings/ascii85.rb 0.06s 
V11 362/391 corpus/17-encodings/base32_ids.rb 0.06s 
V11 363/391 corpus/17-encodings/base64_codec.rb 0.06s 
V11 364/391 corpus/17-encodings/bloom_filter.rb 0.06s 
V11 365/391 corpus/14-errors/job_queue.rb 0.06s 
V11 366/391 corpus/14-errors/ledger_reconcile.rb 0.06s 
V11 367/391 corpus/14-errors/log_triage.rb 0.05s 
V11 368/391 corpus/14-errors/matrix_checks.rb 0.08s 
V11 369/391 corpus/13-polymorphism/duration_timesheet.rb 0.09s 
V11 370/391 corpus/13-polymorphism/fraction_math.rb 0.1s 
V11 371/391 corpus/13-polymorphism/interval_arith.rb 0.1s 
V11 372/391 corpus/13-polymorphism/life_grid.rb 0.05s 
V11 373/391 corpus/03-numtheory/happy_cycles.rb 0.05s 
V11 374/391 corpus/03-numtheory/integer_partitions.rb 0.07s 
V11 375/391 corpus/03-numtheory/linear_diophantine.rb 0.07s 
V11 376/391 corpus/12-parsers/tiny_basic.rb 0.06s 
V11 377/391 corpus/12-parsers/tokenizer.rb 0.07s 
V11 378/391 corpus/09-dp/sequence_alignment.rb 0.07s 
V11 379/391 corpus/09-dp/stock_trading.rb 0.06s 
V11 380/391 corpus/09-dp/subset_partition.rb 0.05s 
V11 381/391 corpus/09-dp/viterbi.rb 0.05s 
V11 382/391 corpus/09-dp/word_break.rb 0.06s 
V11 383/391 corpus/13-polymorphism/physical_quantities.rb 0.08s 
V11 384/391 corpus/13-polymorphism/polynomial.rb 0.14s 
V11 385/391 corpus/13-polymorphism/quaternion_rotation.rb 0.1s 
V11 386/391 corpus/13-polymorphism/shapes_area.rb 0.07s 
V11 387/391 corpus/13-polymorphism/sparse_vector.rb 0.07s 
V11 388/391 corpus/03-numtheory/quadratic_residues.rb 0.09s 
V11 389/391 corpus/03-numtheory/repeating_decimals.rb 0.06s 
V11 390/391 corpus/03-numtheory/rsa_toy.rb 0.08s 
V11 391/391 corpus/03-numtheory/sieve_primes.rb 0.07s 
ALLDONE
