S-interface 1/391 corpus/17-encodings/caesar_cracker.rb 0.1s 
S-interface 2/391 corpus/17-encodings/check_digits.rb 0.11s 
S-interface 3/391 corpus/17-encodings/frame_parser.rb 0.16s 
S-interface 4/391 corpus/17-encodings/hamming_secded.rb 0.13s 
S-interface 5/391 corpus/19-statemachines/smtp_session.rb 0.09s 
S-interface 6/391 corpus/03-numtheory/base_conversion.rb 0.14s 
S-interface 7/391 corpus/03-numtheory/calendar_congruences.rb 0.18s 
S-interface 8/391 corpus/03-numtheory/check_digits.rb 0.15s 
S-interface 9/391 corpus/03-numtheory/collatz_stats.rb 0.1s 
S-interface 10/391 corpus/03-numtheory/continued_fractions.rb 0.18s 
S-interface 11/391 corpus/05-sorting/library_catalog.rb 0.11s 
S-interface 12/391 corpus/05-sorting/log_time_bisect.rb 0.12s 
S-interface 13/391 corpus/05-sorting/meeting_intervals.rb 0.13s 
S-interface 14/391 corpus/05-sorting/natural_runs_sort.rb 0.21s 
S-interface 15/391 corpus/10-grids/minesweeper.rb 0.1s 
S-interface 16/391 corpus/10-grids/n_queens.rb 0.09s 
S-interface 17/391 corpus/10-grids/nonogram.rb 0.11s 
S-interface 18/391 corpus/10-grids/othello.rb 0.11s 
S-interface 19/391 corpus/10-grids/sliding_puzzle.rb 0.11s 
S-interface 20/391 corpus/02-analytics/access_log_urls.rb 0.14s 
S-interface 21/391 corpus/02-analytics/anagram_groups.rb 0.11s 
S-interface 22/391 corpus/02-analytics/autocomplete.rb 0.1s 
S-interface 23/391 corpus/02-analytics/cooccurrence_pmi.rb 0.16s 
S-interface 24/391 corpus/09-dp/coin_change.rb 0.15s 
S-interface 25/391 corpus/09-dp/company_party.rb 0.11s 
S-interface 26/391 corpus/09-dp/decode_ways.rb 0.12s 
S-interface 27/391 corpus/20-business/appointment_scheduler.rb 0.12s 
S-interface 28/391 corpus/20-business/bank_ledger.rb 0.16s 
S-interface 29/391 corpus/20-business/customer_loyalty.rb 0.1s 
S-interface 30/391 corpus/20-business/event_registration.rb 0.1s 
S-interface 31/391 corpus/18-collections/word_pipeline.rb 0.14s 
S-interface 32/391 corpus/18-collections/word_rack.rb 0.13s 
S-interface 33/391 corpus/19-statemachines/expr_lexer.rb 0.12s 
S-interface 34/391 corpus/19-statemachines/http_parser.rb 0.18s 
S-interface 35/391 corpus/15-data/customer_dedupe.rb 0.14s 
S-interface 36/391 corpus/15-data/employee_dept_join.rb 0.15s 
S-interface 37/391 corpus/15-data/etl_star_schema.rb 0.24s 
S-interface 38/391 corpus/15-data/expense_pivot.rb 0.14s 
S-interface 39/391 corpus/06-linked/bank_teller_sim.rb 0.1s 
S-interface 40/391 corpus/06-linked/browser_history.rb 0.1s 
S-interface 41/391 corpus/06-linked/chained_hash_table.rb 0.11s 
S-interface 42/391 corpus/06-linked/circular_playlist.rb 0.12s 
S-interface 43/391 corpus/01-text/ascii_table.rb 0.19s 
S-interface 44/391 corpus/01-text/bwt_rle.rb 0.16s 
S-interface 45/391 corpus/01-text/case_convert.rb 0.13s 
S-interface 46/391 corpus/10-grids/flood_fill.rb 0.1s 
S-interface 47/391 corpus/10-grids/game_2048.rb 0.12s 
S-interface 48/391 corpus/10-grids/game_of_life.rb 0.09s 
S-interface 49/391 corpus/10-grids/hex_game.rb 0.11s 
S-interface 50/391 corpus/10-grids/knights_tour.rb 0.1s 
S-interface 51/391 corpus/05-sorting/sorted_matrix_search.rb 0.12s 
S-interface 52/391 corpus/05-sorting/trail_peak_search.rb 0.15s 
S-interface 53/391 corpus/05-sorting/version_resolver.rb 0.11s 
S-interface 54/391 corpus/09-dp/line_breaking.rb 0.16s 
S-interface 55/391 corpus/09-dp/longest_increasing.rb 0.12s 
S-interface 56/391 corpus/09-dp/matrix_chain.rb 0.13s 
S-interface 57/391 corpus/09-dp/optimal_bst.rb 0.17s 
S-interface 58/391 corpus/09-dp/palindromes.rb 0.15s 
S-interface 59/391 corpus/01-text/ini_config.rb 0.13s 
S-interface 60/391 corpus/01-text/json_pretty.rb 0.16s 
S-interface 61/391 corpus/01-text/justify_text.rb 0.09s 
S-interface 62/391 corpus/01-text/line_diff.rb 0.14s 
S-interface 63/391 corpus/01-text/markdown_html.rb 0.11s 
S-interface 64/391 corpus/19-statemachines/markdown_blocks.rb 0.09s 
S-interface 65/391 corpus/19-statemachines/morse_decoder.rb 0.1s 
S-interface 66/391 corpus/19-statemachines/order_workflow.rb 0.11s 
S-interface 67/391 corpus/19-statemachines/regex_nfa.rb 0.13s 
S-interface 68/391 corpus/18-collections/cart_discounts.rb 0.14s 
S-interface 69/391 corpus/18-collections/contact_dedupe.rb 0.11s 
S-interface 70/391 corpus/08-graphs/land_islands.rb 0.1s 
S-interface 71/391 corpus/08-graphs/make_rebuild.rb 0.13s 
S-interface 72/391 corpus/08-graphs/maze_bfs.rb 0.08s 
S-interface 73/391 corpus/08-graphs/metro_transfers.rb 0.1s 
S-interface 74/391 corpus/08-graphs/org_chart_lca.rb 0.15s 
S-interface 75/391 corpus/13-polymorphism/calendar_dates.rb 0.18s 
S-interface 76/391 corpus/13-polymorphism/color_palette.rb 0.2s 
S-interface 77/391 corpus/13-polymorphism/doc_render.rb 0.13s 
S-interface 78/391 corpus/08-graphs/pipeline_flow.rb 0.1s 
S-interface 79/391 corpus/08-graphs/word_ladder.rb 0.09s 
S-interface 80/391 corpus/05-sorting/hashtag_trends.rb 0.09s 
S-interface 81/391 corpus/05-sorting/heap_scheduler.rb 0.11s 
S-interface 82/391 corpus/05-sorting/kway_log_merge.rb 0.17s 
S-interface 83/391 corpus/18-collections/friend_graph.rb 0.11s 
S-interface 84/391 corpus/18-collections/grade_book.rb 0.19s 
S-interface 85/391 corpus/18-collections/ip_ranges.rb 0.15s 
S-interface 86/391 corpus/18-collections/latency_buckets.rb 0.14s 
S-interface 87/391 corpus/04-numeric/polynomial.rb 0.35s 
S-interface 88/391 corpus/04-numeric/root_finding.rb 0.16s 
S-interface 89/391 corpus/04-numeric/special_functions.rb 0.22s 
S-interface 90/391 corpus/04-numeric/time_series.rb 0.16s 
S-interface 91/391 corpus/04-numeric/vector_geometry.rb 0.14s 
S-interface 92/391 corpus/14-errors/bank_transfers.rb 0.11s 
S-interface 93/391 corpus/14-errors/card_validation.rb 0.08s 
S-interface 94/391 corpus/14-errors/config_loader.rb 0.06s 
S-interface 95/391 corpus/14-errors/contracts.rb 0.04s 
S-interface 96/391 corpus/07-trees/merkle_sync.rb 0.06s 
S-interface 97/391 corpus/07-trees/org_chart.rb 0.06s 
S-interface 98/391 corpus/07-trees/quadtree.rb 0.04s 
S-interface 99/391 corpus/07-trees/rope_editor.rb 0.07s 
S-interface 100/391 corpus/11-simulation/ecosystem_patches.rb 0.04s 
S-interface 101/391 corpus/11-simulation/elevator_scan.rb 0.04s 
S-interface 102/391 corpus/11-simulation/hotel_bookings.rb 0.05s 
S-interface 103/391 corpus/07-trees/spanning_tree.rb 0.04s 
S-interface 104/391 corpus/07-trees/taxonomy_lca.rb 0.05s 
S-interface 105/391 corpus/07-trees/traversals.rb 0.06s 
S-interface 106/391 corpus/07-trees/tree_codec.rb 0.06s 
S-interface 107/391 corpus/07-trees/trie_autocomplete.rb 0.05s 
S-interface 108/391 corpus/12-parsers/lisp_interp.rb 0.07s 
S-interface 109/391 corpus/12-parsers/markdown.rb 0.05s 
S-interface 110/391 corpus/12-parsers/pratt_parser.rb 0.1s 
S-interface 111/391 corpus/12-parsers/query_engine.rb 0.07s 
S-interface 112/391 corpus/12-parsers/regex_matcher.rb 0.06s 
S-interface 113/391 corpus/06-linked/lfu_cache_buckets.rb 0.04s 
S-interface 114/391 corpus/06-linked/list_toolkit.rb 0.04s 
S-interface 115/391 corpus/06-linked/lru_cache.rb 0.04s 
S-interface 116/391 corpus/06-linked/markup_tag_checker.rb 0.03s 
S-interface 117/391 corpus/06-linked/merge_log_streams.rb 0.06s 
S-interface 118/391 corpus/16-dates/activity_heatmap.rb 0.06s 
S-interface 119/391 corpus/16-dates/age_calculator.rb 0.06s 
S-interface 120/391 corpus/16-dates/billing_cycles.rb 0.07s 
S-interface 121/391 corpus/16-dates/calendar_systems.rb 0.06s 
S-interface 122/391 corpus/11-simulation/bank_ledger.rb 0.05s 
S-interface 123/391 corpus/11-simulation/car_rental.rb 0.04s 
S-interface 124/391 corpus/11-simulation/checkout_lanes.rb 0.04s 
S-interface 125/391 corpus/02-analytics/language_guess.rb 0.04s 
S-interface 126/391 corpus/02-analytics/log_summary.rb 0.05s 
S-interface 127/391 corpus/02-analytics/near_duplicates.rb 0.04s 
S-interface 128/391 corpus/04-numeric/bezier_curves.rb 0.07s 
S-interface 129/391 corpus/04-numeric/correlation_matrix.rb 0.06s 
S-interface 130/391 corpus/04-numeric/curve_fitting.rb 0.06s 
S-interface 131/391 corpus/14-errors/csv_import.rb 0.03s 
S-interface 132/391 corpus/20-business/invoice_generator.rb 0.06s 
S-interface 133/391 corpus/20-business/parking_garage.rb 0.04s 
S-interface 134/391 corpus/20-business/rental_fleet.rb 0.04s 
S-interface 135/391 corpus/07-trees/interval_bookings.rb 0.04s 
S-interface 136/391 corpus/07-trees/ip_route_trie.rb 0.05s 
S-interface 137/391 corpus/07-trees/kd_tree.rb 0.17s 
S-interface 138/391 corpus/07-trees/lazy_seat_inventory.rb 0.14s 
S-interface 139/391 corpus/01-text/template_render.rb 0.12s 
S-interface 140/391 corpus/01-text/text_box.rb 0.1s 
S-interface 141/391 corpus/01-text/text_stats.rb 0.14s 
S-interface 142/391 corpus/01-text/whitespace_tidy.rb 0.13s 
S-interface 143/391 corpus/01-text/word_wrap.rb 0.13s 
S-interface 144/391 corpus/15-data/fulfillment_report.rb 0.28s 
S-interface 145/391 corpus/15-data/fx_conversion.rb 0.14s 
S-interface 146/391 corpus/15-data/grade_book.rb 0.21s 
S-interface 147/391 corpus/08-graphs/critical_path.rb 0.14s 
S-interface 148/391 corpus/08-graphs/currency_paths.rb 0.15s 
S-interface 149/391 corpus/08-graphs/dot_stats.rb 0.12s 
S-interface 150/391 corpus/20-business/expense_tracker.rb 0.16s 
S-interface 151/391 corpus/20-business/gym_membership.rb 0.08s 
S-interface 152/391 corpus/20-business/inventory_reorder.rb 0.19s 
S-interface 153/391 corpus/19-statemachines/dfa_minimize.rb 0.09s 
S-interface 154/391 corpus/19-statemachines/elevator.rb 0.09s 
S-interface 155/391 corpus/19-statemachines/enemy_ai.rb 0.1s 
S-interface 156/391 corpus/19-statemachines/event_sourcing.rb 0.14s 
S-interface 157/391 corpus/10-grids/battleship.rb 0.12s 
S-interface 158/391 corpus/10-grids/chess_attacks.rb 0.16s 
S-interface 159/391 corpus/10-grids/connect_four.rb 0.11s 
S-interface 160/391 corpus/10-grids/crossword.rb 0.12s 
S-interface 161/391 corpus/10-grids/falling_sand.rb 0.11s 
S-interface 162/391 corpus/11-simulation/inventory_reorder.rb 0.13s 
S-interface 163/391 corpus/11-simulation/library_loans.rb 0.13s 
S-interface 164/391 corpus/11-simulation/life_torus.rb 0.1s 
S-interface 165/391 corpus/11-simulation/order_book.rb 0.13s 
S-interface 166/391 corpus/07-trees/dom_tree.rb 0.17s 
S-interface 167/391 corpus/07-trees/expression_tree.rb 0.23s 
S-interface 168/391 corpus/07-trees/fenwick_ranks.rb 0.1s 
S-interface 169/391 corpus/07-trees/filesystem_du.rb 0.13s 
S-interface 170/391 corpus/07-trees/heap_scheduler.rb 0.09s 
S-interface 171/391 corpus/18-collections/range_set.rb 0.15s 
S-interface 172/391 corpus/18-collections/role_permissions.rb 0.15s 
S-interface 173/391 corpus/18-collections/sales_pivot.rb 0.15s 
S-interface 174/391 corpus/18-collections/sensor_merge.rb 0.16s 
S-interface 175/391 corpus/08-graphs/exam_slots.rb 0.11s 
S-interface 176/391 corpus/08-graphs/floyd_transit.rb 0.14s 
S-interface 177/391 corpus/08-graphs/friend_groups.rb 0.1s 
S-interface 178/391 corpus/08-graphs/kruskal_network.rb 0.05s 
S-interface 179/391 corpus/12-parsers/csv_parser.rb 0.05s 
S-interface 180/391 corpus/12-parsers/forth.rb 0.05s 
S-interface 181/391 corpus/12-parsers/indent_lexer.rb 0.04s 
S-interface 182/391 corpus/12-parsers/ini_parser.rb 0.05s 
S-interface 183/391 corpus/12-parsers/json_parser.rb 0.08s 
S-interface 184/391 corpus/11-simulation/teller_queue_des.rb 0.05s 
S-interface 185/391 corpus/11-simulation/thermostat_house.rb 0.05s 
S-interface 186/391 corpus/11-simulation/vending_machine.rb 0.05s 
S-interface 187/391 corpus/11-simulation/water_tanks.rb 0.33s 
S-interface 188/391 corpus/13-polymorphism/stack_vm.rb 0.38s 
S-interface 189/391 corpus/13-polymorphism/task_heap.rb 0.38s 
S-interface 190/391 corpus/13-polymorphism/temperature_units.rb 0.57s 
S-interface 191/391 corpus/13-polymorphism/vector_polygon.rb 0.35s 
S-interface 192/391 corpus/13-polymorphism/version_constraints.rb 0.35s 
S-interface 193/391 corpus/16-dates/room_booking.rb 0.3s 
S-interface 194/391 corpus/16-dates/shift_rota.rb 0.34s 
S-interface 195/391 corpus/16-dates/time_zones.rb 0.44s 
S-interface 196/391 corpus/16-dates/timesheet.rb 0.4s 
S-interface 197/391 corpus/16-dates/timetable.rb 0.21s 
S-interface 198/391 corpus/15-data/invoice_totals.rb 0.39s 
S-interface 199/391 corpus/15-data/league_standings.rb 0.34s 
S-interface 200/391 corpus/15-data/metric_anomalies.rb 0.45s 
S-interface 201/391 corpus/15-data/quality_rules.rb 0.27s 
S-interface 202/391 corpus/15-data/sales_by_region.rb 0.37s 
S-interface 203/391 corpus/14-errors/result_pipeline.rb 0.33s 
S-interface 204/391 corpus/14-errors/retry_backoff.rb 0.24s 
S-interface 205/391 corpus/14-errors/unit_quantities.rb 0.29s 
S-interface 206/391 corpus/14-errors/warehouse_reservation.rb 0.26s 
S-interface 207/391 corpus/10-grids/sokoban.rb 0.24s 
S-interface 208/391 corpus/10-grids/sudoku_solver.rb 0.25s 
S-interface 209/391 corpus/10-grids/terrain_dijkstra.rb 0.13s 
S-interface 210/391 corpus/10-grids/tic_tac_toe.rb 0.24s 
S-interface 211/391 corpus/10-grids/word_search.rb 0.2s 
S-interface 212/391 corpus/16-dates/easter.rb 0.43s 
S-interface 213/391 corpus/16-dates/fiscal_quarters.rb 0.33s 
S-interface 214/391 corpus/16-dates/iso_week.rb 0.25s 
S-interface 215/391 corpus/16-dates/meeting_scheduler.rb 0.17s 
S-interface 216/391 corpus/04-numeric/monte_carlo.rb 0.19s 
S-interface 217/391 corpus/04-numeric/numeric_integration.rb 0.29s 
S-interface 218/391 corpus/04-numeric/numerical_derivatives.rb 0.21s 
S-interface 219/391 corpus/04-numeric/ode_solver.rb 0.44s 
S-interface 220/391 corpus/04-numeric/optimization.rb 0.18s 
S-interface 221/391 corpus/16-dates/moon_phases.rb 0.5s 
S-interface 222/391 corpus/16-dates/parking_fees.rb 0.42s 
S-interface 223/391 corpus/16-dates/recurring_events.rb 0.35s 
S-interface 224/391 corpus/12-parsers/rpn_calc.rb 0.24s 
S-interface 225/391 corpus/12-parsers/shunting_yard.rb 0.41s 
S-interface 226/391 corpus/12-parsers/stack_vm.rb 0.41s 
S-interface 227/391 corpus/12-parsers/symbolic_diff.rb 0.56s 
S-interface 228/391 corpus/12-parsers/template_engine.rb 0.41s 
S-interface 229/391 corpus/10-grids/lights_out.rb 0.17s 
S-interface 230/391 corpus/10-grids/magic_square.rb 0.04s 
S-interface 231/391 corpus/10-grids/matrix_spiral.rb 0.05s 
S-interface 232/391 corpus/10-grids/maze_bfs.rb 0.04s 
S-interface 233/391 corpus/16-dates/cron_schedule.rb 0.09s 
S-interface 234/391 corpus/16-dates/date_arith.rb 0.07s 
S-interface 235/391 corpus/16-dates/day_of_week.rb 0.06s 
S-interface 236/391 corpus/16-dates/durations.rb 0.06s 
S-interface 237/391 corpus/19-statemachines/bank_queue_sim.rb 0.05s 
S-interface 238/391 corpus/19-statemachines/button_debounce.rb 0.04s 
S-interface 239/391 corpus/19-statemachines/circuit_breaker.rb 0.04s 
S-interface 240/391 corpus/06-linked/cycle_detection.rb 0.05s 
S-interface 241/391 corpus/06-linked/deque_sliding_window.rb 0.05s 
S-interface 242/391 corpus/06-linked/digit_list_bignum.rb 0.06s 
S-interface 243/391 corpus/06-linked/free_list_pool.rb 0.05s 
S-interface 244/391 corpus/06-linked/josephus_circle.rb 0.05s 
S-interface 245/391 corpus/03-numtheory/miller_rabin.rb 0.06s 
S-interface 246/391 corpus/03-numtheory/modular_crt.rb 0.06s 
S-interface 247/391 corpus/03-numtheory/perfect_amicable.rb 0.05s 
S-interface 248/391 corpus/03-numtheory/pollard_rho.rb 0.07s 
S-interface 249/391 corpus/03-numtheory/primitive_roots.rb 0.09s 
S-interface 250/391 corpus/02-analytics/email_domains.rb 0.05s 
S-interface 251/391 corpus/02-analytics/hashtag_trends.rb 0.06s 
S-interface 252/391 corpus/02-analytics/inverted_index.rb 0.06s 
S-interface 253/391 corpus/02-analytics/kwic_concordance.rb 0.05s 
S-interface 254/391 corpus/04-numeric/interval_arithmetic.rb 0.1s 
S-interface 255/391 corpus/04-numeric/linear_regression.rb 0.06s 
S-interface 256/391 corpus/04-numeric/lu_decomposition.rb 0.08s 
S-interface 257/391 corpus/04-numeric/matrix_ops.rb 0.08s 
S-interface 258/391 corpus/09-dp/digit_counting.rb 0.07s 
S-interface 259/391 corpus/09-dp/edit_distance.rb 0.06s 
S-interface 260/391 corpus/09-dp/grid_paths.rb 0.06s 
S-interface 261/391 corpus/17-encodings/playfair.rb 0.05s 
S-interface 262/391 corpus/17-encodings/protobuf_wire.rb 0.08s 
S-interface 263/391 corpus/01-text/csv_report.rb 0.06s 
S-interface 264/391 corpus/01-text/date_format.rb 0.06s 
S-interface 265/391 corpus/01-text/human_format.rb 0.07s 
S-interface 266/391 corpus/01-text/inflector.rb 0.04s 
S-interface 267/391 corpus/17-encodings/hex_dump.rb 0.05s 
S-interface 268/391 corpus/17-encodings/huffman.rb 0.05s 
S-interface 269/391 corpus/17-encodings/morse.rb 0.05s 
S-interface 270/391 corpus/17-encodings/murmur_ring.rb 0.05s 
S-interface 271/391 corpus/02-analytics/ngram_counts.rb 0.04s 
S-interface 272/391 corpus/02-analytics/rake_keywords.rb 0.07s 
S-interface 273/391 corpus/02-analytics/readability.rb 0.05s 
S-interface 274/391 corpus/02-analytics/rhyme_scheme.rb 0.05s 
S-interface 275/391 corpus/07-trees/avl_tree.rb 0.08s 
S-interface 276/391 corpus/07-trees/bill_of_materials.rb 0.05s 
S-interface 277/391 corpus/07-trees/bst_basic.rb 0.06s 
S-interface 278/391 corpus/07-trees/decision_tree.rb 0.06s 
S-interface 279/391 corpus/01-text/markdown_table.rb 0.07s 
S-interface 280/391 corpus/01-text/number_words.rb 0.06s 
S-interface 281/391 corpus/01-text/spell_suggest.rb 0.05s 
S-interface 282/391 corpus/02-analytics/soundex_index.rb 0.04s 
S-interface 283/391 corpus/02-analytics/spell_suggest.rb 0.05s 
S-interface 284/391 corpus/02-analytics/vocabulary_growth.rb 0.06s 
S-interface 285/391 corpus/03-numtheory/digit_curiosities.rb 0.06s 
S-interface 286/391 corpus/03-numtheory/egyptian_fractions.rb 0.09s 
S-interface 287/391 corpus/03-numtheory/factor_functions.rb 0.06s 
S-interface 288/391 corpus/03-numtheory/farey_stern_brocot.rb 0.08s 
S-interface 289/391 corpus/03-numtheory/fibonacci_numbers.rb 0.08s 
S-interface 290/391 corpus/09-dp/held_karp.rb 0.05s 
S-interface 291/391 corpus/09-dp/house_robber.rb 0.05s 
S-interface 292/391 corpus/09-dp/interval_scheduling.rb 0.04s 
S-interface 293/391 corpus/09-dp/lcs_diff.rb 0.05s 
S-interface 294/391 corpus/04-numeric/eigenvalues.rb 0.09s 
S-interface 295/391 corpus/04-numeric/float_accuracy.rb 0.08s 
S-interface 296/391 corpus/04-numeric/fourier_spectrum.rb 0.09s 
S-interface 297/391 corpus/04-numeric/gaussian_elimination.rb 0.09s 
S-interface 298/391 corpus/04-numeric/histogram_fit.rb 0.07s 
S-interface 299/391 corpus/18-collections/library_loans.rb 0.08s 
S-interface 300/391 corpus/18-collections/lottery.rb 0.05s 
S-interface 301/391 corpus/18-collections/paginate.rb 0.06s 
S-interface 302/391 corpus/18-collections/prime_sets.rb 0.06s 
S-interface 303/391 corpus/15-data/size_histogram.rb 0.04s 
S-interface 304/391 corpus/15-data/survey_crosstab.rb 0.07s 
S-interface 305/391 corpus/15-data/table_renderer.rb 0.05s 
S-interface 306/391 corpus/14-errors/order_lifecycle.rb 0.04s 
S-interface 307/391 corpus/14-errors/param_coercion.rb 0.04s 
S-interface 308/391 corpus/14-errors/registration_form.rb 0.04s 
S-interface 309/391 corpus/06-linked/sparse_matrix_rows.rb 0.06s 
S-interface 310/391 corpus/06-linked/sparse_polynomial.rb 0.04s 
S-interface 311/391 corpus/06-linked/triage_priority_list.rb 0.04s 
S-interface 312/391 corpus/06-linked/two_stack_print_queue.rb 0.04s 
S-interface 313/391 corpus/06-linked/undo_redo_editor.rb 0.04s 
S-interface 314/391 corpus/15-data/access_log_report.rb 0.06s 
S-interface 315/391 corpus/15-data/bank_reconcile.rb 0.05s 
S-interface 316/391 corpus/15-data/clickstream_sessions.rb 0.06s 
S-interface 317/391 corpus/15-data/cohort_retention.rb 0.06s 
S-interface 318/391 corpus/11-simulation/packet_network.rb 0.05s 
S-interface 319/391 corpus/11-simulation/ring_road_traffic.rb 0.05s 
S-interface 320/391 corpus/11-simulation/runway_ops.rb 0.05s 
S-interface 321/391 corpus/11-simulation/sandpile.rb 0.05s 
S-interface 322/391 corpus/05-sorting/quicksort_median3.rb 0.07s 
S-interface 323/391 corpus/05-sorting/radix_order_ids.rb 0.05s 
S-interface 324/391 corpus/05-sorting/sensor_quickselect.rb 0.07s 
S-interface 325/391 corpus/05-sorting/shell_sort_gaps.rb 0.05s 
S-interface 326/391 corpus/20-business/ticket_helpdesk.rb 0.05s 
S-interface 327/391 corpus/20-business/timesheet.rb 0.05s 
S-interface 328/391 corpus/20-business/todo_list.rb 0.05s 
S-interface 329/391 corpus/20-business/vendor_quotes.rb 0.04s 
S-interface 330/391 corpus/20-business/warehouse_picking.rb 0.05s 
S-interface 331/391 corpus/05-sorting/autocomplete_msd.rb 0.05s 
S-interface 332/391 corpus/05-sorting/bisect_on_answer.rb 0.05s 
S-interface 333/391 corpus/05-sorting/bucket_sort_ratings.rb 0.04s 
S-interface 334/391 corpus/05-sorting/external_sort_sim.rb 0.06s 
S-interface 335/391 corpus/05-sorting/gift_two_pointers.rb 0.05s 
S-interface 336/391 corpus/06-linked/ring_buffer_metrics.rb 0.04s 
S-interface 337/391 corpus/06-linked/rpn_stack_calculator.rb 0.05s 
S-interface 338/391 corpus/06-linked/singly_linked_list.rb 0.04s 
S-interface 339/391 corpus/06-linked/skip_list_index.rb 0.04s 
S-interface 340/391 corpus/13-polymorphism/matrix_ops.rb 0.1s 
S-interface 341/391 corpus/13-polymorphism/modint_combinatorics.rb 0.08s 
S-interface 342/391 corpus/13-polymorphism/money_ledger.rb 0.06s 
S-interface 343/391 corpus/13-polymorphism/notify_channels.rb 0.06s 
S-interface 344/391 corpus/13-polymorphism/payroll.rb 0.05s 
S-interface 345/391 corpus/17-encodings/transposition.rb 0.05s 
S-interface 346/391 corpus/17-encodings/vigenere.rb 0.06s 
S-interface 347/391 corpus/12-parsers/assembler.rb 0.07s 
S-interface 348/391 corpus/12-parsers/brainfuck.rb 0.05s 
S-interface 349/391 corpus/12-parsers/calc_rd.rb 0.06s 
S-interface 350/391 corpus/12-parsers/cmdline_parser.rb 0.08s 
S-interface 351/391 corpus/20-business/restaurant_orders.rb 0.06s 
S-interface 352/391 corpus/20-business/room_reservations.rb 0.07s 
S-interface 353/391 corpus/20-business/sales_report.rb 0.05s 
S-interface 354/391 corpus/20-business/shopping_cart.rb 0.07s 
S-interface 355/391 corpus/20-business/subscription_billing.rb 0.06s 
S-interface 356/391 corpus/08-graphs/astar_terrain.rb 0.04s 
S-interface 357/391 corpus/08-graphs/bellman_ford.rb 0.05s 
S-interface 358/391 corpus/08-graphs/centrality.rb 0.06s 
S-interface 359/391 corpus/08-graphs/course_schedule.rb 0.05s 
S-interface 360/391 corpus/08-graphs/critical_links.rb 0.05s 
S-interface 361/391 corpus/17-encodings/ascii85.rb 0.06s 
S-interface 362/391 corpus/17-encodings/base32_ids.rb 0.06s 
S-interface 363/391 corpus/17-encodings/base64_codec.rb 0.05s 
S-interface 364/391 corpus/17-encodings/bloom_filter.rb 0.05s 
S-interface 365/391 corpus/14-errors/job_queue.rb 0.05s 
S-interface 366/391 corpus/14-errors/ledger_reconcile.rb 0.05s 
S-interface 367/391 corpus/14-errors/log_triage.rb 0.04s 
S-interface 368/391 corpus/14-errors/matrix_checks.rb 0.06s 
S-interface 369/391 corpus/13-polymorphism/duration_timesheet.rb 0.07s 
S-interface 370/391 corpus/13-polymorphism/fraction_math.rb 0.07s 
S-interface 371/391 corpus/13-polymorphism/interval_arith.rb 0.08s 
S-interface 372/391 corpus/13-polymorphism/life_grid.rb 0.04s 
S-interface 373/391 corpus/03-numtheory/happy_cycles.rb 0.04s 
S-interface 374/391 corpus/03-numtheory/integer_partitions.rb 0.05s 
S-interface 375/391 corpus/03-numtheory/linear_diophantine.rb 0.05s 
S-interface 376/391 corpus/12-parsers/tiny_basic.rb 0.06s 
S-interface 377/391 corpus/12-parsers/tokenizer.rb 0.05s 
S-interface 378/391 corpus/09-dp/sequence_alignment.rb 0.06s 
S-interface 379/391 corpus/09-dp/stock_trading.rb 0.04s 
S-interface 380/391 corpus/09-dp/subset_partition.rb 0.05s 
S-interface 381/391 corpus/09-dp/viterbi.rb 0.04s 
S-interface 382/391 corpus/09-dp/word_break.rb 0.04s 
S-interface 383/391 corpus/13-polymorphism/physical_quantities.rb 0.07s 
S-interface 384/391 corpus/13-polymorphism/polynomial.rb 0.1s 
S-interface 385/391 corpus/13-polymorphism/quaternion_rotation.rb 0.08s 
S-interface 386/391 corpus/13-polymorphism/shapes_area.rb 0.06s 
S-interface 387/391 corpus/13-polymorphism/sparse_vector.rb 0.05s 
S-interface 388/391 corpus/03-numtheory/quadratic_residues.rb 0.06s 
S-interface 389/391 corpus/03-numtheory/repeating_decimals.rb 0.06s 
S-interface 390/391 corpus/03-numtheory/rsa_toy.rb 0.06s 
S-interface 391/391 corpus/03-numtheory/sieve_primes.rb 0.05s 
S-numeric_catchall 1/391 corpus/17-encodings/caesar_cracker.rb 0.05s 
S-numeric_catchall 2/391 corpus/17-encodings/check_digits.rb 0.04s 
S-numeric_catchall 3/391 corpus/17-encodings/frame_parser.rb 0.07s 
S-numeric_catchall 4/391 corpus/17-encodings/hamming_secded.rb 0.05s 
S-numeric_catchall 5/391 corpus/19-statemachines/smtp_session.rb 0.04s 
S-numeric_catchall 6/391 corpus/03-numtheory/base_conversion.rb 0.06s 
S-numeric_catchall 7/391 corpus/03-numtheory/calendar_congruences.rb 0.07s 
S-numeric_catchall 8/391 corpus/03-numtheory/check_digits.rb 0.06s 
S-numeric_catchall 9/391 corpus/03-numtheory/collatz_stats.rb 0.04s 
S-numeric_catchall 10/391 corpus/03-numtheory/continued_fractions.rb 0.06s 
S-numeric_catchall 11/391 corpus/05-sorting/library_catalog.rb 0.05s 
S-numeric_catchall 12/391 corpus/05-sorting/log_time_bisect.rb 0.05s 
S-numeric_catchall 13/391 corpus/05-sorting/meeting_intervals.rb 0.06s 
S-numeric_catchall 14/391 corpus/05-sorting/natural_runs_sort.rb 0.08s 
S-numeric_catchall 15/391 corpus/10-grids/minesweeper.rb 0.04s 
S-numeric_catchall 16/391 corpus/10-grids/n_queens.rb 0.04s 
S-numeric_catchall 17/391 corpus/10-grids/nonogram.rb 0.05s 
S-numeric_catchall 18/391 corpus/10-grids/othello.rb 0.05s 
S-numeric_catchall 19/391 corpus/10-grids/sliding_puzzle.rb 0.05s 
S-numeric_catchall 20/391 corpus/02-analytics/access_log_urls.rb 0.06s 
S-numeric_catchall 21/391 corpus/02-analytics/anagram_groups.rb 0.04s 
S-numeric_catchall 22/391 corpus/02-analytics/autocomplete.rb 0.04s 
S-numeric_catchall 23/391 corpus/02-analytics/cooccurrence_pmi.rb 0.05s 
S-numeric_catchall 24/391 corpus/09-dp/coin_change.rb 0.05s 
S-numeric_catchall 25/391 corpus/09-dp/company_party.rb 0.05s 
S-numeric_catchall 26/391 corpus/09-dp/decode_ways.rb 0.05s 
S-numeric_catchall 27/391 corpus/20-business/appointment_scheduler.rb 0.05s 
S-numeric_catchall 28/391 corpus/20-business/bank_ledger.rb 0.06s 
S-numeric_catchall 29/391 corpus/20-business/customer_loyalty.rb 0.04s 
S-numeric_catchall 30/391 corpus/20-business/event_registration.rb 0.04s 
S-numeric_catchall 31/391 corpus/18-collections/word_pipeline.rb 0.05s 
S-numeric_catchall 32/391 corpus/18-collections/word_rack.rb 0.05s 
S-numeric_catchall 33/391 corpus/19-statemachines/expr_lexer.rb 0.05s 
S-numeric_catchall 34/391 corpus/19-statemachines/http_parser.rb 0.04s 
S-numeric_catchall 35/391 corpus/15-data/customer_dedupe.rb 0.05s 
S-numeric_catchall 36/391 corpus/15-data/employee_dept_join.rb 0.05s 
S-numeric_catchall 37/391 corpus/15-data/etl_star_schema.rb 0.08s 
S-numeric_catchall 38/391 corpus/15-data/expense_pivot.rb 0.05s 
S-numeric_catchall 39/391 corpus/06-linked/bank_teller_sim.rb 0.05s 
S-numeric_catchall 40/391 corpus/06-linked/browser_history.rb 0.04s 
S-numeric_catchall 41/391 corpus/06-linked/chained_hash_table.rb 0.04s 
S-numeric_catchall 42/391 corpus/06-linked/circular_playlist.rb 0.05s 
S-numeric_catchall 43/391 corpus/01-text/ascii_table.rb 0.06s 
S-numeric_catchall 44/391 corpus/01-text/bwt_rle.rb 0.05s 
S-numeric_catchall 45/391 corpus/01-text/case_convert.rb 0.05s 
S-numeric_catchall 46/391 corpus/10-grids/flood_fill.rb 0.04s 
S-numeric_catchall 47/391 corpus/10-grids/game_2048.rb 0.05s 
S-numeric_catchall 48/391 corpus/10-grids/game_of_life.rb 0.04s 
S-numeric_catchall 49/391 corpus/10-grids/hex_game.rb 0.05s 
S-numeric_catchall 50/391 corpus/10-grids/knights_tour.rb 0.05s 
S-numeric_catchall 51/391 corpus/05-sorting/sorted_matrix_search.rb 0.05s 
S-numeric_catchall 52/391 corpus/05-sorting/trail_peak_search.rb 0.06s 
S-numeric_catchall 53/391 corpus/05-sorting/version_resolver.rb 0.05s 
S-numeric_catchall 54/391 corpus/09-dp/line_breaking.rb 0.05s 
S-numeric_catchall 55/391 corpus/09-dp/longest_increasing.rb 0.05s 
S-numeric_catchall 56/391 corpus/09-dp/matrix_chain.rb 0.06s 
S-numeric_catchall 57/391 corpus/09-dp/optimal_bst.rb 0.06s 
S-numeric_catchall 58/391 corpus/09-dp/palindromes.rb 0.05s 
S-numeric_catchall 59/391 corpus/01-text/ini_config.rb 0.05s 
S-numeric_catchall 60/391 corpus/01-text/json_pretty.rb 0.07s 
S-numeric_catchall 61/391 corpus/01-text/justify_text.rb 0.04s 
S-numeric_catchall 62/391 corpus/01-text/line_diff.rb 0.06s 
S-numeric_catchall 63/391 corpus/01-text/markdown_html.rb 0.04s 
S-numeric_catchall 64/391 corpus/19-statemachines/markdown_blocks.rb 0.04s 
S-numeric_catchall 65/391 corpus/19-statemachines/morse_decoder.rb 0.04s 
S-numeric_catchall 66/391 corpus/19-statemachines/order_workflow.rb 0.05s 
S-numeric_catchall 67/391 corpus/19-statemachines/regex_nfa.rb 0.05s 
S-numeric_catchall 68/391 corpus/18-collections/cart_discounts.rb 0.06s 
S-numeric_catchall 69/391 corpus/18-collections/contact_dedupe.rb 0.05s 
S-numeric_catchall 70/391 corpus/08-graphs/land_islands.rb 0.05s 
S-numeric_catchall 71/391 corpus/08-graphs/make_rebuild.rb 0.05s 
S-numeric_catchall 72/391 corpus/08-graphs/maze_bfs.rb 0.04s 
S-numeric_catchall 73/391 corpus/08-graphs/metro_transfers.rb 0.04s 
S-numeric_catchall 74/391 corpus/08-graphs/org_chart_lca.rb 0.05s 
S-numeric_catchall 75/391 corpus/13-polymorphism/calendar_dates.rb 0.07s 
S-numeric_catchall 76/391 corpus/13-polymorphism/color_palette.rb 0.07s 
S-numeric_catchall 77/391 corpus/13-polymorphism/doc_render.rb 0.06s 
S-numeric_catchall 78/391 corpus/08-graphs/pipeline_flow.rb 0.04s 
S-numeric_catchall 79/391 corpus/08-graphs/word_ladder.rb 0.04s 
S-numeric_catchall 80/391 corpus/05-sorting/hashtag_trends.rb 0.04s 
S-numeric_catchall 81/391 corpus/05-sorting/heap_scheduler.rb 0.05s 
S-numeric_catchall 82/391 corpus/05-sorting/kway_log_merge.rb 0.06s 
S-numeric_catchall 83/391 corpus/18-collections/friend_graph.rb 0.05s 
S-numeric_catchall 84/391 corpus/18-collections/grade_book.rb 0.07s 
S-numeric_catchall 85/391 corpus/18-collections/ip_ranges.rb 0.06s 
S-numeric_catchall 86/391 corpus/18-collections/latency_buckets.rb 0.06s 
S-numeric_catchall 87/391 corpus/04-numeric/polynomial.rb 0.14s 
S-numeric_catchall 88/391 corpus/04-numeric/root_finding.rb 0.08s 
S-numeric_catchall 89/391 corpus/04-numeric/special_functions.rb 0.11s 
S-numeric_catchall 90/391 corpus/04-numeric/time_series.rb 0.07s 
S-numeric_catchall 91/391 corpus/04-numeric/vector_geometry.rb 0.06s 
S-numeric_catchall 92/391 corpus/14-errors/bank_transfers.rb 0.04s 
S-numeric_catchall 93/391 corpus/14-errors/card_validation.rb 0.05s 
S-numeric_catchall 94/391 corpus/14-errors/config_loader.rb 0.05s 
S-numeric_catchall 95/391 corpus/14-errors/contracts.rb 0.04s 
S-numeric_catchall 96/391 corpus/07-trees/merkle_sync.rb 0.06s 
S-numeric_catchall 97/391 corpus/07-trees/org_chart.rb 0.06s 
S-numeric_catchall 98/391 corpus/07-trees/quadtree.rb 0.04s 
S-numeric_catchall 99/391 corpus/07-trees/rope_editor.rb 0.08s 
S-numeric_catchall 100/391 corpus/11-simulation/ecosystem_patches.rb 0.05s 
S-numeric_catchall 101/391 corpus/11-simulation/elevator_scan.rb 0.06s 
S-numeric_catchall 102/391 corpus/11-simulation/hotel_bookings.rb 0.05s 
S-numeric_catchall 103/391 corpus/07-trees/spanning_tree.rb 0.05s 
S-numeric_catchall 104/391 corpus/07-trees/taxonomy_lca.rb 0.05s 
S-numeric_catchall 105/391 corpus/07-trees/traversals.rb 0.07s 
S-numeric_catchall 106/391 corpus/07-trees/tree_codec.rb 0.07s 
S-numeric_catchall 107/391 corpus/07-trees/trie_autocomplete.rb 0.06s 
S-numeric_catchall 108/391 corpus/12-parsers/lisp_interp.rb 0.09s 
S-numeric_catchall 109/391 corpus/12-parsers/markdown.rb 0.06s 
S-numeric_catchall 110/391 corpus/12-parsers/pratt_parser.rb 0.11s 
S-numeric_catchall 111/391 corpus/12-parsers/query_engine.rb 0.09s 
S-numeric_catchall 112/391 corpus/12-parsers/regex_matcher.rb 0.07s 
S-numeric_catchall 113/391 corpus/06-linked/lfu_cache_buckets.rb 0.04s 
S-numeric_catchall 114/391 corpus/06-linked/list_toolkit.rb 0.05s 
S-numeric_catchall 115/391 corpus/06-linked/lru_cache.rb 0.05s 
S-numeric_catchall 116/391 corpus/06-linked/markup_tag_checker.rb 0.04s 
S-numeric_catchall 117/391 corpus/06-linked/merge_log_streams.rb 0.05s 
S-numeric_catchall 118/391 corpus/16-dates/activity_heatmap.rb 0.07s 
S-numeric_catchall 119/391 corpus/16-dates/age_calculator.rb 0.07s 
S-numeric_catchall 120/391 corpus/16-dates/billing_cycles.rb 0.07s 
S-numeric_catchall 121/391 corpus/16-dates/calendar_systems.rb 0.07s 
S-numeric_catchall 122/391 corpus/11-simulation/bank_ledger.rb 0.05s 
S-numeric_catchall 123/391 corpus/11-simulation/car_rental.rb 0.05s 
S-numeric_catchall 124/391 corpus/11-simulation/checkout_lanes.rb 0.05s 
S-numeric_catchall 125/391 corpus/02-analytics/language_guess.rb 0.04s 
S-numeric_catchall 126/391 corpus/02-analytics/log_summary.rb 0.05s 
S-numeric_catchall 127/391 corpus/02-analytics/near_duplicates.rb 0.05s 
S-numeric_catchall 128/391 corpus/04-numeric/bezier_curves.rb 0.07s 
S-numeric_catchall 129/391 corpus/04-numeric/correlation_matrix.rb 0.06s 
S-numeric_catchall 130/391 corpus/04-numeric/curve_fitting.rb 0.06s 
S-numeric_catchall 131/391 corpus/14-errors/csv_import.rb 0.04s 
S-numeric_catchall 132/391 corpus/20-business/invoice_generator.rb 0.07s 
S-numeric_catchall 133/391 corpus/20-business/parking_garage.rb 0.05s 
S-numeric_catchall 134/391 corpus/20-business/rental_fleet.rb 0.05s 
S-numeric_catchall 135/391 corpus/07-trees/interval_bookings.rb 0.05s 
S-numeric_catchall 136/391 corpus/07-trees/ip_route_trie.rb 0.05s 
S-numeric_catchall 137/391 corpus/07-trees/kd_tree.rb 0.05s 
S-numeric_catchall 138/391 corpus/07-trees/lazy_seat_inventory.rb 0.06s 
S-numeric_catchall 139/391 corpus/01-text/template_render.rb 0.05s 
S-numeric_catchall 140/391 corpus/01-text/text_box.rb 0.04s 
S-numeric_catchall 141/391 corpus/01-text/text_stats.rb 0.05s 
S-numeric_catchall 142/391 corpus/01-text/whitespace_tidy.rb 0.05s 
S-numeric_catchall 143/391 corpus/01-text/word_wrap.rb 0.04s 
S-numeric_catchall 144/391 corpus/15-data/fulfillment_report.rb 0.1s 
S-numeric_catchall 145/391 corpus/15-data/fx_conversion.rb 0.05s 
S-numeric_catchall 146/391 corpus/15-data/grade_book.rb 0.05s 
S-numeric_catchall 147/391 corpus/08-graphs/critical_path.rb 0.05s 
S-numeric_catchall 148/391 corpus/08-graphs/currency_paths.rb 0.05s 
S-numeric_catchall 149/391 corpus/08-graphs/dot_stats.rb 0.05s 
S-numeric_catchall 150/391 corpus/20-business/expense_tracker.rb 0.06s 
S-numeric_catchall 151/391 corpus/20-business/gym_membership.rb 0.03s 
S-numeric_catchall 152/391 corpus/20-business/inventory_reorder.rb 0.06s 
S-numeric_catchall 153/391 corpus/19-statemachines/dfa_minimize.rb 0.04s 
S-numeric_catchall 154/391 corpus/19-statemachines/elevator.rb 0.04s 
S-numeric_catchall 155/391 corpus/19-statemachines/enemy_ai.rb 0.04s 
S-numeric_catchall 156/391 corpus/19-statemachines/event_sourcing.rb 0.06s 
S-numeric_catchall 157/391 corpus/10-grids/battleship.rb 0.05s 
S-numeric_catchall 158/391 corpus/10-grids/chess_attacks.rb 0.06s 
S-numeric_catchall 159/391 corpus/10-grids/connect_four.rb 0.04s 
S-numeric_catchall 160/391 corpus/10-grids/crossword.rb 0.04s 
S-numeric_catchall 161/391 corpus/10-grids/falling_sand.rb 0.04s 
S-numeric_catchall 162/391 corpus/11-simulation/inventory_reorder.rb 0.05s 
S-numeric_catchall 163/391 corpus/11-simulation/library_loans.rb 0.05s 
S-numeric_catchall 164/391 corpus/11-simulation/life_torus.rb 0.04s 
S-numeric_catchall 165/391 corpus/11-simulation/order_book.rb 0.06s 
S-numeric_catchall 166/391 corpus/07-trees/dom_tree.rb 0.07s 
S-numeric_catchall 167/391 corpus/07-trees/expression_tree.rb 0.09s 
S-numeric_catchall 168/391 corpus/07-trees/fenwick_ranks.rb 0.05s 
S-numeric_catchall 169/391 corpus/07-trees/filesystem_du.rb 0.05s 
S-numeric_catchall 170/391 corpus/07-trees/heap_scheduler.rb 0.04s 
S-numeric_catchall 171/391 corpus/18-collections/range_set.rb 0.05s 
S-numeric_catchall 172/391 corpus/18-collections/role_permissions.rb 0.06s 
S-numeric_catchall 173/391 corpus/18-collections/sales_pivot.rb 0.05s 
S-numeric_catchall 174/391 corpus/18-collections/sensor_merge.rb 0.05s 
S-numeric_catchall 175/391 corpus/08-graphs/exam_slots.rb 0.04s 
S-numeric_catchall 176/391 corpus/08-graphs/floyd_transit.rb 0.05s 
S-numeric_catchall 177/391 corpus/08-graphs/friend_groups.rb 0.04s 
S-numeric_catchall 178/391 corpus/08-graphs/kruskal_network.rb 0.04s 
S-numeric_catchall 179/391 corpus/12-parsers/csv_parser.rb 0.05s 
S-numeric_catchall 180/391 corpus/12-parsers/forth.rb 0.05s 
S-numeric_catchall 181/391 corpus/12-parsers/indent_lexer.rb 0.04s 
S-numeric_catchall 182/391 corpus/12-parsers/ini_parser.rb 0.05s 
S-numeric_catchall 183/391 corpus/12-parsers/json_parser.rb 0.08s 
S-numeric_catchall 184/391 corpus/11-simulation/teller_queue_des.rb 0.04s 
S-numeric_catchall 185/391 corpus/11-simulation/thermostat_house.rb 0.04s 
S-numeric_catchall 186/391 corpus/11-simulation/vending_machine.rb 0.05s 
S-numeric_catchall 187/391 corpus/11-simulation/water_tanks.rb 0.05s 
S-numeric_catchall 188/391 corpus/13-polymorphism/stack_vm.rb 0.07s 
S-numeric_catchall 189/391 corpus/13-polymorphism/task_heap.rb 0.05s 
S-numeric_catchall 190/391 corpus/13-polymorphism/temperature_units.rb 0.09s 
S-numeric_catchall 191/391 corpus/13-polymorphism/vector_polygon.rb 0.07s 
S-numeric_catchall 192/391 corpus/13-polymorphism/version_constraints.rb 0.06s 
S-numeric_catchall 193/391 corpus/16-dates/room_booking.rb 0.05s 
S-numeric_catchall 194/391 corpus/16-dates/shift_rota.rb 0.05s 
S-numeric_catchall 195/391 corpus/16-dates/time_zones.rb 0.07s 
S-numeric_catchall 196/391 corpus/16-dates/timesheet.rb 0.06s 
S-numeric_catchall 197/391 corpus/16-dates/timetable.rb 0.04s 
S-numeric_catchall 198/391 corpus/15-data/invoice_totals.rb 0.06s 
S-numeric_catchall 199/391 corpus/15-data/league_standings.rb 0.05s 
S-numeric_catchall 200/391 corpus/15-data/metric_anomalies.rb 0.08s 
S-numeric_catchall 201/391 corpus/15-data/quality_rules.rb 0.06s 
S-numeric_catchall 202/391 corpus/15-data/sales_by_region.rb 0.06s 
S-numeric_catchall 203/391 corpus/14-errors/result_pipeline.rb 0.05s 
S-numeric_catchall 204/391 corpus/14-errors/retry_backoff.rb 0.05s 
S-numeric_catchall 205/391 corpus/14-errors/unit_quantities.rb 0.06s 
S-numeric_catchall 206/391 corpus/14-errors/warehouse_reservation.rb 0.06s 
S-numeric_catchall 207/391 corpus/10-grids/sokoban.rb 0.06s 
S-numeric_catchall 208/391 corpus/10-grids/sudoku_solver.rb 0.06s 
S-numeric_catchall 209/391 corpus/10-grids/terrain_dijkstra.rb 0.05s 
S-numeric_catchall 210/391 corpus/10-grids/tic_tac_toe.rb 0.05s 
S-numeric_catchall 211/391 corpus/10-grids/word_search.rb 0.05s 
S-numeric_catchall 212/391 corpus/16-dates/easter.rb 0.07s 
S-numeric_catchall 213/391 corpus/16-dates/fiscal_quarters.rb 0.06s 
S-numeric_catchall 214/391 corpus/16-dates/iso_week.rb 0.07s 
S-numeric_catchall 215/391 corpus/16-dates/meeting_scheduler.rb 0.05s 
S-numeric_catchall 216/391 corpus/04-numeric/monte_carlo.rb 0.06s 
S-numeric_catchall 217/391 corpus/04-numeric/numeric_integration.rb 0.06s 
S-numeric_catchall 218/391 corpus/04-numeric/numerical_derivatives.rb 0.08s 
S-numeric_catchall 219/391 corpus/04-numeric/ode_solver.rb 0.07s 
S-numeric_catchall 220/391 corpus/04-numeric/optimization.rb 0.06s 
S-numeric_catchall 221/391 corpus/16-dates/moon_phases.rb 0.07s 
S-numeric_catchall 222/391 corpus/16-dates/parking_fees.rb 0.06s 
S-numeric_catchall 223/391 corpus/16-dates/recurring_events.rb 0.06s 
S-numeric_catchall 224/391 corpus/12-parsers/rpn_calc.rb 0.04s 
S-numeric_catchall 225/391 corpus/12-parsers/shunting_yard.rb 0.06s 
S-numeric_catchall 226/391 corpus/12-parsers/stack_vm.rb 0.06s 
S-numeric_catchall 227/391 corpus/12-parsers/symbolic_diff.rb 0.1s 
S-numeric_catchall 228/391 corpus/12-parsers/template_engine.rb 0.07s 
S-numeric_catchall 229/391 corpus/10-grids/lights_out.rb 0.04s 
S-numeric_catchall 230/391 corpus/10-grids/magic_square.rb 0.03s 
S-numeric_catchall 231/391 corpus/10-grids/matrix_spiral.rb 0.05s 
S-numeric_catchall 232/391 corpus/10-grids/maze_bfs.rb 0.03s 
S-numeric_catchall 233/391 corpus/16-dates/cron_schedule.rb 0.07s 
S-numeric_catchall 234/391 corpus/16-dates/date_arith.rb 0.05s 
S-numeric_catchall 235/391 corpus/16-dates/day_of_week.rb 0.05s 
S-numeric_catchall 236/391 corpus/16-dates/durations.rb 0.06s 
S-numeric_catchall 237/391 corpus/19-statemachines/bank_queue_sim.rb 0.04s 
S-numeric_catchall 238/391 corpus/19-statemachines/button_debounce.rb 0.03s 
S-numeric_catchall 239/391 corpus/19-statemachines/circuit_breaker.rb 0.04s 
S-numeric_catchall 240/391 corpus/06-linked/cycle_detection.rb 0.04s 
S-numeric_catchall 241/391 corpus/06-linked/deque_sliding_window.rb 0.04s 
S-numeric_catchall 242/391 corpus/06-linked/digit_list_bignum.rb 0.05s 
S-numeric_catchall 243/391 corpus/06-linked/free_list_pool.rb 0.05s 
S-numeric_catchall 244/391 corpus/06-linked/josephus_circle.rb 0.04s 
S-numeric_catchall 245/391 corpus/03-numtheory/miller_rabin.rb 0.05s 
S-numeric_catchall 246/391 corpus/03-numtheory/modular_crt.rb 0.06s 
S-numeric_catchall 247/391 corpus/03-numtheory/perfect_amicable.rb 0.05s 
S-numeric_catchall 248/391 corpus/03-numtheory/pollard_rho.rb 0.06s 
S-numeric_catchall 249/391 corpus/03-numtheory/primitive_roots.rb 0.07s 
S-numeric_catchall 250/391 corpus/02-analytics/email_domains.rb 0.05s 
S-numeric_catchall 251/391 corpus/02-analytics/hashtag_trends.rb 0.06s 
S-numeric_catchall 252/391 corpus/02-analytics/inverted_index.rb 0.06s 
S-numeric_catchall 253/391 corpus/02-analytics/kwic_concordance.rb 0.04s 
S-numeric_catchall 254/391 corpus/04-numeric/interval_arithmetic.rb 0.08s 
S-numeric_catchall 255/391 corpus/04-numeric/linear_regression.rb 0.05s 
S-numeric_catchall 256/391 corpus/04-numeric/lu_decomposition.rb 0.07s 
S-numeric_catchall 257/391 corpus/04-numeric/matrix_ops.rb 0.07s 
S-numeric_catchall 258/391 corpus/09-dp/digit_counting.rb 0.05s 
S-numeric_catchall 259/391 corpus/09-dp/edit_distance.rb 0.06s 
S-numeric_catchall 260/391 corpus/09-dp/grid_paths.rb 0.06s 
S-numeric_catchall 261/391 corpus/17-encodings/playfair.rb 0.05s 
S-numeric_catchall 262/391 corpus/17-encodings/protobuf_wire.rb 0.09s 
S-numeric_catchall 263/391 corpus/01-text/csv_report.rb 0.06s 
S-numeric_catchall 264/391 corpus/01-text/date_format.rb 0.07s 
S-numeric_catchall 265/391 corpus/01-text/human_format.rb 0.07s 
S-numeric_catchall 266/391 corpus/01-text/inflector.rb 0.06s 
S-numeric_catchall 267/391 corpus/17-encodings/hex_dump.rb 0.06s 
S-numeric_catchall 268/391 corpus/17-encodings/huffman.rb 0.06s 
S-numeric_catchall 269/391 corpus/17-encodings/morse.rb 0.06s 
S-numeric_catchall 270/391 corpus/17-encodings/murmur_ring.rb 0.06s 
S-numeric_catchall 271/391 corpus/02-analytics/ngram_counts.rb 0.06s 
S-numeric_catchall 272/391 corpus/02-analytics/rake_keywords.rb 0.08s 
S-numeric_catchall 273/391 corpus/02-analytics/readability.rb 0.05s 
S-numeric_catchall 274/391 corpus/02-analytics/rhyme_scheme.rb 0.05s 
S-numeric_catchall 275/391 corpus/07-trees/avl_tree.rb 0.08s 
S-numeric_catchall 276/391 corpus/07-trees/bill_of_materials.rb 0.05s 
S-numeric_catchall 277/391 corpus/07-trees/bst_basic.rb 0.07s 
S-numeric_catchall 278/391 corpus/07-trees/decision_tree.rb 0.07s 
S-numeric_catchall 279/391 corpus/01-text/markdown_table.rb 0.07s 
S-numeric_catchall 280/391 corpus/01-text/number_words.rb 0.06s 
S-numeric_catchall 281/391 corpus/01-text/spell_suggest.rb 0.07s 
S-numeric_catchall 282/391 corpus/02-analytics/soundex_index.rb 0.06s 
S-numeric_catchall 283/391 corpus/02-analytics/spell_suggest.rb 0.06s 
S-numeric_catchall 284/391 corpus/02-analytics/vocabulary_growth.rb 0.06s 
S-numeric_catchall 285/391 corpus/03-numtheory/digit_curiosities.rb 0.06s 
S-numeric_catchall 286/391 corpus/03-numtheory/egyptian_fractions.rb 0.1s 
S-numeric_catchall 287/391 corpus/03-numtheory/factor_functions.rb 0.06s 
S-numeric_catchall 288/391 corpus/03-numtheory/farey_stern_brocot.rb 0.08s 
S-numeric_catchall 289/391 corpus/03-numtheory/fibonacci_numbers.rb 0.08s 
S-numeric_catchall 290/391 corpus/09-dp/held_karp.rb 0.05s 
S-numeric_catchall 291/391 corpus/09-dp/house_robber.rb 0.06s 
S-numeric_catchall 292/391 corpus/09-dp/interval_scheduling.rb 0.05s 
S-numeric_catchall 293/391 corpus/09-dp/lcs_diff.rb 0.06s 
S-numeric_catchall 294/391 corpus/04-numeric/eigenvalues.rb 0.1s 
S-numeric_catchall 295/391 corpus/04-numeric/float_accuracy.rb 0.08s 
S-numeric_catchall 296/391 corpus/04-numeric/fourier_spectrum.rb 0.08s 
S-numeric_catchall 297/391 corpus/04-numeric/gaussian_elimination.rb 0.1s 
S-numeric_catchall 298/391 corpus/04-numeric/histogram_fit.rb 0.07s 
S-numeric_catchall 299/391 corpus/18-collections/library_loans.rb 0.08s 
S-numeric_catchall 300/391 corpus/18-collections/lottery.rb 0.06s 
S-numeric_catchall 301/391 corpus/18-collections/paginate.rb 0.06s 
S-numeric_catchall 302/391 corpus/18-collections/prime_sets.rb 0.06s 
S-numeric_catchall 303/391 corpus/15-data/size_histogram.rb 0.04s 
S-numeric_catchall 304/391 corpus/15-data/survey_crosstab.rb 0.07s 
S-numeric_catchall 305/391 corpus/15-data/table_renderer.rb 0.05s 
S-numeric_catchall 306/391 corpus/14-errors/order_lifecycle.rb 0.04s 
S-numeric_catchall 307/391 corpus/14-errors/param_coercion.rb 0.04s 
S-numeric_catchall 308/391 corpus/14-errors/registration_form.rb 0.04s 
S-numeric_catchall 309/391 corpus/06-linked/sparse_matrix_rows.rb 0.06s 
S-numeric_catchall 310/391 corpus/06-linked/sparse_polynomial.rb 0.05s 
S-numeric_catchall 311/391 corpus/06-linked/triage_priority_list.rb 0.04s 
S-numeric_catchall 312/391 corpus/06-linked/two_stack_print_queue.rb 0.05s 
S-numeric_catchall 313/391 corpus/06-linked/undo_redo_editor.rb 0.05s 
S-numeric_catchall 314/391 corpus/15-data/access_log_report.rb 0.06s 
S-numeric_catchall 315/391 corpus/15-data/bank_reconcile.rb 0.07s 
S-numeric_catchall 316/391 corpus/15-data/clickstream_sessions.rb 0.07s 
S-numeric_catchall 317/391 corpus/15-data/cohort_retention.rb 0.06s 
S-numeric_catchall 318/391 corpus/11-simulation/packet_network.rb 0.05s 
S-numeric_catchall 319/391 corpus/11-simulation/ring_road_traffic.rb 0.05s 
S-numeric_catchall 320/391 corpus/11-simulation/runway_ops.rb 0.06s 
S-numeric_catchall 321/391 corpus/11-simulation/sandpile.rb 0.05s 
S-numeric_catchall 322/391 corpus/05-sorting/quicksort_median3.rb 0.08s 
S-numeric_catchall 323/391 corpus/05-sorting/radix_order_ids.rb 0.05s 
S-numeric_catchall 324/391 corpus/05-sorting/sensor_quickselect.rb 0.07s 
S-numeric_catchall 325/391 corpus/05-sorting/shell_sort_gaps.rb 0.05s 
S-numeric_catchall 326/391 corpus/20-business/ticket_helpdesk.rb 0.06s 
S-numeric_catchall 327/391 corpus/20-business/timesheet.rb 0.06s 
S-numeric_catchall 328/391 corpus/20-business/todo_list.rb 0.06s 
S-numeric_catchall 329/391 corpus/20-business/vendor_quotes.rb 0.05s 
S-numeric_catchall 330/391 corpus/20-business/warehouse_picking.rb 0.06s 
S-numeric_catchall 331/391 corpus/05-sorting/autocomplete_msd.rb 0.05s 
S-numeric_catchall 332/391 corpus/05-sorting/bisect_on_answer.rb 0.06s 
S-numeric_catchall 333/391 corpus/05-sorting/bucket_sort_ratings.rb 0.05s 
S-numeric_catchall 334/391 corpus/05-sorting/external_sort_sim.rb 0.07s 
S-numeric_catchall 335/391 corpus/05-sorting/gift_two_pointers.rb 0.06s 
S-numeric_catchall 336/391 corpus/06-linked/ring_buffer_metrics.rb 0.05s 
S-numeric_catchall 337/391 corpus/06-linked/rpn_stack_calculator.rb 0.06s 
S-numeric_catchall 338/391 corpus/06-linked/singly_linked_list.rb 0.05s 
S-numeric_catchall 339/391 corpus/06-linked/skip_list_index.rb 0.05s 
S-numeric_catchall 340/391 corpus/13-polymorphism/matrix_ops.rb 0.1s 
S-numeric_catchall 341/391 corpus/13-polymorphism/modint_combinatorics.rb 0.08s 
S-numeric_catchall 342/391 corpus/13-polymorphism/money_ledger.rb 0.07s 
S-numeric_catchall 343/391 corpus/13-polymorphism/notify_channels.rb 0.06s 
S-numeric_catchall 344/391 corpus/13-polymorphism/payroll.rb 0.06s 
S-numeric_catchall 345/391 corpus/17-encodings/transposition.rb 0.06s 
S-numeric_catchall 346/391 corpus/17-encodings/vigenere.rb 0.06s 
S-numeric_catchall 347/391 corpus/12-parsers/assembler.rb 0.07s 
S-numeric_catchall 348/391 corpus/12-parsers/brainfuck.rb 0.05s 
S-numeric_catchall 349/391 corpus/12-parsers/calc_rd.rb 0.07s 
S-numeric_catchall 350/391 corpus/12-parsers/cmdline_parser.rb 0.08s 
S-numeric_catchall 351/391 corpus/20-business/restaurant_orders.rb 0.06s 
S-numeric_catchall 352/391 corpus/20-business/room_reservations.rb 0.07s 
S-numeric_catchall 353/391 corpus/20-business/sales_report.rb 0.06s 
S-numeric_catchall 354/391 corpus/20-business/shopping_cart.rb 0.07s 
S-numeric_catchall 355/391 corpus/20-business/subscription_billing.rb 0.06s 
S-numeric_catchall 356/391 corpus/08-graphs/astar_terrain.rb 0.05s 
S-numeric_catchall 357/391 corpus/08-graphs/bellman_ford.rb 0.05s 
S-numeric_catchall 358/391 corpus/08-graphs/centrality.rb 0.05s 
S-numeric_catchall 359/391 corpus/08-graphs/course_schedule.rb 0.05s 
S-numeric_catchall 360/391 corpus/08-graphs/critical_links.rb 0.05s 
S-numeric_catchall 361/391 corpus/17-encodings/ascii85.rb 0.06s 
S-numeric_catchall 362/391 corpus/17-encodings/base32_ids.rb 0.05s 
S-numeric_catchall 363/391 corpus/17-encodings/base64_codec.rb 0.06s 
S-numeric_catchall 364/391 corpus/17-encodings/bloom_filter.rb 0.05s 
S-numeric_catchall 365/391 corpus/14-errors/job_queue.rb 0.06s 
S-numeric_catchall 366/391 corpus/14-errors/ledger_reconcile.rb 0.05s 
S-numeric_catchall 367/391 corpus/14-errors/log_triage.rb 0.05s 
S-numeric_catchall 368/391 corpus/14-errors/matrix_checks.rb 0.1s 
S-numeric_catchall 369/391 corpus/13-polymorphism/duration_timesheet.rb 0.08s 
S-numeric_catchall 370/391 corpus/13-polymorphism/fraction_math.rb 0.07s 
S-numeric_catchall 371/391 corpus/13-polymorphism/interval_arith.rb 0.09s 
S-numeric_catchall 372/391 corpus/13-polymorphism/life_grid.rb 0.05s 
S-numeric_catchall 373/391 corpus/03-numtheory/happy_cycles.rb 0.05s 
S-numeric_catchall 374/391 corpus/03-numtheory/integer_partitions.rb 0.06s 
S-numeric_catchall 375/391 corpus/03-numtheory/linear_diophantine.rb 0.06s 
S-numeric_catchall 376/391 corpus/12-parsers/tiny_basic.rb 0.05s 
S-numeric_catchall 377/391 corpus/12-parsers/tokenizer.rb 0.06s 
S-numeric_catchall 378/391 corpus/09-dp/sequence_alignment.rb 0.05s 
S-numeric_catchall 379/391 corpus/09-dp/stock_trading.rb 0.05s 
S-numeric_catchall 380/391 corpus/09-dp/subset_partition.rb 0.04s 
S-numeric_catchall 381/391 corpus/09-dp/viterbi.rb 0.04s 
S-numeric_catchall 382/391 corpus/09-dp/word_break.rb 0.05s 
S-numeric_catchall 383/391 corpus/13-polymorphism/physical_quantities.rb 0.05s 
S-numeric_catchall 384/391 corpus/13-polymorphism/polynomial.rb 0.09s 
S-numeric_catchall 385/391 corpus/13-polymorphism/quaternion_rotation.rb 0.08s 
S-numeric_catchall 386/391 corpus/13-polymorphism/shapes_area.rb 0.06s 
S-numeric_catchall 387/391 corpus/13-polymorphism/sparse_vector.rb 0.05s 
S-numeric_catchall 388/391 corpus/03-numtheory/quadratic_residues.rb 0.06s 
S-numeric_catchall 389/391 corpus/03-numtheory/repeating_decimals.rb 0.05s 
S-numeric_catchall 390/391 corpus/03-numtheory/rsa_toy.rb 0.06s 
S-numeric_catchall 391/391 corpus/03-numtheory/sieve_primes.rb 0.05s 
S-masgn 1/391 corpus/17-encodings/caesar_cracker.rb 0.04s 
S-masgn 2/391 corpus/17-encodings/check_digits.rb 0.03s 
S-masgn 3/391 corpus/17-encodings/frame_parser.rb 0.06s 
S-masgn 4/391 corpus/17-encodings/hamming_secded.rb 0.05s 
S-masgn 5/391 corpus/19-statemachines/smtp_session.rb 0.04s 
S-masgn 6/391 corpus/03-numtheory/base_conversion.rb 0.05s 
S-masgn 7/391 corpus/03-numtheory/calendar_congruences.rb 0.07s 
S-masgn 8/391 corpus/03-numtheory/check_digits.rb 0.06s 
S-masgn 9/391 corpus/03-numtheory/collatz_stats.rb 0.04s 
S-masgn 10/391 corpus/03-numtheory/continued_fractions.rb 0.06s 
S-masgn 11/391 corpus/05-sorting/library_catalog.rb 0.04s 
S-masgn 12/391 corpus/05-sorting/log_time_bisect.rb 0.05s 
S-masgn 13/391 corpus/05-sorting/meeting_intervals.rb 0.05s 
S-masgn 14/391 corpus/05-sorting/natural_runs_sort.rb 0.08s 
S-masgn 15/391 corpus/10-grids/minesweeper.rb 0.04s 
S-masgn 16/391 corpus/10-grids/n_queens.rb 0.04s 
S-masgn 17/391 corpus/10-grids/nonogram.rb 0.05s 
S-masgn 18/391 corpus/10-grids/othello.rb 0.05s 
S-masgn 19/391 corpus/10-grids/sliding_puzzle.rb 0.05s 
S-masgn 20/391 corpus/02-analytics/access_log_urls.rb 0.05s 
S-masgn 21/391 corpus/02-analytics/anagram_groups.rb 0.04s 
S-masgn 22/391 corpus/02-analytics/autocomplete.rb 0.04s 
S-masgn 23/391 corpus/02-analytics/cooccurrence_pmi.rb 0.05s 
S-masgn 24/391 corpus/09-dp/coin_change.rb 0.05s 
S-masgn 25/391 corpus/09-dp/company_party.rb 0.05s 
S-masgn 26/391 corpus/09-dp/decode_ways.rb 0.05s 
S-masgn 27/391 corpus/20-business/appointment_scheduler.rb 0.05s 
S-masgn 28/391 corpus/20-business/bank_ledger.rb 0.06s 
S-masgn 29/391 corpus/20-business/customer_loyalty.rb 0.04s 
S-masgn 30/391 corpus/20-business/event_registration.rb 0.04s 
S-masgn 31/391 corpus/18-collections/word_pipeline.rb 0.05s 
S-masgn 32/391 corpus/18-collections/word_rack.rb 0.05s 
S-masgn 33/391 corpus/19-statemachines/expr_lexer.rb 0.05s 
S-masgn 34/391 corpus/19-statemachines/http_parser.rb 0.04s 
S-masgn 35/391 corpus/15-data/customer_dedupe.rb 0.05s 
S-masgn 36/391 corpus/15-data/employee_dept_join.rb 0.05s 
S-masgn 37/391 corpus/15-data/etl_star_schema.rb 0.07s 
S-masgn 38/391 corpus/15-data/expense_pivot.rb 0.05s 
S-masgn 39/391 corpus/06-linked/bank_teller_sim.rb 0.04s 
S-masgn 40/391 corpus/06-linked/browser_history.rb 0.04s 
S-masgn 41/391 corpus/06-linked/chained_hash_table.rb 0.04s 
S-masgn 42/391 corpus/06-linked/circular_playlist.rb 0.04s 
S-masgn 43/391 corpus/01-text/ascii_table.rb 0.05s 
S-masgn 44/391 corpus/01-text/bwt_rle.rb 0.05s 
S-masgn 45/391 corpus/01-text/case_convert.rb 0.05s 
S-masgn 46/391 corpus/10-grids/flood_fill.rb 0.04s 
S-masgn 47/391 corpus/10-grids/game_2048.rb 0.05s 
S-masgn 48/391 corpus/10-grids/game_of_life.rb 0.04s 
S-masgn 49/391 corpus/10-grids/hex_game.rb 0.04s 
S-masgn 50/391 corpus/10-grids/knights_tour.rb 0.04s 
S-masgn 51/391 corpus/05-sorting/sorted_matrix_search.rb 0.04s 
S-masgn 52/391 corpus/05-sorting/trail_peak_search.rb 0.05s 
S-masgn 53/391 corpus/05-sorting/version_resolver.rb 0.04s 
S-masgn 54/391 corpus/09-dp/line_breaking.rb 0.04s 
S-masgn 55/391 corpus/09-dp/longest_increasing.rb 0.04s 
S-masgn 56/391 corpus/09-dp/matrix_chain.rb 0.05s 
S-masgn 57/391 corpus/09-dp/optimal_bst.rb 0.06s 
S-masgn 58/391 corpus/09-dp/palindromes.rb 0.05s 
S-masgn 59/391 corpus/01-text/ini_config.rb 0.05s 
S-masgn 60/391 corpus/01-text/json_pretty.rb 0.06s 
S-masgn 61/391 corpus/01-text/justify_text.rb 0.04s 
S-masgn 62/391 corpus/01-text/line_diff.rb 0.05s 
S-masgn 63/391 corpus/01-text/markdown_html.rb 0.04s 
S-masgn 64/391 corpus/19-statemachines/markdown_blocks.rb 0.03s 
S-masgn 65/391 corpus/19-statemachines/morse_decoder.rb 0.03s 
S-masgn 66/391 corpus/19-statemachines/order_workflow.rb 0.04s 
S-masgn 67/391 corpus/19-statemachines/regex_nfa.rb 0.05s 
S-masgn 68/391 corpus/18-collections/cart_discounts.rb 0.05s 
S-masgn 69/391 corpus/18-collections/contact_dedupe.rb 0.05s 
S-masgn 70/391 corpus/08-graphs/land_islands.rb 0.04s 
S-masgn 71/391 corpus/08-graphs/make_rebuild.rb 0.04s 
S-masgn 72/391 corpus/08-graphs/maze_bfs.rb 0.03s 
S-masgn 73/391 corpus/08-graphs/metro_transfers.rb 0.03s 
S-masgn 74/391 corpus/08-graphs/org_chart_lca.rb 0.04s 
S-masgn 75/391 corpus/13-polymorphism/calendar_dates.rb 0.07s 
S-masgn 76/391 corpus/13-polymorphism/color_palette.rb 0.06s 
S-masgn 77/391 corpus/13-polymorphism/doc_render.rb 0.05s 
S-masgn 78/391 corpus/08-graphs/pipeline_flow.rb 0.04s 
S-masgn 79/391 corpus/08-graphs/word_ladder.rb 0.04s 
S-masgn 80/391 corpus/05-sorting/hashtag_trends.rb 0.04s 
S-masgn 81/391 corpus/05-sorting/heap_scheduler.rb 0.04s 
S-masgn 82/391 corpus/05-sorting/kway_log_merge.rb 0.05s 
S-masgn 83/391 corpus/18-collections/friend_graph.rb 0.05s 
S-masgn 84/391 corpus/18-collections/grade_book.rb 0.06s 
S-masgn 85/391 corpus/18-collections/ip_ranges.rb 0.05s 
S-masgn 86/391 corpus/18-collections/latency_buckets.rb 0.05s 
S-masgn 87/391 corpus/04-numeric/polynomial.rb 0.13s 
S-masgn 88/391 corpus/04-numeric/root_finding.rb 0.06s 
S-masgn 89/391 corpus/04-numeric/special_functions.rb 0.08s 
S-masgn 90/391 corpus/04-numeric/time_series.rb 0.06s 
S-masgn 91/391 corpus/04-numeric/vector_geometry.rb 0.05s 
S-masgn 92/391 corpus/14-errors/bank_transfers.rb 0.04s 
S-masgn 93/391 corpus/14-errors/card_validation.rb 0.05s 
S-masgn 94/391 corpus/14-errors/config_loader.rb 0.04s 
S-masgn 95/391 corpus/14-errors/contracts.rb 0.04s 
S-masgn 96/391 corpus/07-trees/merkle_sync.rb 0.06s 
S-masgn 97/391 corpus/07-trees/org_chart.rb 0.06s 
S-masgn 98/391 corpus/07-trees/quadtree.rb 0.04s 
S-masgn 99/391 corpus/07-trees/rope_editor.rb 0.08s 
S-masgn 100/391 corpus/11-simulation/ecosystem_patches.rb 0.04s 
S-masgn 101/391 corpus/11-simulation/elevator_scan.rb 0.05s 
S-masgn 102/391 corpus/11-simulation/hotel_bookings.rb 0.05s 
S-masgn 103/391 corpus/07-trees/spanning_tree.rb 0.05s 
S-masgn 104/391 corpus/07-trees/taxonomy_lca.rb 0.05s 
S-masgn 105/391 corpus/07-trees/traversals.rb 0.06s 
S-masgn 106/391 corpus/07-trees/tree_codec.rb 0.06s 
S-masgn 107/391 corpus/07-trees/trie_autocomplete.rb 0.05s 
S-masgn 108/391 corpus/12-parsers/lisp_interp.rb 0.08s 
S-masgn 109/391 corpus/12-parsers/markdown.rb 0.05s 
S-masgn 110/391 corpus/12-parsers/pratt_parser.rb 0.1s 
S-masgn 111/391 corpus/12-parsers/query_engine.rb 0.08s 
S-masgn 112/391 corpus/12-parsers/regex_matcher.rb 0.06s 
S-masgn 113/391 corpus/06-linked/lfu_cache_buckets.rb 0.04s 
S-masgn 114/391 corpus/06-linked/list_toolkit.rb 0.05s 
S-masgn 115/391 corpus/06-linked/lru_cache.rb 0.05s 
S-masgn 116/391 corpus/06-linked/markup_tag_checker.rb 0.04s 
S-masgn 117/391 corpus/06-linked/merge_log_streams.rb 0.06s 
S-masgn 118/391 corpus/16-dates/activity_heatmap.rb 0.07s 
S-masgn 119/391 corpus/16-dates/age_calculator.rb 0.07s 
S-masgn 120/391 corpus/16-dates/billing_cycles.rb 0.07s 
S-masgn 121/391 corpus/16-dates/calendar_systems.rb 0.07s 
S-masgn 122/391 corpus/11-simulation/bank_ledger.rb 0.05s 
S-masgn 123/391 corpus/11-simulation/car_rental.rb 0.04s 
S-masgn 124/391 corpus/11-simulation/checkout_lanes.rb 0.04s 
S-masgn 125/391 corpus/02-analytics/language_guess.rb 0.04s 
S-masgn 126/391 corpus/02-analytics/log_summary.rb 0.05s 
S-masgn 127/391 corpus/02-analytics/near_duplicates.rb 0.05s 
S-masgn 128/391 corpus/04-numeric/bezier_curves.rb 0.08s 
S-masgn 129/391 corpus/04-numeric/correlation_matrix.rb 0.06s 
S-masgn 130/391 corpus/04-numeric/curve_fitting.rb 0.06s 
S-masgn 131/391 corpus/14-errors/csv_import.rb 0.04s 
S-masgn 132/391 corpus/20-business/invoice_generator.rb 0.07s 
S-masgn 133/391 corpus/20-business/parking_garage.rb 0.05s 
S-masgn 134/391 corpus/20-business/rental_fleet.rb 0.05s 
S-masgn 135/391 corpus/07-trees/interval_bookings.rb 0.05s 
S-masgn 136/391 corpus/07-trees/ip_route_trie.rb 0.05s 
S-masgn 137/391 corpus/07-trees/kd_tree.rb 0.06s 
S-masgn 138/391 corpus/07-trees/lazy_seat_inventory.rb 0.05s 
S-masgn 139/391 corpus/01-text/template_render.rb 0.04s 
S-masgn 140/391 corpus/01-text/text_box.rb 0.04s 
S-masgn 141/391 corpus/01-text/text_stats.rb 0.05s 
S-masgn 142/391 corpus/01-text/whitespace_tidy.rb 0.05s 
S-masgn 143/391 corpus/01-text/word_wrap.rb 0.04s 
S-masgn 144/391 corpus/15-data/fulfillment_report.rb 0.1s 
S-masgn 145/391 corpus/15-data/fx_conversion.rb 0.06s 
S-masgn 146/391 corpus/15-data/grade_book.rb 0.06s 
S-masgn 147/391 corpus/08-graphs/critical_path.rb 0.05s 
S-masgn 148/391 corpus/08-graphs/currency_paths.rb 0.05s 
S-masgn 149/391 corpus/08-graphs/dot_stats.rb 0.05s 
S-masgn 150/391 corpus/20-business/expense_tracker.rb 0.06s 
S-masgn 151/391 corpus/20-business/gym_membership.rb 0.04s 
S-masgn 152/391 corpus/20-business/inventory_reorder.rb 0.06s 
S-masgn 153/391 corpus/19-statemachines/dfa_minimize.rb 0.04s 
S-masgn 154/391 corpus/19-statemachines/elevator.rb 0.04s 
S-masgn 155/391 corpus/19-statemachines/enemy_ai.rb 0.04s 
S-masgn 156/391 corpus/19-statemachines/event_sourcing.rb 0.05s 
S-masgn 157/391 corpus/10-grids/battleship.rb 0.05s 
S-masgn 158/391 corpus/10-grids/chess_attacks.rb 0.06s 
S-masgn 159/391 corpus/10-grids/connect_four.rb 0.04s 
S-masgn 160/391 corpus/10-grids/crossword.rb 0.04s 
S-masgn 161/391 corpus/10-grids/falling_sand.rb 0.04s 
S-masgn 162/391 corpus/11-simulation/inventory_reorder.rb 0.04s 
S-masgn 163/391 corpus/11-simulation/library_loans.rb 0.05s 
S-masgn 164/391 corpus/11-simulation/life_torus.rb 0.04s 
S-masgn 165/391 corpus/11-simulation/order_book.rb 0.05s 
S-masgn 166/391 corpus/07-trees/dom_tree.rb 0.07s 
S-masgn 167/391 corpus/07-trees/expression_tree.rb 0.09s 
S-masgn 168/391 corpus/07-trees/fenwick_ranks.rb 0.04s 
S-masgn 169/391 corpus/07-trees/filesystem_du.rb 0.06s 
S-masgn 170/391 corpus/07-trees/heap_scheduler.rb 0.04s 
S-masgn 171/391 corpus/18-collections/range_set.rb 0.06s 
S-masgn 172/391 corpus/18-collections/role_permissions.rb 0.06s 
S-masgn 173/391 corpus/18-collections/sales_pivot.rb 0.05s 
S-masgn 174/391 corpus/18-collections/sensor_merge.rb 0.05s 
S-masgn 175/391 corpus/08-graphs/exam_slots.rb 0.04s 
S-masgn 176/391 corpus/08-graphs/floyd_transit.rb 0.05s 
S-masgn 177/391 corpus/08-graphs/friend_groups.rb 0.04s 
S-masgn 178/391 corpus/08-graphs/kruskal_network.rb 0.03s 
S-masgn 179/391 corpus/12-parsers/csv_parser.rb 0.04s 
S-masgn 180/391 corpus/12-parsers/forth.rb 0.05s 
S-masgn 181/391 corpus/12-parsers/indent_lexer.rb 0.04s 
S-masgn 182/391 corpus/12-parsers/ini_parser.rb 0.05s 
S-masgn 183/391 corpus/12-parsers/json_parser.rb 0.07s 
S-masgn 184/391 corpus/11-simulation/teller_queue_des.rb 0.04s 
S-masgn 185/391 corpus/11-simulation/thermostat_house.rb 0.05s 
S-masgn 186/391 corpus/11-simulation/vending_machine.rb 0.04s 
S-masgn 187/391 corpus/11-simulation/water_tanks.rb 0.05s 
S-masgn 188/391 corpus/13-polymorphism/stack_vm.rb 0.06s 
S-masgn 189/391 corpus/13-polymorphism/task_heap.rb 0.05s 
S-masgn 190/391 corpus/13-polymorphism/temperature_units.rb 0.09s 
S-masgn 191/391 corpus/13-polymorphism/vector_polygon.rb 0.07s 
S-masgn 192/391 corpus/13-polymorphism/version_constraints.rb 0.06s 
S-masgn 193/391 corpus/16-dates/room_booking.rb 0.05s 
S-masgn 194/391 corpus/16-dates/shift_rota.rb 0.05s 
S-masgn 195/391 corpus/16-dates/time_zones.rb 0.07s 
S-masgn 196/391 corpus/16-dates/timesheet.rb 0.06s 
S-masgn 197/391 corpus/16-dates/timetable.rb 0.04s 
S-masgn 198/391 corpus/15-data/invoice_totals.rb 0.06s 
S-masgn 199/391 corpus/15-data/league_standings.rb 0.05s 
S-masgn 200/391 corpus/15-data/metric_anomalies.rb 0.06s 
S-masgn 201/391 corpus/15-data/quality_rules.rb 0.04s 
S-masgn 202/391 corpus/15-data/sales_by_region.rb 0.05s 
S-masgn 203/391 corpus/14-errors/result_pipeline.rb 0.05s 
S-masgn 204/391 corpus/14-errors/retry_backoff.rb 0.04s 
S-masgn 205/391 corpus/14-errors/unit_quantities.rb 0.05s 
S-masgn 206/391 corpus/14-errors/warehouse_reservation.rb 0.05s 
S-masgn 207/391 corpus/10-grids/sokoban.rb 0.04s 
S-masgn 208/391 corpus/10-grids/sudoku_solver.rb 0.04s 
S-masgn 209/391 corpus/10-grids/terrain_dijkstra.rb 0.04s 
S-masgn 210/391 corpus/10-grids/tic_tac_toe.rb 0.04s 
S-masgn 211/391 corpus/10-grids/word_search.rb 0.04s 
S-masgn 212/391 corpus/16-dates/easter.rb 0.08s 
S-masgn 213/391 corpus/16-dates/fiscal_quarters.rb 0.06s 
S-masgn 214/391 corpus/16-dates/iso_week.rb 0.06s 
S-masgn 215/391 corpus/16-dates/meeting_scheduler.rb 0.04s 
S-masgn 216/391 corpus/04-numeric/monte_carlo.rb 0.05s 
S-masgn 217/391 corpus/04-numeric/numeric_integration.rb 0.06s 
S-masgn 218/391 corpus/04-numeric/numerical_derivatives.rb 0.07s 
S-masgn 219/391 corpus/04-numeric/ode_solver.rb 0.06s 
S-masgn 220/391 corpus/04-numeric/optimization.rb 0.06s 
S-masgn 221/391 corpus/16-dates/moon_phases.rb 0.08s 
S-masgn 222/391 corpus/16-dates/parking_fees.rb 0.06s 
S-masgn 223/391 corpus/16-dates/recurring_events.rb 0.06s 
S-masgn 224/391 corpus/12-parsers/rpn_calc.rb 0.04s 
S-masgn 225/391 corpus/12-parsers/shunting_yard.rb 0.06s 
S-masgn 226/391 corpus/12-parsers/stack_vm.rb 0.06s 
S-masgn 227/391 corpus/12-parsers/symbolic_diff.rb 0.09s 
S-masgn 228/391 corpus/12-parsers/template_engine.rb 0.07s 
S-masgn 229/391 corpus/10-grids/lights_out.rb 0.04s 
S-masgn 230/391 corpus/10-grids/magic_square.rb 0.03s 
S-masgn 231/391 corpus/10-grids/matrix_spiral.rb 0.05s 
S-masgn 232/391 corpus/10-grids/maze_bfs.rb 0.04s 
S-masgn 233/391 corpus/16-dates/cron_schedule.rb 0.07s 
S-masgn 234/391 corpus/16-dates/date_arith.rb 0.05s 
S-masgn 235/391 corpus/16-dates/day_of_week.rb 0.05s 
S-masgn 236/391 corpus/16-dates/durations.rb 0.05s 
S-masgn 237/391 corpus/19-statemachines/bank_queue_sim.rb 0.04s 
S-masgn 238/391 corpus/19-statemachines/button_debounce.rb 0.03s 
S-masgn 239/391 corpus/19-statemachines/circuit_breaker.rb 0.04s 
S-masgn 240/391 corpus/06-linked/cycle_detection.rb 0.04s 
S-masgn 241/391 corpus/06-linked/deque_sliding_window.rb 0.04s 
S-masgn 242/391 corpus/06-linked/digit_list_bignum.rb 0.04s 
S-masgn 243/391 corpus/06-linked/free_list_pool.rb 0.04s 
S-masgn 244/391 corpus/06-linked/josephus_circle.rb 0.04s 
S-masgn 245/391 corpus/03-numtheory/miller_rabin.rb 0.05s 
S-masgn 246/391 corpus/03-numtheory/modular_crt.rb 0.05s 
S-masgn 247/391 corpus/03-numtheory/perfect_amicable.rb 0.03s 
S-masgn 248/391 corpus/03-numtheory/pollard_rho.rb 0.05s 
S-masgn 249/391 corpus/03-numtheory/primitive_roots.rb 0.07s 
S-masgn 250/391 corpus/02-analytics/email_domains.rb 0.05s 
S-masgn 251/391 corpus/02-analytics/hashtag_trends.rb 0.05s 
S-masgn 252/391 corpus/02-analytics/inverted_index.rb 0.05s 
S-masgn 253/391 corpus/02-analytics/kwic_concordance.rb 0.05s 
S-masgn 254/391 corpus/04-numeric/interval_arithmetic.rb 0.08s 
S-masgn 255/391 corpus/04-numeric/linear_regression.rb 0.05s 
S-masgn 256/391 corpus/04-numeric/lu_decomposition.rb 0.06s 
S-masgn 257/391 corpus/04-numeric/matrix_ops.rb 0.06s 
S-masgn 258/391 corpus/09-dp/digit_counting.rb 0.05s 
S-masgn 259/391 corpus/09-dp/edit_distance.rb 0.05s 
S-masgn 260/391 corpus/09-dp/grid_paths.rb 0.05s 
S-masgn 261/391 corpus/17-encodings/playfair.rb 0.05s 
S-masgn 262/391 corpus/17-encodings/protobuf_wire.rb 0.07s 
S-masgn 263/391 corpus/01-text/csv_report.rb 0.05s 
S-masgn 264/391 corpus/01-text/date_format.rb 0.06s 
S-masgn 265/391 corpus/01-text/human_format.rb 0.06s 
S-masgn 266/391 corpus/01-text/inflector.rb 0.04s 
S-masgn 267/391 corpus/17-encodings/hex_dump.rb 0.05s 
S-masgn 268/391 corpus/17-encodings/huffman.rb 0.05s 
S-masgn 269/391 corpus/17-encodings/morse.rb 0.05s 
S-masgn 270/391 corpus/17-encodings/murmur_ring.rb 0.05s 
S-masgn 271/391 corpus/02-analytics/ngram_counts.rb 0.04s 
S-masgn 272/391 corpus/02-analytics/rake_keywords.rb 0.06s 
S-masgn 273/391 corpus/02-analytics/readability.rb 0.04s 
S-masgn 274/391 corpus/02-analytics/rhyme_scheme.rb 0.04s 
S-masgn 275/391 corpus/07-trees/avl_tree.rb 0.06s 
S-masgn 276/391 corpus/07-trees/bill_of_materials.rb 0.05s 
S-masgn 277/391 corpus/07-trees/bst_basic.rb 0.06s 
S-masgn 278/391 corpus/07-trees/decision_tree.rb 0.06s 
S-masgn 279/391 corpus/01-text/markdown_table.rb 0.06s 
S-masgn 280/391 corpus/01-text/number_words.rb 0.05s 
S-masgn 281/391 corpus/01-text/spell_suggest.rb 0.04s 
S-masgn 282/391 corpus/02-analytics/soundex_index.rb 0.04s 
S-masgn 283/391 corpus/02-analytics/spell_suggest.rb 0.05s 
S-masgn 284/391 corpus/02-analytics/vocabulary_growth.rb 0.05s 
S-masgn 285/391 corpus/03-numtheory/digit_curiosities.rb 0.05s 
S-masgn 286/391 corpus/03-numtheory/egyptian_fractions.rb 0.08s 
S-masgn 287/391 corpus/03-numtheory/factor_functions.rb 0.05s 
S-masgn 288/391 corpus/03-numtheory/farey_stern_brocot.rb 0.07s 
S-masgn 289/391 corpus/03-numtheory/fibonacci_numbers.rb 0.07s 
S-masgn 290/391 corpus/09-dp/held_karp.rb 0.05s 
S-masgn 291/391 corpus/09-dp/house_robber.rb 0.05s 
S-masgn 292/391 corpus/09-dp/interval_scheduling.rb 0.04s 
S-masgn 293/391 corpus/09-dp/lcs_diff.rb 0.05s 
S-masgn 294/391 corpus/04-numeric/eigenvalues.rb 0.09s 
S-masgn 295/391 corpus/04-numeric/float_accuracy.rb 0.07s 
S-masgn 296/391 corpus/04-numeric/fourier_spectrum.rb 0.07s 
S-masgn 297/391 corpus/04-numeric/gaussian_elimination.rb 0.08s 
S-masgn 298/391 corpus/04-numeric/histogram_fit.rb 0.06s 
S-masgn 299/391 corpus/18-collections/library_loans.rb 0.07s 
S-masgn 300/391 corpus/18-collections/lottery.rb 0.05s 
S-masgn 301/391 corpus/18-collections/paginate.rb 0.05s 
S-masgn 302/391 corpus/18-collections/prime_sets.rb 0.05s 
S-masgn 303/391 corpus/15-data/size_histogram.rb 0.03s 
S-masgn 304/391 corpus/15-data/survey_crosstab.rb 0.05s 
S-masgn 305/391 corpus/15-data/table_renderer.rb 0.04s 
S-masgn 306/391 corpus/14-errors/order_lifecycle.rb 0.03s 
S-masgn 307/391 corpus/14-errors/param_coercion.rb 0.04s 
S-masgn 308/391 corpus/14-errors/registration_form.rb 0.04s 
S-masgn 309/391 corpus/06-linked/sparse_matrix_rows.rb 0.05s 
S-masgn 310/391 corpus/06-linked/sparse_polynomial.rb 0.04s 
S-masgn 311/391 corpus/06-linked/triage_priority_list.rb 0.04s 
S-masgn 312/391 corpus/06-linked/two_stack_print_queue.rb 0.04s 
S-masgn 313/391 corpus/06-linked/undo_redo_editor.rb 0.04s 
S-masgn 314/391 corpus/15-data/access_log_report.rb 0.06s 
S-masgn 315/391 corpus/15-data/bank_reconcile.rb 0.06s 
S-masgn 316/391 corpus/15-data/clickstream_sessions.rb 0.06s 
S-masgn 317/391 corpus/15-data/cohort_retention.rb 0.06s 
S-masgn 318/391 corpus/11-simulation/packet_network.rb 0.05s 
S-masgn 319/391 corpus/11-simulation/ring_road_traffic.rb 0.04s 
S-masgn 320/391 corpus/11-simulation/runway_ops.rb 0.04s 
S-masgn 321/391 corpus/11-simulation/sandpile.rb 0.04s 
S-masgn 322/391 corpus/05-sorting/quicksort_median3.rb 0.06s 
S-masgn 323/391 corpus/05-sorting/radix_order_ids.rb 0.05s 
S-masgn 324/391 corpus/05-sorting/sensor_quickselect.rb 0.07s 
S-masgn 325/391 corpus/05-sorting/shell_sort_gaps.rb 0.04s 
S-masgn 326/391 corpus/20-business/ticket_helpdesk.rb 0.05s 
S-masgn 327/391 corpus/20-business/timesheet.rb 0.05s 
S-masgn 328/391 corpus/20-business/todo_list.rb 222.48s #<Process::Status: pid 797275 SIGKILL (signal 9)>
[FATAL] failed to allocate memory
S-masgn 329/391 corpus/20-business/vendor_quotes.rb 145.54s #<Process::Status: pid 815009 exit 1>
S-masgn 330/391 corpus/20-business/warehouse_picking.rb 0.05s 
S-masgn 331/391 corpus/05-sorting/autocomplete_msd.rb 0.05s 
S-masgn 332/391 corpus/05-sorting/bisect_on_answer.rb 0.05s 
S-masgn 333/391 corpus/05-sorting/bucket_sort_ratings.rb 0.05s 
S-masgn 334/391 corpus/05-sorting/external_sort_sim.rb 0.06s 
S-masgn 335/391 corpus/05-sorting/gift_two_pointers.rb 0.05s 
S-masgn 336/391 corpus/06-linked/ring_buffer_metrics.rb 0.04s 
S-masgn 337/391 corpus/06-linked/rpn_stack_calculator.rb 0.05s 
S-masgn 338/391 corpus/06-linked/singly_linked_list.rb 0.05s 
S-masgn 339/391 corpus/06-linked/skip_list_index.rb 0.05s 
S-masgn 340/391 corpus/13-polymorphism/matrix_ops.rb 0.09s 
S-masgn 341/391 corpus/13-polymorphism/modint_combinatorics.rb 0.07s 
S-masgn 342/391 corpus/13-polymorphism/money_ledger.rb 0.06s 
S-masgn 343/391 corpus/13-polymorphism/notify_channels.rb 0.05s 
S-masgn 344/391 corpus/13-polymorphism/payroll.rb 0.05s 
S-masgn 345/391 corpus/17-encodings/transposition.rb 0.05s 
S-masgn 346/391 corpus/17-encodings/vigenere.rb 0.06s 
S-masgn 347/391 corpus/12-parsers/assembler.rb 0.08s 
S-masgn 348/391 corpus/12-parsers/brainfuck.rb 0.04s 
S-masgn 349/391 corpus/12-parsers/calc_rd.rb 0.06s 
S-masgn 350/391 corpus/12-parsers/cmdline_parser.rb 0.07s 
S-masgn 351/391 corpus/20-business/restaurant_orders.rb 0.05s 
S-masgn 352/391 corpus/20-business/room_reservations.rb 0.06s 
S-masgn 353/391 corpus/20-business/sales_report.rb 0.05s 
S-masgn 354/391 corpus/20-business/shopping_cart.rb 0.07s 
S-masgn 355/391 corpus/20-business/subscription_billing.rb 0.06s 
S-masgn 356/391 corpus/08-graphs/astar_terrain.rb 0.04s 
S-masgn 357/391 corpus/08-graphs/bellman_ford.rb 0.05s 
S-masgn 358/391 corpus/08-graphs/centrality.rb 0.05s 
S-masgn 359/391 corpus/08-graphs/course_schedule.rb 0.05s 
S-masgn 360/391 corpus/08-graphs/critical_links.rb 0.05s 
S-masgn 361/391 corpus/17-encodings/ascii85.rb 0.05s 
S-masgn 362/391 corpus/17-encodings/base32_ids.rb 0.05s 
S-masgn 363/391 corpus/17-encodings/base64_codec.rb 0.05s 
S-masgn 364/391 corpus/17-encodings/bloom_filter.rb 0.05s 
S-masgn 365/391 corpus/14-errors/job_queue.rb 0.05s 
S-masgn 366/391 corpus/14-errors/ledger_reconcile.rb 0.05s 
S-masgn 367/391 corpus/14-errors/log_triage.rb 0.05s 
S-masgn 368/391 corpus/14-errors/matrix_checks.rb 0.1s 
S-masgn 369/391 corpus/13-polymorphism/duration_timesheet.rb 0.06s 
S-masgn 370/391 corpus/13-polymorphism/fraction_math.rb 0.07s 
S-masgn 371/391 corpus/13-polymorphism/interval_arith.rb 0.08s 
S-masgn 372/391 corpus/13-polymorphism/life_grid.rb 0.04s 
S-masgn 373/391 corpus/03-numtheory/happy_cycles.rb 0.04s 
S-masgn 374/391 corpus/03-numtheory/integer_partitions.rb 0.05s 
S-masgn 375/391 corpus/03-numtheory/linear_diophantine.rb 0.05s 
S-masgn 376/391 corpus/12-parsers/tiny_basic.rb 0.06s 
S-masgn 377/391 corpus/12-parsers/tokenizer.rb 0.05s 
S-masgn 378/391 corpus/09-dp/sequence_alignment.rb 0.05s 
S-masgn 379/391 corpus/09-dp/stock_trading.rb 0.04s 
S-masgn 380/391 corpus/09-dp/subset_partition.rb 0.04s 
S-masgn 381/391 corpus/09-dp/viterbi.rb 0.04s 
S-masgn 382/391 corpus/09-dp/word_break.rb 0.04s 
S-masgn 383/391 corpus/13-polymorphism/physical_quantities.rb 0.06s 
S-masgn 384/391 corpus/13-polymorphism/polynomial.rb 0.1s 
S-masgn 385/391 corpus/13-polymorphism/quaternion_rotation.rb 0.08s 
S-masgn 386/391 corpus/13-polymorphism/shapes_area.rb 0.06s 
S-masgn 387/391 corpus/13-polymorphism/sparse_vector.rb 0.06s 
S-masgn 388/391 corpus/03-numtheory/quadratic_residues.rb 0.07s 
S-masgn 389/391 corpus/03-numtheory/repeating_decimals.rb 0.06s 
S-masgn 390/391 corpus/03-numtheory/rsa_toy.rb 0.06s 
S-masgn 391/391 corpus/03-numtheory/sieve_primes.rb 0.05s 
S-sigvertex 1/391 corpus/17-encodings/caesar_cracker.rb 0.05s 
S-sigvertex 2/391 corpus/17-encodings/check_digits.rb 0.04s 
S-sigvertex 3/391 corpus/17-encodings/frame_parser.rb 0.07s 
S-sigvertex 4/391 corpus/17-encodings/hamming_secded.rb 0.06s 
S-sigvertex 5/391 corpus/19-statemachines/smtp_session.rb 0.04s 
S-sigvertex 6/391 corpus/03-numtheory/base_conversion.rb 0.06s 
S-sigvertex 7/391 corpus/03-numtheory/calendar_congruences.rb 0.09s 
S-sigvertex 8/391 corpus/03-numtheory/check_digits.rb 0.07s 
S-sigvertex 9/391 corpus/03-numtheory/collatz_stats.rb 0.05s 
S-sigvertex 10/391 corpus/03-numtheory/continued_fractions.rb 0.07s 
S-sigvertex 11/391 corpus/05-sorting/library_catalog.rb 0.05s 
S-sigvertex 12/391 corpus/05-sorting/log_time_bisect.rb 0.07s 
S-sigvertex 13/391 corpus/05-sorting/meeting_intervals.rb 0.06s 
S-sigvertex 14/391 corpus/05-sorting/natural_runs_sort.rb 0.1s 
S-sigvertex 15/391 corpus/10-grids/minesweeper.rb 0.05s 
S-sigvertex 16/391 corpus/10-grids/n_queens.rb 0.05s 
S-sigvertex 17/391 corpus/10-grids/nonogram.rb 0.06s 
S-sigvertex 18/391 corpus/10-grids/othello.rb 0.06s 
S-sigvertex 19/391 corpus/10-grids/sliding_puzzle.rb 0.06s 
S-sigvertex 20/391 corpus/02-analytics/access_log_urls.rb 0.06s 
S-sigvertex 21/391 corpus/02-analytics/anagram_groups.rb 0.05s 
S-sigvertex 22/391 corpus/02-analytics/autocomplete.rb 0.05s 
S-sigvertex 23/391 corpus/02-analytics/cooccurrence_pmi.rb 0.06s 
S-sigvertex 24/391 corpus/09-dp/coin_change.rb 0.06s 
S-sigvertex 25/391 corpus/09-dp/company_party.rb 0.06s 
S-sigvertex 26/391 corpus/09-dp/decode_ways.rb 0.06s 
S-sigvertex 27/391 corpus/20-business/appointment_scheduler.rb 0.06s 
S-sigvertex 28/391 corpus/20-business/bank_ledger.rb 0.08s 
S-sigvertex 29/391 corpus/20-business/customer_loyalty.rb 0.05s 
S-sigvertex 30/391 corpus/20-business/event_registration.rb 0.05s 
S-sigvertex 31/391 corpus/18-collections/word_pipeline.rb 0.07s 
S-sigvertex 32/391 corpus/18-collections/word_rack.rb 0.08s 
S-sigvertex 33/391 corpus/19-statemachines/expr_lexer.rb 0.06s 
S-sigvertex 34/391 corpus/19-statemachines/http_parser.rb 0.06s 
S-sigvertex 35/391 corpus/15-data/customer_dedupe.rb 0.06s 
S-sigvertex 36/391 corpus/15-data/employee_dept_join.rb 0.07s 
S-sigvertex 37/391 corpus/15-data/etl_star_schema.rb 0.09s 
S-sigvertex 38/391 corpus/15-data/expense_pivot.rb 0.06s 
S-sigvertex 39/391 corpus/06-linked/bank_teller_sim.rb 0.05s 
S-sigvertex 40/391 corpus/06-linked/browser_history.rb 0.05s 
S-sigvertex 41/391 corpus/06-linked/chained_hash_table.rb 0.06s 
S-sigvertex 42/391 corpus/06-linked/circular_playlist.rb 0.06s 
S-sigvertex 43/391 corpus/01-text/ascii_table.rb 0.08s 
S-sigvertex 44/391 corpus/01-text/bwt_rle.rb 0.07s 
S-sigvertex 45/391 corpus/01-text/case_convert.rb 0.11s 
S-sigvertex 46/391 corpus/10-grids/flood_fill.rb 0.06s 
S-sigvertex 47/391 corpus/10-grids/game_2048.rb 0.06s 
S-sigvertex 48/391 corpus/10-grids/game_of_life.rb 0.04s 
S-sigvertex 49/391 corpus/10-grids/hex_game.rb 0.05s 
S-sigvertex 50/391 corpus/10-grids/knights_tour.rb 0.05s 
S-sigvertex 51/391 corpus/05-sorting/sorted_matrix_search.rb 0.05s 
S-sigvertex 52/391 corpus/05-sorting/trail_peak_search.rb 0.07s 
S-sigvertex 53/391 corpus/05-sorting/version_resolver.rb 0.06s 
S-sigvertex 54/391 corpus/09-dp/line_breaking.rb 0.06s 
S-sigvertex 55/391 corpus/09-dp/longest_increasing.rb 0.06s 
S-sigvertex 56/391 corpus/09-dp/matrix_chain.rb 0.07s 
S-sigvertex 57/391 corpus/09-dp/optimal_bst.rb 0.08s 
S-sigvertex 58/391 corpus/09-dp/palindromes.rb 0.07s 
S-sigvertex 59/391 corpus/01-text/ini_config.rb 0.07s 
S-sigvertex 60/391 corpus/01-text/json_pretty.rb 0.09s 
S-sigvertex 61/391 corpus/01-text/justify_text.rb 0.05s 
S-sigvertex 62/391 corpus/01-text/line_diff.rb 0.07s 
S-sigvertex 63/391 corpus/01-text/markdown_html.rb 0.05s 
S-sigvertex 64/391 corpus/19-statemachines/markdown_blocks.rb 0.04s 
S-sigvertex 65/391 corpus/19-statemachines/morse_decoder.rb 0.05s 
S-sigvertex 66/391 corpus/19-statemachines/order_workflow.rb 0.06s 
S-sigvertex 67/391 corpus/19-statemachines/regex_nfa.rb 0.07s 
S-sigvertex 68/391 corpus/18-collections/cart_discounts.rb 0.07s 
S-sigvertex 69/391 corpus/18-collections/contact_dedupe.rb 0.06s 
S-sigvertex 70/391 corpus/08-graphs/land_islands.rb 0.05s 
S-sigvertex 71/391 corpus/08-graphs/make_rebuild.rb 0.05s 
S-sigvertex 72/391 corpus/08-graphs/maze_bfs.rb 0.04s 
S-sigvertex 73/391 corpus/08-graphs/metro_transfers.rb 0.05s 
S-sigvertex 74/391 corpus/08-graphs/org_chart_lca.rb 0.06s 
S-sigvertex 75/391 corpus/13-polymorphism/calendar_dates.rb 0.08s 
S-sigvertex 76/391 corpus/13-polymorphism/color_palette.rb 0.08s 
S-sigvertex 77/391 corpus/13-polymorphism/doc_render.rb 0.08s 
S-sigvertex 78/391 corpus/08-graphs/pipeline_flow.rb 0.05s 
S-sigvertex 79/391 corpus/08-graphs/word_ladder.rb 0.06s 
S-sigvertex 80/391 corpus/05-sorting/hashtag_trends.rb 0.05s 
S-sigvertex 81/391 corpus/05-sorting/heap_scheduler.rb 0.06s 
S-sigvertex 82/391 corpus/05-sorting/kway_log_merge.rb 0.07s 
S-sigvertex 83/391 corpus/18-collections/friend_graph.rb 0.06s 
S-sigvertex 84/391 corpus/18-collections/grade_book.rb 0.08s 
S-sigvertex 85/391 corpus/18-collections/ip_ranges.rb 0.07s 
S-sigvertex 86/391 corpus/18-collections/latency_buckets.rb 0.06s 
S-sigvertex 87/391 corpus/04-numeric/polynomial.rb 0.17s 
S-sigvertex 88/391 corpus/04-numeric/root_finding.rb 0.09s 
S-sigvertex 89/391 corpus/04-numeric/special_functions.rb 0.11s 
S-sigvertex 90/391 corpus/04-numeric/time_series.rb 0.07s 
S-sigvertex 91/391 corpus/04-numeric/vector_geometry.rb 0.07s 
S-sigvertex 92/391 corpus/14-errors/bank_transfers.rb 0.05s 
S-sigvertex 93/391 corpus/14-errors/card_validation.rb 0.06s 
S-sigvertex 94/391 corpus/14-errors/config_loader.rb 0.06s 
S-sigvertex 95/391 corpus/14-errors/contracts.rb 0.05s 
S-sigvertex 96/391 corpus/07-trees/merkle_sync.rb 0.09s 
S-sigvertex 97/391 corpus/07-trees/org_chart.rb 0.07s 
S-sigvertex 98/391 corpus/07-trees/quadtree.rb 0.05s 
S-sigvertex 99/391 corpus/07-trees/rope_editor.rb 0.1s 
S-sigvertex 100/391 corpus/11-simulation/ecosystem_patches.rb 0.06s 
S-sigvertex 101/391 corpus/11-simulation/elevator_scan.rb 0.06s 
S-sigvertex 102/391 corpus/11-simulation/hotel_bookings.rb 0.06s 
S-sigvertex 103/391 corpus/07-trees/spanning_tree.rb 0.06s 
S-sigvertex 104/391 corpus/07-trees/taxonomy_lca.rb 0.07s 
S-sigvertex 105/391 corpus/07-trees/traversals.rb 0.08s 
S-sigvertex 106/391 corpus/07-trees/tree_codec.rb 0.08s 
S-sigvertex 107/391 corpus/07-trees/trie_autocomplete.rb 0.07s 
S-sigvertex 108/391 corpus/12-parsers/lisp_interp.rb 0.1s 
S-sigvertex 109/391 corpus/12-parsers/markdown.rb 0.07s 
S-sigvertex 110/391 corpus/12-parsers/pratt_parser.rb 0.15s 
S-sigvertex 111/391 corpus/12-parsers/query_engine.rb 0.11s 
S-sigvertex 112/391 corpus/12-parsers/regex_matcher.rb 0.08s 
S-sigvertex 113/391 corpus/06-linked/lfu_cache_buckets.rb 0.06s 
S-sigvertex 114/391 corpus/06-linked/list_toolkit.rb 0.06s 
S-sigvertex 115/391 corpus/06-linked/lru_cache.rb 0.05s 
S-sigvertex 116/391 corpus/06-linked/markup_tag_checker.rb 0.05s 
S-sigvertex 117/391 corpus/06-linked/merge_log_streams.rb 0.07s 
S-sigvertex 118/391 corpus/16-dates/activity_heatmap.rb 0.09s 
S-sigvertex 119/391 corpus/16-dates/age_calculator.rb 0.08s 
S-sigvertex 120/391 corpus/16-dates/billing_cycles.rb 0.09s 
S-sigvertex 121/391 corpus/16-dates/calendar_systems.rb 0.09s 
S-sigvertex 122/391 corpus/11-simulation/bank_ledger.rb 0.07s 
S-sigvertex 123/391 corpus/11-simulation/car_rental.rb 0.06s 
S-sigvertex 124/391 corpus/11-simulation/checkout_lanes.rb 0.05s 
S-sigvertex 125/391 corpus/02-analytics/language_guess.rb 0.06s 
S-sigvertex 126/391 corpus/02-analytics/log_summary.rb 0.07s 
S-sigvertex 127/391 corpus/02-analytics/near_duplicates.rb 0.06s 
S-sigvertex 128/391 corpus/04-numeric/bezier_curves.rb 0.1s 
S-sigvertex 129/391 corpus/04-numeric/correlation_matrix.rb 0.09s 
S-sigvertex 130/391 corpus/04-numeric/curve_fitting.rb 0.09s 
S-sigvertex 131/391 corpus/14-errors/csv_import.rb 0.05s 
S-sigvertex 132/391 corpus/20-business/invoice_generator.rb 0.09s 
S-sigvertex 133/391 corpus/20-business/parking_garage.rb 0.06s 
S-sigvertex 134/391 corpus/20-business/rental_fleet.rb 0.07s 
S-sigvertex 135/391 corpus/07-trees/interval_bookings.rb 0.07s 
S-sigvertex 136/391 corpus/07-trees/ip_route_trie.rb 0.06s 
S-sigvertex 137/391 corpus/07-trees/kd_tree.rb 0.07s 
S-sigvertex 138/391 corpus/07-trees/lazy_seat_inventory.rb 0.07s 
S-sigvertex 139/391 corpus/01-text/template_render.rb 0.05s 
S-sigvertex 140/391 corpus/01-text/text_box.rb 0.05s 
S-sigvertex 141/391 corpus/01-text/text_stats.rb 0.06s 
S-sigvertex 142/391 corpus/01-text/whitespace_tidy.rb 0.06s 
S-sigvertex 143/391 corpus/01-text/word_wrap.rb 0.05s 
S-sigvertex 144/391 corpus/15-data/fulfillment_report.rb 0.13s 
S-sigvertex 145/391 corpus/15-data/fx_conversion.rb 0.07s 
S-sigvertex 146/391 corpus/15-data/grade_book.rb 0.07s 
S-sigvertex 147/391 corpus/08-graphs/critical_path.rb 0.06s 
S-sigvertex 148/391 corpus/08-graphs/currency_paths.rb 0.07s 
S-sigvertex 149/391 corpus/08-graphs/dot_stats.rb 0.06s 
S-sigvertex 150/391 corpus/20-business/expense_tracker.rb 0.07s 
S-sigvertex 151/391 corpus/20-business/gym_membership.rb 0.04s 
S-sigvertex 152/391 corpus/20-business/inventory_reorder.rb 0.07s 
S-sigvertex 153/391 corpus/19-statemachines/dfa_minimize.rb 0.05s 
S-sigvertex 154/391 corpus/19-statemachines/elevator.rb 0.05s 
S-sigvertex 155/391 corpus/19-statemachines/enemy_ai.rb 0.05s 
S-sigvertex 156/391 corpus/19-statemachines/event_sourcing.rb 0.07s 
S-sigvertex 157/391 corpus/10-grids/battleship.rb 0.06s 
S-sigvertex 158/391 corpus/10-grids/chess_attacks.rb 0.08s 
S-sigvertex 159/391 corpus/10-grids/connect_four.rb 0.06s 
S-sigvertex 160/391 corpus/10-grids/crossword.rb 0.06s 
S-sigvertex 161/391 corpus/10-grids/falling_sand.rb 0.05s 
S-sigvertex 162/391 corpus/11-simulation/inventory_reorder.rb 0.06s 
S-sigvertex 163/391 corpus/11-simulation/library_loans.rb 0.07s 
S-sigvertex 164/391 corpus/11-simulation/life_torus.rb 0.05s 
S-sigvertex 165/391 corpus/11-simulation/order_book.rb 0.08s 
S-sigvertex 166/391 corpus/07-trees/dom_tree.rb 0.09s 
S-sigvertex 167/391 corpus/07-trees/expression_tree.rb 0.11s 
S-sigvertex 168/391 corpus/07-trees/fenwick_ranks.rb 0.06s 
S-sigvertex 169/391 corpus/07-trees/filesystem_du.rb 0.07s 
S-sigvertex 170/391 corpus/07-trees/heap_scheduler.rb 0.06s 
S-sigvertex 171/391 corpus/18-collections/range_set.rb 0.08s 
S-sigvertex 172/391 corpus/18-collections/role_permissions.rb 0.08s 
S-sigvertex 173/391 corpus/18-collections/sales_pivot.rb 0.07s 
S-sigvertex 174/391 corpus/18-collections/sensor_merge.rb 0.06s 
S-sigvertex 175/391 corpus/08-graphs/exam_slots.rb 0.05s 
S-sigvertex 176/391 corpus/08-graphs/floyd_transit.rb 0.07s 
S-sigvertex 177/391 corpus/08-graphs/friend_groups.rb 0.06s 
S-sigvertex 178/391 corpus/08-graphs/kruskal_network.rb 0.05s 
S-sigvertex 179/391 corpus/12-parsers/csv_parser.rb 0.06s 
S-sigvertex 180/391 corpus/12-parsers/forth.rb 0.07s 
S-sigvertex 181/391 corpus/12-parsers/indent_lexer.rb 0.05s 
S-sigvertex 182/391 corpus/12-parsers/ini_parser.rb 0.06s 
S-sigvertex 183/391 corpus/12-parsers/json_parser.rb 0.1s 
S-sigvertex 184/391 corpus/11-simulation/teller_queue_des.rb 0.06s 
S-sigvertex 185/391 corpus/11-simulation/thermostat_house.rb 0.06s 
S-sigvertex 186/391 corpus/11-simulation/vending_machine.rb 0.05s 
S-sigvertex 187/391 corpus/11-simulation/water_tanks.rb 0.06s 
S-sigvertex 188/391 corpus/13-polymorphism/stack_vm.rb 0.08s 
S-sigvertex 189/391 corpus/13-polymorphism/task_heap.rb 0.07s 
S-sigvertex 190/391 corpus/13-polymorphism/temperature_units.rb 0.11s 
S-sigvertex 191/391 corpus/13-polymorphism/vector_polygon.rb 0.09s 
S-sigvertex 192/391 corpus/13-polymorphism/version_constraints.rb 0.07s 
S-sigvertex 193/391 corpus/16-dates/room_booking.rb 0.06s 
S-sigvertex 194/391 corpus/16-dates/shift_rota.rb 0.06s 
S-sigvertex 195/391 corpus/16-dates/time_zones.rb 0.09s 
S-sigvertex 196/391 corpus/16-dates/timesheet.rb 0.07s 
S-sigvertex 197/391 corpus/16-dates/timetable.rb 0.05s 
S-sigvertex 198/391 corpus/15-data/invoice_totals.rb 0.07s 
S-sigvertex 199/391 corpus/15-data/league_standings.rb 0.06s 
S-sigvertex 200/391 corpus/15-data/metric_anomalies.rb 0.09s 
S-sigvertex 201/391 corpus/15-data/quality_rules.rb 0.05s 
S-sigvertex 202/391 corpus/15-data/sales_by_region.rb 0.06s 
S-sigvertex 203/391 corpus/14-errors/result_pipeline.rb 0.06s 
S-sigvertex 204/391 corpus/14-errors/retry_backoff.rb 0.05s 
S-sigvertex 205/391 corpus/14-errors/unit_quantities.rb 0.06s 
S-sigvertex 206/391 corpus/14-errors/warehouse_reservation.rb 0.06s 
S-sigvertex 207/391 corpus/10-grids/sokoban.rb 0.06s 
S-sigvertex 208/391 corpus/10-grids/sudoku_solver.rb 0.06s 
S-sigvertex 209/391 corpus/10-grids/terrain_dijkstra.rb 0.05s 
S-sigvertex 210/391 corpus/10-grids/tic_tac_toe.rb 0.05s 
S-sigvertex 211/391 corpus/10-grids/word_search.rb 0.05s 
S-sigvertex 212/391 corpus/16-dates/easter.rb 0.09s 
S-sigvertex 213/391 corpus/16-dates/fiscal_quarters.rb 0.07s 
S-sigvertex 214/391 corpus/16-dates/iso_week.rb 0.09s 
S-sigvertex 215/391 corpus/16-dates/meeting_scheduler.rb 0.06s 
S-sigvertex 216/391 corpus/04-numeric/monte_carlo.rb 0.07s 
S-sigvertex 217/391 corpus/04-numeric/numeric_integration.rb 0.08s 
S-sigvertex 218/391 corpus/04-numeric/numerical_derivatives.rb 0.09s 
S-sigvertex 219/391 corpus/04-numeric/ode_solver.rb 0.09s 
S-sigvertex 220/391 corpus/04-numeric/optimization.rb 0.09s 
S-sigvertex 221/391 corpus/16-dates/moon_phases.rb 0.12s 
S-sigvertex 222/391 corpus/16-dates/parking_fees.rb 0.08s 
S-sigvertex 223/391 corpus/16-dates/recurring_events.rb 0.08s 
S-sigvertex 224/391 corpus/12-parsers/rpn_calc.rb 0.06s 
S-sigvertex 225/391 corpus/12-parsers/shunting_yard.rb 0.07s 
S-sigvertex 226/391 corpus/12-parsers/stack_vm.rb 0.08s 
S-sigvertex 227/391 corpus/12-parsers/symbolic_diff.rb 0.13s 
S-sigvertex 228/391 corpus/12-parsers/template_engine.rb 0.1s 
S-sigvertex 229/391 corpus/10-grids/lights_out.rb 0.06s 
S-sigvertex 230/391 corpus/10-grids/magic_square.rb 0.04s 
S-sigvertex 231/391 corpus/10-grids/matrix_spiral.rb 0.06s 
S-sigvertex 232/391 corpus/10-grids/maze_bfs.rb 0.05s 
S-sigvertex 233/391 corpus/16-dates/cron_schedule.rb 0.1s 
S-sigvertex 234/391 corpus/16-dates/date_arith.rb 0.08s 
S-sigvertex 235/391 corpus/16-dates/day_of_week.rb 0.07s 
S-sigvertex 236/391 corpus/16-dates/durations.rb 0.07s 
S-sigvertex 237/391 corpus/19-statemachines/bank_queue_sim.rb 0.05s 
S-sigvertex 238/391 corpus/19-statemachines/button_debounce.rb 0.04s 
S-sigvertex 239/391 corpus/19-statemachines/circuit_breaker.rb 0.06s 
S-sigvertex 240/391 corpus/06-linked/cycle_detection.rb 0.06s 
S-sigvertex 241/391 corpus/06-linked/deque_sliding_window.rb 0.05s 
S-sigvertex 242/391 corpus/06-linked/digit_list_bignum.rb 0.06s 
S-sigvertex 243/391 corpus/06-linked/free_list_pool.rb 0.06s 
S-sigvertex 244/391 corpus/06-linked/josephus_circle.rb 0.06s 
S-sigvertex 245/391 corpus/03-numtheory/miller_rabin.rb 0.07s 
S-sigvertex 246/391 corpus/03-numtheory/modular_crt.rb 0.07s 
S-sigvertex 247/391 corpus/03-numtheory/perfect_amicable.rb 0.05s 
S-sigvertex 248/391 corpus/03-numtheory/pollard_rho.rb 0.09s 
S-sigvertex 249/391 corpus/03-numtheory/primitive_roots.rb 0.12s 
S-sigvertex 250/391 corpus/02-analytics/email_domains.rb 0.06s 
S-sigvertex 251/391 corpus/02-analytics/hashtag_trends.rb 0.07s 
S-sigvertex 252/391 corpus/02-analytics/inverted_index.rb 0.07s 
S-sigvertex 253/391 corpus/02-analytics/kwic_concordance.rb 0.06s 
S-sigvertex 254/391 corpus/04-numeric/interval_arithmetic.rb 0.11s 
S-sigvertex 255/391 corpus/04-numeric/linear_regression.rb 0.07s 
S-sigvertex 256/391 corpus/04-numeric/lu_decomposition.rb 0.08s 
S-sigvertex 257/391 corpus/04-numeric/matrix_ops.rb 0.1s 
S-sigvertex 258/391 corpus/09-dp/digit_counting.rb 0.08s 
S-sigvertex 259/391 corpus/09-dp/edit_distance.rb 0.07s 
S-sigvertex 260/391 corpus/09-dp/grid_paths.rb 0.07s 
S-sigvertex 261/391 corpus/17-encodings/playfair.rb 0.07s 
S-sigvertex 262/391 corpus/17-encodings/protobuf_wire.rb 0.09s 
S-sigvertex 263/391 corpus/01-text/csv_report.rb 0.07s 
S-sigvertex 264/391 corpus/01-text/date_format.rb 0.08s 
S-sigvertex 265/391 corpus/01-text/human_format.rb 0.08s 
S-sigvertex 266/391 corpus/01-text/inflector.rb 0.05s 
S-sigvertex 267/391 corpus/17-encodings/hex_dump.rb 0.07s 
S-sigvertex 268/391 corpus/17-encodings/huffman.rb 0.06s 
S-sigvertex 269/391 corpus/17-encodings/morse.rb 0.07s 
S-sigvertex 270/391 corpus/17-encodings/murmur_ring.rb 0.06s 
S-sigvertex 271/391 corpus/02-analytics/ngram_counts.rb 0.06s 
S-sigvertex 272/391 corpus/02-analytics/rake_keywords.rb 0.1s 
S-sigvertex 273/391 corpus/02-analytics/readability.rb 0.06s 
S-sigvertex 274/391 corpus/02-analytics/rhyme_scheme.rb 0.05s 
S-sigvertex 275/391 corpus/07-trees/avl_tree.rb 0.09s 
S-sigvertex 276/391 corpus/07-trees/bill_of_materials.rb 0.06s 
S-sigvertex 277/391 corpus/07-trees/bst_basic.rb 0.08s 
S-sigvertex 278/391 corpus/07-trees/decision_tree.rb 0.07s 
S-sigvertex 279/391 corpus/01-text/markdown_table.rb 0.08s 
S-sigvertex 280/391 corpus/01-text/number_words.rb 0.07s 
S-sigvertex 281/391 corpus/01-text/spell_suggest.rb 0.07s 
S-sigvertex 282/391 corpus/02-analytics/soundex_index.rb 0.05s 
S-sigvertex 283/391 corpus/02-analytics/spell_suggest.rb 0.06s 
S-sigvertex 284/391 corpus/02-analytics/vocabulary_growth.rb 0.08s 
S-sigvertex 285/391 corpus/03-numtheory/digit_curiosities.rb 0.08s 
S-sigvertex 286/391 corpus/03-numtheory/egyptian_fractions.rb 0.11s 
S-sigvertex 287/391 corpus/03-numtheory/factor_functions.rb 0.08s 
S-sigvertex 288/391 corpus/03-numtheory/farey_stern_brocot.rb 0.1s 
S-sigvertex 289/391 corpus/03-numtheory/fibonacci_numbers.rb 0.11s 
S-sigvertex 290/391 corpus/09-dp/held_karp.rb 0.07s 
S-sigvertex 291/391 corpus/09-dp/house_robber.rb 0.06s 
S-sigvertex 292/391 corpus/09-dp/interval_scheduling.rb 0.06s 
S-sigvertex 293/391 corpus/09-dp/lcs_diff.rb 0.07s 
S-sigvertex 294/391 corpus/04-numeric/eigenvalues.rb 0.13s 
S-sigvertex 295/391 corpus/04-numeric/float_accuracy.rb 0.1s 
S-sigvertex 296/391 corpus/04-numeric/fourier_spectrum.rb 0.11s 
S-sigvertex 297/391 corpus/04-numeric/gaussian_elimination.rb 0.13s 
S-sigvertex 298/391 corpus/04-numeric/histogram_fit.rb 0.08s 
S-sigvertex 299/391 corpus/18-collections/library_loans.rb 0.1s 
S-sigvertex 300/391 corpus/18-collections/lottery.rb 0.08s 
S-sigvertex 301/391 corpus/18-collections/paginate.rb 0.09s 
S-sigvertex 302/391 corpus/18-collections/prime_sets.rb 0.08s 
S-sigvertex 303/391 corpus/15-data/size_histogram.rb 0.05s 
S-sigvertex 304/391 corpus/15-data/survey_crosstab.rb 0.07s 
S-sigvertex 305/391 corpus/15-data/table_renderer.rb 0.07s 
S-sigvertex 306/391 corpus/14-errors/order_lifecycle.rb 0.06s 
S-sigvertex 307/391 corpus/14-errors/param_coercion.rb 0.06s 
S-sigvertex 308/391 corpus/14-errors/registration_form.rb 0.05s 
S-sigvertex 309/391 corpus/06-linked/sparse_matrix_rows.rb 0.07s 
S-sigvertex 310/391 corpus/06-linked/sparse_polynomial.rb 0.07s 
S-sigvertex 311/391 corpus/06-linked/triage_priority_list.rb 0.05s 
S-sigvertex 312/391 corpus/06-linked/two_stack_print_queue.rb 0.05s 
S-sigvertex 313/391 corpus/06-linked/undo_redo_editor.rb 0.06s 
S-sigvertex 314/391 corpus/15-data/access_log_report.rb 0.08s 
S-sigvertex 315/391 corpus/15-data/bank_reconcile.rb 0.08s 
S-sigvertex 316/391 corpus/15-data/clickstream_sessions.rb 0.08s 
S-sigvertex 317/391 corpus/15-data/cohort_retention.rb 0.09s 
S-sigvertex 318/391 corpus/11-simulation/packet_network.rb 0.06s 
S-sigvertex 319/391 corpus/11-simulation/ring_road_traffic.rb 0.07s 
S-sigvertex 320/391 corpus/11-simulation/runway_ops.rb 0.07s 
S-sigvertex 321/391 corpus/11-simulation/sandpile.rb 0.07s 
S-sigvertex 322/391 corpus/05-sorting/quicksort_median3.rb 0.1s 
S-sigvertex 323/391 corpus/05-sorting/radix_order_ids.rb 0.06s 
S-sigvertex 324/391 corpus/05-sorting/sensor_quickselect.rb 0.09s 
S-sigvertex 325/391 corpus/05-sorting/shell_sort_gaps.rb 0.06s 
S-sigvertex 326/391 corpus/20-business/ticket_helpdesk.rb 0.07s 
S-sigvertex 327/391 corpus/20-business/timesheet.rb 0.07s 
S-sigvertex 328/391 corpus/20-business/todo_list.rb 0.07s 
S-sigvertex 329/391 corpus/20-business/vendor_quotes.rb 0.08s 
S-sigvertex 330/391 corpus/20-business/warehouse_picking.rb 0.06s 
S-sigvertex 331/391 corpus/05-sorting/autocomplete_msd.rb 0.07s 
S-sigvertex 332/391 corpus/05-sorting/bisect_on_answer.rb 0.07s 
S-sigvertex 333/391 corpus/05-sorting/bucket_sort_ratings.rb 0.07s 
S-sigvertex 334/391 corpus/05-sorting/external_sort_sim.rb 0.08s 
S-sigvertex 335/391 corpus/05-sorting/gift_two_pointers.rb 0.07s 
S-sigvertex 336/391 corpus/06-linked/ring_buffer_metrics.rb 0.06s 
S-sigvertex 337/391 corpus/06-linked/rpn_stack_calculator.rb 0.07s 
S-sigvertex 338/391 corpus/06-linked/singly_linked_list.rb 0.06s 
S-sigvertex 339/391 corpus/06-linked/skip_list_index.rb 0.07s 
S-sigvertex 340/391 corpus/13-polymorphism/matrix_ops.rb 0.15s 
S-sigvertex 341/391 corpus/13-polymorphism/modint_combinatorics.rb 0.1s 
S-sigvertex 342/391 corpus/13-polymorphism/money_ledger.rb 0.09s 
S-sigvertex 343/391 corpus/13-polymorphism/notify_channels.rb 0.07s 
S-sigvertex 344/391 corpus/13-polymorphism/payroll.rb 0.07s 
S-sigvertex 345/391 corpus/17-encodings/transposition.rb 0.07s 
S-sigvertex 346/391 corpus/17-encodings/vigenere.rb 0.07s 
S-sigvertex 347/391 corpus/12-parsers/assembler.rb 0.09s 
S-sigvertex 348/391 corpus/12-parsers/brainfuck.rb 0.06s 
S-sigvertex 349/391 corpus/12-parsers/calc_rd.rb 0.09s 
S-sigvertex 350/391 corpus/12-parsers/cmdline_parser.rb 0.09s 
S-sigvertex 351/391 corpus/20-business/restaurant_orders.rb 0.07s 
S-sigvertex 352/391 corpus/20-business/room_reservations.rb 0.08s 
S-sigvertex 353/391 corpus/20-business/sales_report.rb 0.08s 
S-sigvertex 354/391 corpus/20-business/shopping_cart.rb 0.09s 
S-sigvertex 355/391 corpus/20-business/subscription_billing.rb 0.08s 
S-sigvertex 356/391 corpus/08-graphs/astar_terrain.rb 0.06s 
S-sigvertex 357/391 corpus/08-graphs/bellman_ford.rb 0.06s 
S-sigvertex 358/391 corpus/08-graphs/centrality.rb 0.07s 
S-sigvertex 359/391 corpus/08-graphs/course_schedule.rb 0.06s 
S-sigvertex 360/391 corpus/08-graphs/critical_links.rb 0.06s 
S-sigvertex 361/391 corpus/17-encodings/ascii85.rb 0.07s 
S-sigvertex 362/391 corpus/17-encodings/base32_ids.rb 0.06s 
S-sigvertex 363/391 corpus/17-encodings/base64_codec.rb 0.08s 
S-sigvertex 364/391 corpus/17-encodings/bloom_filter.rb 0.06s 
S-sigvertex 365/391 corpus/14-errors/job_queue.rb 0.07s 
S-sigvertex 366/391 corpus/14-errors/ledger_reconcile.rb 0.06s 
S-sigvertex 367/391 corpus/14-errors/log_triage.rb 0.07s 
S-sigvertex 368/391 corpus/14-errors/matrix_checks.rb 0.14s 
S-sigvertex 369/391 corpus/13-polymorphism/duration_timesheet.rb 0.09s 
S-sigvertex 370/391 corpus/13-polymorphism/fraction_math.rb 0.09s 
S-sigvertex 371/391 corpus/13-polymorphism/interval_arith.rb 0.12s 
S-sigvertex 372/391 corpus/13-polymorphism/life_grid.rb 0.06s 
S-sigvertex 373/391 corpus/03-numtheory/happy_cycles.rb 0.05s 
S-sigvertex 374/391 corpus/03-numtheory/integer_partitions.rb 0.07s 
S-sigvertex 375/391 corpus/03-numtheory/linear_diophantine.rb 0.07s 
S-sigvertex 376/391 corpus/12-parsers/tiny_basic.rb 0.08s 
S-sigvertex 377/391 corpus/12-parsers/tokenizer.rb 0.07s 
S-sigvertex 378/391 corpus/09-dp/sequence_alignment.rb 0.07s 
S-sigvertex 379/391 corpus/09-dp/stock_trading.rb 0.07s 
S-sigvertex 380/391 corpus/09-dp/subset_partition.rb 0.05s 
S-sigvertex 381/391 corpus/09-dp/viterbi.rb 0.06s 
S-sigvertex 382/391 corpus/09-dp/word_break.rb 0.06s 
S-sigvertex 383/391 corpus/13-polymorphism/physical_quantities.rb 0.12s 
S-sigvertex 384/391 corpus/13-polymorphism/polynomial.rb 0.14s 
S-sigvertex 385/391 corpus/13-polymorphism/quaternion_rotation.rb 0.11s 
S-sigvertex 386/391 corpus/13-polymorphism/shapes_area.rb 0.08s 
S-sigvertex 387/391 corpus/13-polymorphism/sparse_vector.rb 0.07s 
S-sigvertex 388/391 corpus/03-numtheory/quadratic_residues.rb 0.09s 
S-sigvertex 389/391 corpus/03-numtheory/repeating_decimals.rb 0.08s 
S-sigvertex 390/391 corpus/03-numtheory/rsa_toy.rb 0.08s 
S-sigvertex 391/391 corpus/03-numtheory/sieve_primes.rb 0.06s 
S-modfunc 1/391 corpus/17-encodings/caesar_cracker.rb 0.06s 
S-modfunc 2/391 corpus/17-encodings/check_digits.rb 0.05s 
S-modfunc 3/391 corpus/17-encodings/frame_parser.rb 0.08s 
S-modfunc 4/391 corpus/17-encodings/hamming_secded.rb 0.07s 
S-modfunc 5/391 corpus/19-statemachines/smtp_session.rb 0.05s 
S-modfunc 6/391 corpus/03-numtheory/base_conversion.rb 0.08s 
S-modfunc 7/391 corpus/03-numtheory/calendar_congruences.rb 0.11s 
S-modfunc 8/391 corpus/03-numtheory/check_digits.rb 0.08s 
S-modfunc 9/391 corpus/03-numtheory/collatz_stats.rb 0.06s 
S-modfunc 10/391 corpus/03-numtheory/continued_fractions.rb 0.08s 
S-modfunc 11/391 corpus/05-sorting/library_catalog.rb 0.09s 
S-modfunc 12/391 corpus/05-sorting/log_time_bisect.rb 0.07s 
S-modfunc 13/391 corpus/05-sorting/meeting_intervals.rb 0.07s 
S-modfunc 14/391 corpus/05-sorting/natural_runs_sort.rb 0.11s 
S-modfunc 15/391 corpus/10-grids/minesweeper.rb 0.06s 
S-modfunc 16/391 corpus/10-grids/n_queens.rb 0.05s 
S-modfunc 17/391 corpus/10-grids/nonogram.rb 0.07s 
S-modfunc 18/391 corpus/10-grids/othello.rb 0.07s 
S-modfunc 19/391 corpus/10-grids/sliding_puzzle.rb 0.06s 
S-modfunc 20/391 corpus/02-analytics/access_log_urls.rb 0.07s 
S-modfunc 21/391 corpus/02-analytics/anagram_groups.rb 0.06s 
S-modfunc 22/391 corpus/02-analytics/autocomplete.rb 0.05s 
S-modfunc 23/391 corpus/02-analytics/cooccurrence_pmi.rb 0.07s 
S-modfunc 24/391 corpus/09-dp/coin_change.rb 0.11s 
S-modfunc 25/391 corpus/09-dp/company_party.rb 0.07s 
S-modfunc 26/391 corpus/09-dp/decode_ways.rb 0.07s 
S-modfunc 27/391 corpus/20-business/appointment_scheduler.rb 0.07s 
S-modfunc 28/391 corpus/20-business/bank_ledger.rb 0.09s 
S-modfunc 29/391 corpus/20-business/customer_loyalty.rb 0.06s 
S-modfunc 30/391 corpus/20-business/event_registration.rb 0.08s 
S-modfunc 31/391 corpus/18-collections/word_pipeline.rb 0.09s 
S-modfunc 32/391 corpus/18-collections/word_rack.rb 0.07s 
S-modfunc 33/391 corpus/19-statemachines/expr_lexer.rb 0.06s 
S-modfunc 34/391 corpus/19-statemachines/http_parser.rb 0.07s 
S-modfunc 35/391 corpus/15-data/customer_dedupe.rb 0.08s 
S-modfunc 36/391 corpus/15-data/employee_dept_join.rb 0.09s 
S-modfunc 37/391 corpus/15-data/etl_star_schema.rb 0.13s 
S-modfunc 38/391 corpus/15-data/expense_pivot.rb 0.07s 
S-modfunc 39/391 corpus/06-linked/bank_teller_sim.rb 0.06s 
S-modfunc 40/391 corpus/06-linked/browser_history.rb 0.05s 
S-modfunc 41/391 corpus/06-linked/chained_hash_table.rb 0.06s 
S-modfunc 42/391 corpus/06-linked/circular_playlist.rb 0.08s 
S-modfunc 43/391 corpus/01-text/ascii_table.rb 0.08s 
S-modfunc 44/391 corpus/01-text/bwt_rle.rb 0.07s 
S-modfunc 45/391 corpus/01-text/case_convert.rb 0.07s 
S-modfunc 46/391 corpus/10-grids/flood_fill.rb 0.06s 
S-modfunc 47/391 corpus/10-grids/game_2048.rb 0.07s 
S-modfunc 48/391 corpus/10-grids/game_of_life.rb 0.06s 
S-modfunc 49/391 corpus/10-grids/hex_game.rb 0.06s 
S-modfunc 50/391 corpus/10-grids/knights_tour.rb 0.06s 
S-modfunc 51/391 corpus/05-sorting/sorted_matrix_search.rb 0.06s 
S-modfunc 52/391 corpus/05-sorting/trail_peak_search.rb 0.08s 
S-modfunc 53/391 corpus/05-sorting/version_resolver.rb 0.07s 
S-modfunc 54/391 corpus/09-dp/line_breaking.rb 0.07s 
S-modfunc 55/391 corpus/09-dp/longest_increasing.rb 0.07s 
S-modfunc 56/391 corpus/09-dp/matrix_chain.rb 0.07s 
S-modfunc 57/391 corpus/09-dp/optimal_bst.rb 0.08s 
S-modfunc 58/391 corpus/09-dp/palindromes.rb 0.07s 
S-modfunc 59/391 corpus/01-text/ini_config.rb 0.07s 
S-modfunc 60/391 corpus/01-text/json_pretty.rb 0.1s 
S-modfunc 61/391 corpus/01-text/justify_text.rb 0.07s 
S-modfunc 62/391 corpus/01-text/line_diff.rb 0.07s 
S-modfunc 63/391 corpus/01-text/markdown_html.rb 0.07s 
S-modfunc 64/391 corpus/19-statemachines/markdown_blocks.rb 0.05s 
S-modfunc 65/391 corpus/19-statemachines/morse_decoder.rb 0.05s 
S-modfunc 66/391 corpus/19-statemachines/order_workflow.rb 0.06s 
S-modfunc 67/391 corpus/19-statemachines/regex_nfa.rb 0.07s 
S-modfunc 68/391 corpus/18-collections/cart_discounts.rb 0.09s 
S-modfunc 69/391 corpus/18-collections/contact_dedupe.rb 0.07s 
S-modfunc 70/391 corpus/08-graphs/land_islands.rb 0.05s 
S-modfunc 71/391 corpus/08-graphs/make_rebuild.rb 0.06s 
S-modfunc 72/391 corpus/08-graphs/maze_bfs.rb 0.05s 
S-modfunc 73/391 corpus/08-graphs/metro_transfers.rb 0.05s 
S-modfunc 74/391 corpus/08-graphs/org_chart_lca.rb 0.07s 
S-modfunc 75/391 corpus/13-polymorphism/calendar_dates.rb 0.09s 
S-modfunc 76/391 corpus/13-polymorphism/color_palette.rb 0.08s 
S-modfunc 77/391 corpus/13-polymorphism/doc_render.rb 0.07s 
S-modfunc 78/391 corpus/08-graphs/pipeline_flow.rb 0.05s 
S-modfunc 79/391 corpus/08-graphs/word_ladder.rb 0.05s 
S-modfunc 80/391 corpus/05-sorting/hashtag_trends.rb 0.05s 
S-modfunc 81/391 corpus/05-sorting/heap_scheduler.rb 0.07s 
S-modfunc 82/391 corpus/05-sorting/kway_log_merge.rb 0.07s 
S-modfunc 83/391 corpus/18-collections/friend_graph.rb 0.06s 
S-modfunc 84/391 corpus/18-collections/grade_book.rb 0.08s 
S-modfunc 85/391 corpus/18-collections/ip_ranges.rb 0.08s 
S-modfunc 86/391 corpus/18-collections/latency_buckets.rb 0.07s 
S-modfunc 87/391 corpus/04-numeric/polynomial.rb 0.18s 
S-modfunc 88/391 corpus/04-numeric/root_finding.rb 0.09s 
S-modfunc 89/391 corpus/04-numeric/special_functions.rb 0.11s 
S-modfunc 90/391 corpus/04-numeric/time_series.rb 0.09s 
S-modfunc 91/391 corpus/04-numeric/vector_geometry.rb 0.07s 
S-modfunc 92/391 corpus/14-errors/bank_transfers.rb 0.06s 
S-modfunc 93/391 corpus/14-errors/card_validation.rb 0.06s 
S-modfunc 94/391 corpus/14-errors/config_loader.rb 0.06s 
S-modfunc 95/391 corpus/14-errors/contracts.rb 0.05s 
S-modfunc 96/391 corpus/07-trees/merkle_sync.rb 0.08s 
S-modfunc 97/391 corpus/07-trees/org_chart.rb 0.08s 
S-modfunc 98/391 corpus/07-trees/quadtree.rb 0.06s 
S-modfunc 99/391 corpus/07-trees/rope_editor.rb 0.11s 
S-modfunc 100/391 corpus/11-simulation/ecosystem_patches.rb 0.05s 
S-modfunc 101/391 corpus/11-simulation/elevator_scan.rb 0.07s 
S-modfunc 102/391 corpus/11-simulation/hotel_bookings.rb 0.06s 
S-modfunc 103/391 corpus/07-trees/spanning_tree.rb 0.07s 
S-modfunc 104/391 corpus/07-trees/taxonomy_lca.rb 0.07s 
S-modfunc 105/391 corpus/07-trees/traversals.rb 0.09s 
S-modfunc 106/391 corpus/07-trees/tree_codec.rb 0.07s 
S-modfunc 107/391 corpus/07-trees/trie_autocomplete.rb 0.07s 
S-modfunc 108/391 corpus/12-parsers/lisp_interp.rb 0.11s 
S-modfunc 109/391 corpus/12-parsers/markdown.rb 0.07s 
S-modfunc 110/391 corpus/12-parsers/pratt_parser.rb 0.14s 
S-modfunc 111/391 corpus/12-parsers/query_engine.rb 0.11s 
S-modfunc 112/391 corpus/12-parsers/regex_matcher.rb 0.08s 
S-modfunc 113/391 corpus/06-linked/lfu_cache_buckets.rb 0.06s 
S-modfunc 114/391 corpus/06-linked/list_toolkit.rb 0.07s 
S-modfunc 115/391 corpus/06-linked/lru_cache.rb 0.06s 
S-modfunc 116/391 corpus/06-linked/markup_tag_checker.rb 0.05s 
S-modfunc 117/391 corpus/06-linked/merge_log_streams.rb 0.08s 
S-modfunc 118/391 corpus/16-dates/activity_heatmap.rb 0.09s 
S-modfunc 119/391 corpus/16-dates/age_calculator.rb 0.09s 
S-modfunc 120/391 corpus/16-dates/billing_cycles.rb 0.1s 
S-modfunc 121/391 corpus/16-dates/calendar_systems.rb 0.09s 
S-modfunc 122/391 corpus/11-simulation/bank_ledger.rb 0.07s 
S-modfunc 123/391 corpus/11-simulation/car_rental.rb 0.07s 
S-modfunc 124/391 corpus/11-simulation/checkout_lanes.rb 0.06s 
S-modfunc 125/391 corpus/02-analytics/language_guess.rb 0.06s 
S-modfunc 126/391 corpus/02-analytics/log_summary.rb 0.08s 
S-modfunc 127/391 corpus/02-analytics/near_duplicates.rb 0.06s 
S-modfunc 128/391 corpus/04-numeric/bezier_curves.rb 0.11s 
S-modfunc 129/391 corpus/04-numeric/correlation_matrix.rb 0.1s 
S-modfunc 130/391 corpus/04-numeric/curve_fitting.rb 0.1s 
S-modfunc 131/391 corpus/14-errors/csv_import.rb 0.06s 
S-modfunc 132/391 corpus/20-business/invoice_generator.rb 0.09s 
S-modfunc 133/391 corpus/20-business/parking_garage.rb 0.06s 
S-modfunc 134/391 corpus/20-business/rental_fleet.rb 0.07s 
S-modfunc 135/391 corpus/07-trees/interval_bookings.rb 0.07s 
S-modfunc 136/391 corpus/07-trees/ip_route_trie.rb 0.08s 
S-modfunc 137/391 corpus/07-trees/kd_tree.rb 0.08s 
S-modfunc 138/391 corpus/07-trees/lazy_seat_inventory.rb 0.08s 
S-modfunc 139/391 corpus/01-text/template_render.rb 0.06s 
S-modfunc 140/391 corpus/01-text/text_box.rb 0.06s 
S-modfunc 141/391 corpus/01-text/text_stats.rb 0.07s 
S-modfunc 142/391 corpus/01-text/whitespace_tidy.rb 0.07s 
S-modfunc 143/391 corpus/01-text/word_wrap.rb 0.05s 
S-modfunc 144/391 corpus/15-data/fulfillment_report.rb 0.14s 
S-modfunc 145/391 corpus/15-data/fx_conversion.rb 0.08s 
S-modfunc 146/391 corpus/15-data/grade_book.rb 0.08s 
S-modfunc 147/391 corpus/08-graphs/critical_path.rb 0.07s 
S-modfunc 148/391 corpus/08-graphs/currency_paths.rb 0.07s 
S-modfunc 149/391 corpus/08-graphs/dot_stats.rb 0.07s 
S-modfunc 150/391 corpus/20-business/expense_tracker.rb 0.09s 
S-modfunc 151/391 corpus/20-business/gym_membership.rb 0.05s 
S-modfunc 152/391 corpus/20-business/inventory_reorder.rb 0.09s 
S-modfunc 153/391 corpus/19-statemachines/dfa_minimize.rb 0.06s 
S-modfunc 154/391 corpus/19-statemachines/elevator.rb 0.05s 
S-modfunc 155/391 corpus/19-statemachines/enemy_ai.rb 0.06s 
S-modfunc 156/391 corpus/19-statemachines/event_sourcing.rb 0.07s 
S-modfunc 157/391 corpus/10-grids/battleship.rb 0.07s 
S-modfunc 158/391 corpus/10-grids/chess_attacks.rb 0.09s 
S-modfunc 159/391 corpus/10-grids/connect_four.rb 0.06s 
S-modfunc 160/391 corpus/10-grids/crossword.rb 0.06s 
S-modfunc 161/391 corpus/10-grids/falling_sand.rb 0.06s 
S-modfunc 162/391 corpus/11-simulation/inventory_reorder.rb 0.06s 
S-modfunc 163/391 corpus/11-simulation/library_loans.rb 0.08s 
S-modfunc 164/391 corpus/11-simulation/life_torus.rb 0.06s 
S-modfunc 165/391 corpus/11-simulation/order_book.rb 0.07s 
S-modfunc 166/391 corpus/07-trees/dom_tree.rb 0.2s 
S-modfunc 167/391 corpus/07-trees/expression_tree.rb 0.21s 
S-modfunc 168/391 corpus/07-trees/fenwick_ranks.rb 0.06s 
S-modfunc 169/391 corpus/07-trees/filesystem_du.rb 0.07s 
S-modfunc 170/391 corpus/07-trees/heap_scheduler.rb 0.06s 
S-modfunc 171/391 corpus/18-collections/range_set.rb 0.07s 
S-modfunc 172/391 corpus/18-collections/role_permissions.rb 0.08s 
S-modfunc 173/391 corpus/18-collections/sales_pivot.rb 0.07s 
S-modfunc 174/391 corpus/18-collections/sensor_merge.rb 0.07s 
S-modfunc 175/391 corpus/08-graphs/exam_slots.rb 0.06s 
S-modfunc 176/391 corpus/08-graphs/floyd_transit.rb 0.16s 
S-modfunc 177/391 corpus/08-graphs/friend_groups.rb 0.14s 
S-modfunc 178/391 corpus/08-graphs/kruskal_network.rb 0.05s 
S-modfunc 179/391 corpus/12-parsers/csv_parser.rb 0.06s 
S-modfunc 180/391 corpus/12-parsers/forth.rb 0.15s 
S-modfunc 181/391 corpus/12-parsers/indent_lexer.rb 0.05s 
S-modfunc 182/391 corpus/12-parsers/ini_parser.rb 0.16s 
S-modfunc 183/391 corpus/12-parsers/json_parser.rb 0.19s 
S-modfunc 184/391 corpus/11-simulation/teller_queue_des.rb 0.15s 
S-modfunc 185/391 corpus/11-simulation/thermostat_house.rb 0.16s 
S-modfunc 186/391 corpus/11-simulation/vending_machine.rb 0.15s 
S-modfunc 187/391 corpus/11-simulation/water_tanks.rb 0.17s 
S-modfunc 188/391 corpus/13-polymorphism/stack_vm.rb 0.19s 
S-modfunc 189/391 corpus/13-polymorphism/task_heap.rb 0.17s 
S-modfunc 190/391 corpus/13-polymorphism/temperature_units.rb 0.21s 
S-modfunc 191/391 corpus/13-polymorphism/vector_polygon.rb 0.19s 
S-modfunc 192/391 corpus/13-polymorphism/version_constraints.rb 0.18s 
S-modfunc 193/391 corpus/16-dates/room_booking.rb 0.16s 
S-modfunc 194/391 corpus/16-dates/shift_rota.rb 0.17s 
S-modfunc 195/391 corpus/16-dates/time_zones.rb 0.19s 
S-modfunc 196/391 corpus/16-dates/timesheet.rb 0.18s 
S-modfunc 197/391 corpus/16-dates/timetable.rb 0.15s 
S-modfunc 198/391 corpus/15-data/invoice_totals.rb 0.32s 
S-modfunc 199/391 corpus/15-data/league_standings.rb 0.5s 
S-modfunc 200/391 corpus/15-data/metric_anomalies.rb 0.89s 
S-modfunc 201/391 corpus/15-data/quality_rules.rb 0.72s 
S-modfunc 202/391 corpus/15-data/sales_by_region.rb 0.85s 
S-modfunc 203/391 corpus/14-errors/result_pipeline.rb 0.89s 
S-modfunc 204/391 corpus/14-errors/retry_backoff.rb 0.69s 
S-modfunc 205/391 corpus/14-errors/unit_quantities.rb 0.56s 
S-modfunc 206/391 corpus/14-errors/warehouse_reservation.rb 0.37s 
S-modfunc 207/391 corpus/10-grids/sokoban.rb 0.36s 
S-modfunc 208/391 corpus/10-grids/sudoku_solver.rb 0.44s 
S-modfunc 209/391 corpus/10-grids/terrain_dijkstra.rb 0.39s 
S-modfunc 210/391 corpus/10-grids/tic_tac_toe.rb 0.34s 
S-modfunc 211/391 corpus/10-grids/word_search.rb 0.29s 
S-modfunc 212/391 corpus/16-dates/easter.rb 0.54s 
S-modfunc 213/391 corpus/16-dates/fiscal_quarters.rb 0.55s 
S-modfunc 214/391 corpus/16-dates/iso_week.rb 0.52s 
S-modfunc 215/391 corpus/16-dates/meeting_scheduler.rb 0.38s 
S-modfunc 216/391 corpus/04-numeric/monte_carlo.rb 0.48s 
S-modfunc 217/391 corpus/04-numeric/numeric_integration.rb 0.49s 
S-modfunc 218/391 corpus/04-numeric/numerical_derivatives.rb 0.52s 
S-modfunc 219/391 corpus/04-numeric/ode_solver.rb 0.47s 
S-modfunc 220/391 corpus/04-numeric/optimization.rb 0.34s 
S-modfunc 221/391 corpus/16-dates/moon_phases.rb 0.11s 
S-modfunc 222/391 corpus/16-dates/parking_fees.rb 0.1s 
S-modfunc 223/391 corpus/16-dates/recurring_events.rb 0.1s 
S-modfunc 224/391 corpus/12-parsers/rpn_calc.rb 0.31s 
S-modfunc 225/391 corpus/12-parsers/shunting_yard.rb 0.45s 
S-modfunc 226/391 corpus/12-parsers/stack_vm.rb 0.58s 
S-modfunc 227/391 corpus/12-parsers/symbolic_diff.rb 0.65s 
S-modfunc 228/391 corpus/12-parsers/template_engine.rb 0.52s 
S-modfunc 229/391 corpus/10-grids/lights_out.rb 0.16s 
S-modfunc 230/391 corpus/10-grids/magic_square.rb 0.38s 
S-modfunc 231/391 corpus/10-grids/matrix_spiral.rb 0.4s 
S-modfunc 232/391 corpus/10-grids/maze_bfs.rb 0.31s 
S-modfunc 233/391 corpus/16-dates/cron_schedule.rb 0.63s 
S-modfunc 234/391 corpus/16-dates/date_arith.rb 0.46s 
S-modfunc 235/391 corpus/16-dates/day_of_week.rb 0.48s 
S-modfunc 236/391 corpus/16-dates/durations.rb 0.48s 
S-modfunc 237/391 corpus/19-statemachines/bank_queue_sim.rb 0.33s 
S-modfunc 238/391 corpus/19-statemachines/button_debounce.rb 0.21s 
S-modfunc 239/391 corpus/19-statemachines/circuit_breaker.rb 0.28s 
S-modfunc 240/391 corpus/06-linked/cycle_detection.rb 0.35s 
S-modfunc 241/391 corpus/06-linked/deque_sliding_window.rb 0.24s 
S-modfunc 242/391 corpus/06-linked/digit_list_bignum.rb 0.35s 
S-modfunc 243/391 corpus/06-linked/free_list_pool.rb 0.37s 
S-modfunc 244/391 corpus/06-linked/josephus_circle.rb 0.36s 
S-modfunc 245/391 corpus/03-numtheory/miller_rabin.rb 0.41s 
S-modfunc 246/391 corpus/03-numtheory/modular_crt.rb 0.43s 
S-modfunc 247/391 corpus/03-numtheory/perfect_amicable.rb 0.4s 
S-modfunc 248/391 corpus/03-numtheory/pollard_rho.rb 0.57s 
S-modfunc 249/391 corpus/03-numtheory/primitive_roots.rb 0.55s 
S-modfunc 250/391 corpus/02-analytics/email_domains.rb 0.37s 
S-modfunc 251/391 corpus/02-analytics/hashtag_trends.rb 0.43s 
S-modfunc 252/391 corpus/02-analytics/inverted_index.rb 0.43s 
S-modfunc 253/391 corpus/02-analytics/kwic_concordance.rb 0.34s 
S-modfunc 254/391 corpus/04-numeric/interval_arithmetic.rb 0.75s 
S-modfunc 255/391 corpus/04-numeric/linear_regression.rb 0.37s 
S-modfunc 256/391 corpus/04-numeric/lu_decomposition.rb 0.42s 
S-modfunc 257/391 corpus/04-numeric/matrix_ops.rb 0.37s 
S-modfunc 258/391 corpus/09-dp/digit_counting.rb 0.48s 
S-modfunc 259/391 corpus/09-dp/edit_distance.rb 0.41s 
S-modfunc 260/391 corpus/09-dp/grid_paths.rb 0.33s 
S-modfunc 261/391 corpus/17-encodings/playfair.rb 0.43s 
S-modfunc 262/391 corpus/17-encodings/protobuf_wire.rb 0.52s 
S-modfunc 263/391 corpus/01-text/csv_report.rb 0.5s 
S-modfunc 264/391 corpus/01-text/date_format.rb 0.6s 
S-modfunc 265/391 corpus/01-text/human_format.rb 0.51s 
S-modfunc 266/391 corpus/01-text/inflector.rb 0.36s 
S-modfunc 267/391 corpus/17-encodings/hex_dump.rb 0.48s 
S-modfunc 268/391 corpus/17-encodings/huffman.rb 0.42s 
S-modfunc 269/391 corpus/17-encodings/morse.rb 0.37s 
S-modfunc 270/391 corpus/17-encodings/murmur_ring.rb 0.38s 
S-modfunc 271/391 corpus/02-analytics/ngram_counts.rb 0.22s 
S-modfunc 272/391 corpus/02-analytics/rake_keywords.rb 0.43s 
S-modfunc 273/391 corpus/02-analytics/readability.rb 0.39s 
S-modfunc 274/391 corpus/02-analytics/rhyme_scheme.rb 0.31s 
S-modfunc 275/391 corpus/07-trees/avl_tree.rb 0.55s 
S-modfunc 276/391 corpus/07-trees/bill_of_materials.rb 0.37s 
S-modfunc 277/391 corpus/07-trees/bst_basic.rb 0.47s 
S-modfunc 278/391 corpus/07-trees/decision_tree.rb 0.51s 
S-modfunc 279/391 corpus/01-text/markdown_table.rb 0.49s 
S-modfunc 280/391 corpus/01-text/number_words.rb 0.28s 
S-modfunc 281/391 corpus/01-text/spell_suggest.rb 0.42s 
S-modfunc 282/391 corpus/02-analytics/soundex_index.rb 0.27s 
S-modfunc 283/391 corpus/02-analytics/spell_suggest.rb 0.37s 
S-modfunc 284/391 corpus/02-analytics/vocabulary_growth.rb 0.36s 
S-modfunc 285/391 corpus/03-numtheory/digit_curiosities.rb 0.4s 
S-modfunc 286/391 corpus/03-numtheory/egyptian_fractions.rb 0.42s 
S-modfunc 287/391 corpus/03-numtheory/factor_functions.rb 0.48s 
S-modfunc 288/391 corpus/03-numtheory/farey_stern_brocot.rb 0.67s 
S-modfunc 289/391 corpus/03-numtheory/fibonacci_numbers.rb 0.73s 
S-modfunc 290/391 corpus/09-dp/held_karp.rb 0.41s 
S-modfunc 291/391 corpus/09-dp/house_robber.rb 0.42s 
S-modfunc 292/391 corpus/09-dp/interval_scheduling.rb 0.33s 
S-modfunc 293/391 corpus/09-dp/lcs_diff.rb 0.34s 
S-modfunc 294/391 corpus/04-numeric/eigenvalues.rb 0.52s 
S-modfunc 295/391 corpus/04-numeric/float_accuracy.rb 0.59s 
S-modfunc 296/391 corpus/04-numeric/fourier_spectrum.rb 0.33s 
S-modfunc 297/391 corpus/04-numeric/gaussian_elimination.rb 0.64s 
S-modfunc 298/391 corpus/04-numeric/histogram_fit.rb 0.43s 
S-modfunc 299/391 corpus/18-collections/library_loans.rb 0.67s 
S-modfunc 300/391 corpus/18-collections/lottery.rb 0.39s 
S-modfunc 301/391 corpus/18-collections/paginate.rb 0.42s 
S-modfunc 302/391 corpus/18-collections/prime_sets.rb 0.5s 
S-modfunc 303/391 corpus/15-data/size_histogram.rb 0.21s 
S-modfunc 304/391 corpus/15-data/survey_crosstab.rb 0.28s 
S-modfunc 305/391 corpus/15-data/table_renderer.rb 0.32s 
S-modfunc 306/391 corpus/14-errors/order_lifecycle.rb 0.29s 
S-modfunc 307/391 corpus/14-errors/param_coercion.rb 0.29s 
S-modfunc 308/391 corpus/14-errors/registration_form.rb 0.28s 
S-modfunc 309/391 corpus/06-linked/sparse_matrix_rows.rb 0.39s 
S-modfunc 310/391 corpus/06-linked/sparse_polynomial.rb 0.31s 
S-modfunc 311/391 corpus/06-linked/triage_priority_list.rb 0.28s 
S-modfunc 312/391 corpus/06-linked/two_stack_print_queue.rb 0.37s 
S-modfunc 313/391 corpus/06-linked/undo_redo_editor.rb 0.34s 
S-modfunc 314/391 corpus/15-data/access_log_report.rb 0.5s 
S-modfunc 315/391 corpus/15-data/bank_reconcile.rb 0.23s 
S-modfunc 316/391 corpus/15-data/clickstream_sessions.rb 0.46s 
S-modfunc 317/391 corpus/15-data/cohort_retention.rb 0.36s 
S-modfunc 318/391 corpus/11-simulation/packet_network.rb 0.32s 
S-modfunc 319/391 corpus/11-simulation/ring_road_traffic.rb 0.28s 
S-modfunc 320/391 corpus/11-simulation/runway_ops.rb 0.35s 
S-modfunc 321/391 corpus/11-simulation/sandpile.rb 0.3s 
S-modfunc 322/391 corpus/05-sorting/quicksort_median3.rb 0.48s 
S-modfunc 323/391 corpus/05-sorting/radix_order_ids.rb 0.4s 
S-modfunc 324/391 corpus/05-sorting/sensor_quickselect.rb 0.5s 
S-modfunc 325/391 corpus/05-sorting/shell_sort_gaps.rb 0.39s 
S-modfunc 326/391 corpus/20-business/ticket_helpdesk.rb 0.36s 
S-modfunc 327/391 corpus/20-business/timesheet.rb 0.49s 
S-modfunc 328/391 corpus/20-business/todo_list.rb 0.38s 
S-modfunc 329/391 corpus/20-business/vendor_quotes.rb 0.35s 
S-modfunc 330/391 corpus/20-business/warehouse_picking.rb 0.43s 
S-modfunc 331/391 corpus/05-sorting/autocomplete_msd.rb 0.43s 
S-modfunc 332/391 corpus/05-sorting/bisect_on_answer.rb 0.3s 
S-modfunc 333/391 corpus/05-sorting/bucket_sort_ratings.rb 0.32s 
S-modfunc 334/391 corpus/05-sorting/external_sort_sim.rb 0.42s 
S-modfunc 335/391 corpus/05-sorting/gift_two_pointers.rb 0.41s 
S-modfunc 336/391 corpus/06-linked/ring_buffer_metrics.rb 0.32s 
S-modfunc 337/391 corpus/06-linked/rpn_stack_calculator.rb 0.42s 
S-modfunc 338/391 corpus/06-linked/singly_linked_list.rb 0.29s 
S-modfunc 339/391 corpus/06-linked/skip_list_index.rb 0.43s 
S-modfunc 340/391 corpus/13-polymorphism/matrix_ops.rb 0.67s 
S-modfunc 341/391 corpus/13-polymorphism/modint_combinatorics.rb 0.55s 
S-modfunc 342/391 corpus/13-polymorphism/money_ledger.rb 0.36s 
S-modfunc 343/391 corpus/13-polymorphism/notify_channels.rb 0.16s 
S-modfunc 344/391 corpus/13-polymorphism/payroll.rb 0.39s 
S-modfunc 345/391 corpus/17-encodings/transposition.rb 0.32s 
S-modfunc 346/391 corpus/17-encodings/vigenere.rb 0.47s 
S-modfunc 347/391 corpus/12-parsers/assembler.rb 0.62s 
S-modfunc 348/391 corpus/12-parsers/brainfuck.rb 0.35s 
S-modfunc 349/391 corpus/12-parsers/calc_rd.rb 0.41s 
S-modfunc 350/391 corpus/12-parsers/cmdline_parser.rb 0.37s 
S-modfunc 351/391 corpus/20-business/restaurant_orders.rb 0.43s 
S-modfunc 352/391 corpus/20-business/room_reservations.rb 0.54s 
S-modfunc 353/391 corpus/20-business/sales_report.rb 0.45s 
S-modfunc 354/391 corpus/20-business/shopping_cart.rb 0.5s 
S-modfunc 355/391 corpus/20-business/subscription_billing.rb 0.36s 
S-modfunc 356/391 corpus/08-graphs/astar_terrain.rb 0.22s 
S-modfunc 357/391 corpus/08-graphs/bellman_ford.rb 0.3s 
S-modfunc 358/391 corpus/08-graphs/centrality.rb 0.41s 
S-modfunc 359/391 corpus/08-graphs/course_schedule.rb 0.33s 
S-modfunc 360/391 corpus/08-graphs/critical_links.rb 0.3s 
S-modfunc 361/391 corpus/17-encodings/ascii85.rb 0.39s 
S-modfunc 362/391 corpus/17-encodings/base32_ids.rb 0.31s 
S-modfunc 363/391 corpus/17-encodings/base64_codec.rb 0.42s 
S-modfunc 364/391 corpus/17-encodings/bloom_filter.rb 0.31s 
S-modfunc 365/391 corpus/14-errors/job_queue.rb 0.34s 
S-modfunc 366/391 corpus/14-errors/ledger_reconcile.rb 0.37s 
S-modfunc 367/391 corpus/14-errors/log_triage.rb 0.31s 
S-modfunc 368/391 corpus/14-errors/matrix_checks.rb 0.66s 
S-modfunc 369/391 corpus/13-polymorphism/duration_timesheet.rb 0.54s 
S-modfunc 370/391 corpus/13-polymorphism/fraction_math.rb 0.31s 
S-modfunc 371/391 corpus/13-polymorphism/interval_arith.rb 0.66s 
S-modfunc 372/391 corpus/13-polymorphism/life_grid.rb 0.33s 
S-modfunc 373/391 corpus/03-numtheory/happy_cycles.rb 0.24s 
S-modfunc 374/391 corpus/03-numtheory/integer_partitions.rb 0.36s 
S-modfunc 375/391 corpus/03-numtheory/linear_diophantine.rb 0.44s 
S-modfunc 376/391 corpus/12-parsers/tiny_basic.rb 0.27s 
S-modfunc 377/391 corpus/12-parsers/tokenizer.rb 0.2s 
S-modfunc 378/391 corpus/09-dp/sequence_alignment.rb 0.33s 
S-modfunc 379/391 corpus/09-dp/stock_trading.rb 0.17s 
S-modfunc 380/391 corpus/09-dp/subset_partition.rb 0.14s 
S-modfunc 381/391 corpus/09-dp/viterbi.rb 0.27s 
S-modfunc 382/391 corpus/09-dp/word_break.rb 0.33s 
S-modfunc 383/391 corpus/13-polymorphism/physical_quantities.rb 0.47s 
S-modfunc 384/391 corpus/13-polymorphism/polynomial.rb 1.09s 
S-modfunc 385/391 corpus/13-polymorphism/quaternion_rotation.rb 0.91s 
S-modfunc 386/391 corpus/13-polymorphism/shapes_area.rb 0.51s 
S-modfunc 387/391 corpus/13-polymorphism/sparse_vector.rb 0.47s 
S-modfunc 388/391 corpus/03-numtheory/quadratic_residues.rb 0.79s 
S-modfunc 389/391 corpus/03-numtheory/repeating_decimals.rb 0.39s 
S-modfunc 390/391 corpus/03-numtheory/rsa_toy.rb 0.51s 
S-modfunc 391/391 corpus/03-numtheory/sieve_primes.rb 0.16s 
S-shadow 1/391 corpus/17-encodings/caesar_cracker.rb 0.28s 
S-shadow 2/391 corpus/17-encodings/check_digits.rb 0.3s 
S-shadow 3/391 corpus/17-encodings/frame_parser.rb 0.48s 
S-shadow 4/391 corpus/17-encodings/hamming_secded.rb 0.39s 
S-shadow 5/391 corpus/19-statemachines/smtp_session.rb 0.27s 
S-shadow 6/391 corpus/03-numtheory/base_conversion.rb 0.31s 
S-shadow 7/391 corpus/03-numtheory/calendar_congruences.rb 0.49s 
S-shadow 8/391 corpus/03-numtheory/check_digits.rb 0.26s 
S-shadow 9/391 corpus/03-numtheory/collatz_stats.rb 0.34s 
S-shadow 10/391 corpus/03-numtheory/continued_fractions.rb 0.55s 
S-shadow 11/391 corpus/05-sorting/library_catalog.rb 0.34s 
S-shadow 12/391 corpus/05-sorting/log_time_bisect.rb 0.34s 
S-shadow 13/391 corpus/05-sorting/meeting_intervals.rb 0.27s 
S-shadow 14/391 corpus/05-sorting/natural_runs_sort.rb 0.66s 
S-shadow 15/391 corpus/10-grids/minesweeper.rb 0.28s 
S-shadow 16/391 corpus/10-grids/n_queens.rb 199.12s #<Process::Status: pid 859711 SIGKILL (signal 9)>
S-shadow 17/391 corpus/10-grids/nonogram.rb 0.05s 
S-shadow 18/391 corpus/10-grids/othello.rb 0.06s 
S-shadow 19/391 corpus/10-grids/sliding_puzzle.rb 0.06s 
S-shadow 20/391 corpus/02-analytics/access_log_urls.rb 0.06s 
S-shadow 21/391 corpus/02-analytics/anagram_groups.rb 0.05s 
S-shadow 22/391 corpus/02-analytics/autocomplete.rb 0.05s 
S-shadow 23/391 corpus/02-analytics/cooccurrence_pmi.rb 0.05s 
S-shadow 24/391 corpus/09-dp/coin_change.rb 0.06s 
S-shadow 25/391 corpus/09-dp/company_party.rb 0.05s 
S-shadow 26/391 corpus/09-dp/decode_ways.rb 0.06s 
S-shadow 27/391 corpus/20-business/appointment_scheduler.rb 0.06s 
S-shadow 28/391 corpus/20-business/bank_ledger.rb 0.07s 
S-shadow 29/391 corpus/20-business/customer_loyalty.rb 0.05s 
S-shadow 30/391 corpus/20-business/event_registration.rb 0.05s 
S-shadow 31/391 corpus/18-collections/word_pipeline.rb 0.07s 
S-shadow 32/391 corpus/18-collections/word_rack.rb 0.06s 
S-shadow 33/391 corpus/19-statemachines/expr_lexer.rb 0.06s 
S-shadow 34/391 corpus/19-statemachines/http_parser.rb 0.06s 
S-shadow 35/391 corpus/15-data/customer_dedupe.rb 0.06s 
S-shadow 36/391 corpus/15-data/employee_dept_join.rb 0.07s 
S-shadow 37/391 corpus/15-data/etl_star_schema.rb 0.1s 
S-shadow 38/391 corpus/15-data/expense_pivot.rb 0.07s 
S-shadow 39/391 corpus/06-linked/bank_teller_sim.rb 0.05s 
S-shadow 40/391 corpus/06-linked/browser_history.rb 0.05s 
S-shadow 41/391 corpus/06-linked/chained_hash_table.rb 0.05s 
S-shadow 42/391 corpus/06-linked/circular_playlist.rb 0.06s 
S-shadow 43/391 corpus/01-text/ascii_table.rb 0.07s 
S-shadow 44/391 corpus/01-text/bwt_rle.rb 0.06s 
S-shadow 45/391 corpus/01-text/case_convert.rb 0.06s 
S-shadow 46/391 corpus/10-grids/flood_fill.rb 0.05s 
S-shadow 47/391 corpus/10-grids/game_2048.rb 0.06s 
S-shadow 48/391 corpus/10-grids/game_of_life.rb 0.05s 
S-shadow 49/391 corpus/10-grids/hex_game.rb 0.05s 
S-shadow 50/391 corpus/10-grids/knights_tour.rb 0.05s 
S-shadow 51/391 corpus/05-sorting/sorted_matrix_search.rb 0.05s 
S-shadow 52/391 corpus/05-sorting/trail_peak_search.rb 0.06s 
S-shadow 53/391 corpus/05-sorting/version_resolver.rb 0.05s 
S-shadow 54/391 corpus/09-dp/line_breaking.rb 0.05s 
S-shadow 55/391 corpus/09-dp/longest_increasing.rb 0.05s 
S-shadow 56/391 corpus/09-dp/matrix_chain.rb 0.06s 
S-shadow 57/391 corpus/09-dp/optimal_bst.rb 0.07s 
S-shadow 58/391 corpus/09-dp/palindromes.rb 0.06s 
S-shadow 59/391 corpus/01-text/ini_config.rb 0.06s 
S-shadow 60/391 corpus/01-text/json_pretty.rb 0.08s 
S-shadow 61/391 corpus/01-text/justify_text.rb 0.05s 
S-shadow 62/391 corpus/01-text/line_diff.rb 0.06s 
S-shadow 63/391 corpus/01-text/markdown_html.rb 0.05s 
S-shadow 64/391 corpus/19-statemachines/markdown_blocks.rb 0.04s 
S-shadow 65/391 corpus/19-statemachines/morse_decoder.rb 0.04s 
S-shadow 66/391 corpus/19-statemachines/order_workflow.rb 0.06s 
S-shadow 67/391 corpus/19-statemachines/regex_nfa.rb 0.06s 
S-shadow 68/391 corpus/18-collections/cart_discounts.rb 0.06s 
S-shadow 69/391 corpus/18-collections/contact_dedupe.rb 0.06s 
S-shadow 70/391 corpus/08-graphs/land_islands.rb 0.05s 
S-shadow 71/391 corpus/08-graphs/make_rebuild.rb 0.05s 
S-shadow 72/391 corpus/08-graphs/maze_bfs.rb 0.04s 
S-shadow 73/391 corpus/08-graphs/metro_transfers.rb 0.04s 
S-shadow 74/391 corpus/08-graphs/org_chart_lca.rb 0.05s 
S-shadow 75/391 corpus/13-polymorphism/calendar_dates.rb 0.08s 
S-shadow 76/391 corpus/13-polymorphism/color_palette.rb 0.08s 
S-shadow 77/391 corpus/13-polymorphism/doc_render.rb 0.06s 
S-shadow 78/391 corpus/08-graphs/pipeline_flow.rb 0.05s 
S-shadow 79/391 corpus/08-graphs/word_ladder.rb 0.04s 
S-shadow 80/391 corpus/05-sorting/hashtag_trends.rb 0.04s 
S-shadow 81/391 corpus/05-sorting/heap_scheduler.rb 0.05s 
S-shadow 82/391 corpus/05-sorting/kway_log_merge.rb 0.06s 
S-shadow 83/391 corpus/18-collections/friend_graph.rb 0.06s 
S-shadow 84/391 corpus/18-collections/grade_book.rb 0.07s 
S-shadow 85/391 corpus/18-collections/ip_ranges.rb 0.06s 
S-shadow 86/391 corpus/18-collections/latency_buckets.rb 0.06s 
S-shadow 87/391 corpus/04-numeric/polynomial.rb 0.14s 
S-shadow 88/391 corpus/04-numeric/root_finding.rb 0.09s 
S-shadow 89/391 corpus/04-numeric/special_functions.rb 0.09s 
S-shadow 90/391 corpus/04-numeric/time_series.rb 0.07s 
S-shadow 91/391 corpus/04-numeric/vector_geometry.rb 0.06s 
S-shadow 92/391 corpus/14-errors/bank_transfers.rb 0.05s 
S-shadow 93/391 corpus/14-errors/card_validation.rb 0.06s 
S-shadow 94/391 corpus/14-errors/config_loader.rb 0.06s 
S-shadow 95/391 corpus/14-errors/contracts.rb 0.05s 
S-shadow 96/391 corpus/07-trees/merkle_sync.rb 0.08s 
S-shadow 97/391 corpus/07-trees/org_chart.rb 0.07s 
S-shadow 98/391 corpus/07-trees/quadtree.rb 0.05s 
S-shadow 99/391 corpus/07-trees/rope_editor.rb 0.09s 
S-shadow 100/391 corpus/11-simulation/ecosystem_patches.rb 0.05s 
S-shadow 101/391 corpus/11-simulation/elevator_scan.rb 0.06s 
S-shadow 102/391 corpus/11-simulation/hotel_bookings.rb 0.05s 
S-shadow 103/391 corpus/07-trees/spanning_tree.rb 0.05s 
S-shadow 104/391 corpus/07-trees/taxonomy_lca.rb 0.06s 
S-shadow 105/391 corpus/07-trees/traversals.rb 0.07s 
S-shadow 106/391 corpus/07-trees/tree_codec.rb 0.07s 
S-shadow 107/391 corpus/07-trees/trie_autocomplete.rb 0.06s 
S-shadow 108/391 corpus/12-parsers/lisp_interp.rb 0.09s 
S-shadow 109/391 corpus/12-parsers/markdown.rb 0.06s 
S-shadow 110/391 corpus/12-parsers/pratt_parser.rb 0.12s 
S-shadow 111/391 corpus/12-parsers/query_engine.rb 0.1s 
S-shadow 112/391 corpus/12-parsers/regex_matcher.rb 0.08s 
S-shadow 113/391 corpus/06-linked/lfu_cache_buckets.rb 0.05s 
S-shadow 114/391 corpus/06-linked/list_toolkit.rb 0.05s 
S-shadow 115/391 corpus/06-linked/lru_cache.rb 0.05s 
S-shadow 116/391 corpus/06-linked/markup_tag_checker.rb 0.04s 
S-shadow 117/391 corpus/06-linked/merge_log_streams.rb 0.06s 
S-shadow 118/391 corpus/16-dates/activity_heatmap.rb 223.4s #<Process::Status: pid 886756 SIGKILL (signal 9)>
S-shadow 119/391 corpus/16-dates/age_calculator.rb 0.46s 
S-shadow 120/391 corpus/16-dates/billing_cycles.rb 0.52s 
S-shadow 121/391 corpus/16-dates/calendar_systems.rb 0.23s 
S-shadow 122/391 corpus/11-simulation/bank_ledger.rb 0.18s 
S-shadow 123/391 corpus/11-simulation/car_rental.rb 0.21s 
S-shadow 124/391 corpus/11-simulation/checkout_lanes.rb 0.3s 
S-shadow 125/391 corpus/02-analytics/language_guess.rb 0.33s 
S-shadow 126/391 corpus/02-analytics/log_summary.rb 226.58s #<Process::Status: pid 938639 SIGKILL (signal 9)>
S-shadow 127/391 corpus/02-analytics/near_duplicates.rb 0.32s 
S-shadow 128/391 corpus/04-numeric/bezier_curves.rb 0.81s 
S-shadow 129/391 corpus/04-numeric/correlation_matrix.rb 0.45s 
S-shadow 130/391 corpus/04-numeric/curve_fitting.rb 0.39s 
S-shadow 131/391 corpus/14-errors/csv_import.rb 0.28s 
S-shadow 132/391 corpus/20-business/invoice_generator.rb 0.43s 
S-shadow 133/391 corpus/20-business/parking_garage.rb 0.37s 
S-shadow 134/391 corpus/20-business/rental_fleet.rb 0.38s 
S-shadow 135/391 corpus/07-trees/interval_bookings.rb 0.42s 
S-shadow 136/391 corpus/07-trees/ip_route_trie.rb 0.25s 
S-shadow 137/391 corpus/07-trees/kd_tree.rb 0.43s 
S-shadow 138/391 corpus/07-trees/lazy_seat_inventory.rb 0.39s 
S-shadow 139/391 corpus/01-text/template_render.rb 0.36s 
S-shadow 140/391 corpus/01-text/text_box.rb 0.34s 
S-shadow 141/391 corpus/01-text/text_stats.rb 0.41s 
S-shadow 142/391 corpus/01-text/whitespace_tidy.rb 0.48s 
S-shadow 143/391 corpus/01-text/word_wrap.rb 0.13s 
S-shadow 144/391 corpus/15-data/fulfillment_report.rb 1.02s 
S-shadow 145/391 corpus/15-data/fx_conversion.rb 0.8s 
S-shadow 146/391 corpus/15-data/grade_book.rb 0.86s 
S-shadow 147/391 corpus/08-graphs/critical_path.rb 0.88s 
S-shadow 148/391 corpus/08-graphs/currency_paths.rb 0.88s 
S-shadow 149/391 corpus/08-graphs/dot_stats.rb 0.61s 
S-shadow 150/391 corpus/20-business/expense_tracker.rb 0.99s 
S-shadow 151/391 corpus/20-business/gym_membership.rb 0.29s 
S-shadow 152/391 corpus/20-business/inventory_reorder.rb 0.78s 
S-shadow 153/391 corpus/19-statemachines/dfa_minimize.rb 0.58s 
S-shadow 154/391 corpus/19-statemachines/elevator.rb 0.39s 
S-shadow 155/391 corpus/19-statemachines/enemy_ai.rb 0.48s 
S-shadow 156/391 corpus/19-statemachines/event_sourcing.rb 0.76s 
S-shadow 157/391 corpus/10-grids/battleship.rb 0.68s 
S-shadow 158/391 corpus/10-grids/chess_attacks.rb 0.58s 
S-shadow 159/391 corpus/10-grids/connect_four.rb 0.86s 
S-shadow 160/391 corpus/10-grids/crossword.rb 0.61s 
S-shadow 161/391 corpus/10-grids/falling_sand.rb 0.71s 
S-shadow 162/391 corpus/11-simulation/inventory_reorder.rb 0.49s 
S-shadow 163/391 corpus/11-simulation/library_loans.rb 0.65s 
S-shadow 164/391 corpus/11-simulation/life_torus.rb 0.79s 
S-shadow 165/391 corpus/11-simulation/order_book.rb 0.69s 
S-shadow 166/391 corpus/07-trees/dom_tree.rb 0.88s 
S-shadow 167/391 corpus/07-trees/expression_tree.rb 0.9s 
S-shadow 168/391 corpus/07-trees/fenwick_ranks.rb 0.34s 
S-shadow 169/391 corpus/07-trees/filesystem_du.rb 0.46s 
S-shadow 170/391 corpus/07-trees/heap_scheduler.rb 0.39s 
S-shadow 171/391 corpus/18-collections/range_set.rb 0.47s 
S-shadow 172/391 corpus/18-collections/role_permissions.rb 0.57s 
