path	error	variant	static_cause	final_cause	source_line
corpus/17-encodings/caesar_cracker.rb	(14,29)-(14,32):undefined method: Numeric#chr	V2	-	numeric-catchall-overload	((o - 65 + k) % 26 + 65).chr
corpus/17-encodings/caesar_cracker.rb	(16,29)-(16,32):undefined method: Numeric#chr	V2	-	numeric-catchall-overload	((o - 97 + k) % 26 + 97).chr
corpus/17-encodings/check_digits.rb	(22,12)-(22,13):failed to resolve overloads	V5	-	module_function	c = (10 - luhn_sum(digits_of(partial) + [0]) % 10) % 10
corpus/17-encodings/check_digits.rb	(30,44)-(30,45):failed to resolve overloads	V5	-	module_function	ds.each_with_index.sum { |d, i| d * (10 - i) } % 11 == 0
corpus/17-encodings/check_digits.rb	(40,21)-(40,22):wrong type of arguments	V5	-	module_function	body = [9, 7, 8] + digits_of(s).take(9)
corpus/17-encodings/check_digits.rb	(62,23)-(62,33):undefined method: singleton(CheckDigit)#card_brand	V5	module_function	module_function	brand = CheckDigit.card_brand(value)
corpus/17-encodings/check_digits.rb	(63,21)-(63,32):undefined method: singleton(CheckDigit)#luhn_valid?	V5	module_function	module_function	{ ok: CheckDigit.luhn_valid?(value), label: brand ? brand.to_s : "unknown" }
corpus/17-encodings/check_digits.rb	(65,21)-(65,34):undefined method: singleton(CheckDigit)#isbn10_valid?	V5	module_function	module_function	{ ok: CheckDigit.isbn10_valid?(value), label: "isbn-10" }
corpus/17-encodings/check_digits.rb	(67,21)-(67,33):undefined method: singleton(CheckDigit)#ean13_valid?	V5	module_function	module_function	{ ok: CheckDigit.ean13_valid?(value), label: "ean-13" }
corpus/17-encodings/check_digits.rb	(98,20)-(98,33):undefined method: singleton(CheckDigit)#luhn_complete	V5	module_function	module_function	full = CheckDigit.luhn_complete(partial)
corpus/17-encodings/check_digits.rb	(99,44)-(99,55):undefined method: singleton(CheckDigit)#luhn_valid?	V5	module_function	module_function	puts "#{partial} -> #{full} (#{CheckDigit.luhn_valid?(full)})"
corpus/17-encodings/check_digits.rb	(102,25)-(102,37):undefined method: singleton(CheckDigit)#isbn10_to_13	V5	module_function	module_function	converted = CheckDigit.isbn10_to_13(isbn)
corpus/17-encodings/check_digits.rb	(103,46)-(103,58):undefined method: singleton(CheckDigit)#ean13_valid?	V5	module_function	module_function	puts "#{isbn} -> #{converted} (#{CheckDigit.ean13_valid?(converted)})"
corpus/17-encodings/frame_parser.rb	(46,28)-(46,34):undefined method: Integer#reduce	residual	-	unclassified	def checksum(bytes) = bytes.reduce(0) { |acc, b| acc ^ b }
corpus/17-encodings/frame_parser.rb	(70,23)-(70,26):undefined method: Integer#map	residual	-	unclassified	in 3 then Note.new(p.map(&:chr).join)
corpus/17-encodings/frame_parser.rb	(111,12)-(111,17):undefined method: Position#centi	residual	case-in-no-narrow	case-in-no-narrow	c = msg.centi
corpus/17-encodings/frame_parser.rb	(111,12)-(111,17):undefined method: Note#centi	residual	case-in-no-narrow	case-in-no-narrow	c = msg.centi
corpus/17-encodings/frame_parser.rb	(112,48)-(112,54):undefined method: Position#sensor	residual	case-in-no-narrow	case-in-no-narrow	format("temp   sensor %d: %s%d.%02d C", msg.sensor, c < 0 ? "-" : "", c.abs / 100, c.abs % 100)
corpus/17-encodings/frame_parser.rb	(112,48)-(112,54):undefined method: Note#sensor	residual	case-in-no-narrow	case-in-no-narrow	format("temp   sensor %d: %s%d.%02d C", msg.sensor, c < 0 ? "-" : "", c.abs / 100, c.abs % 100)
corpus/17-encodings/frame_parser.rb	(114,36)-(114,39):undefined method: Temperature#lat	residual	case-in-no-narrow	case-in-no-narrow	format("pos    %.5f, %.5f", msg.lat / 1.0e7, msg.lon / 1.0e7)
corpus/17-encodings/frame_parser.rb	(114,36)-(114,39):undefined method: Note#lat	residual	case-in-no-narrow	case-in-no-narrow	format("pos    %.5f, %.5f", msg.lat / 1.0e7, msg.lon / 1.0e7)
corpus/17-encodings/frame_parser.rb	(114,53)-(114,56):undefined method: Temperature#lon	residual	case-in-no-narrow	case-in-no-narrow	format("pos    %.5f, %.5f", msg.lat / 1.0e7, msg.lon / 1.0e7)
corpus/17-encodings/frame_parser.rb	(114,53)-(114,56):undefined method: Note#lon	residual	case-in-no-narrow	case-in-no-narrow	format("pos    %.5f, %.5f", msg.lat / 1.0e7, msg.lon / 1.0e7)
corpus/17-encodings/frame_parser.rb	(116,18)-(116,22):undefined method: Temperature#text	residual	case-in-no-narrow	case-in-no-narrow	"note   #{msg.text.inspect}"
corpus/17-encodings/frame_parser.rb	(116,18)-(116,22):undefined method: Position#text	residual	case-in-no-narrow	case-in-no-narrow	"note   #{msg.text.inspect}"
corpus/17-encodings/hamming_secded.rb	(49,36)-(49,38):undefined method: nil#<<	V7	-	nil?-no-narrow	hi.nil? || lo.nil? ? "?" : ((hi << 4) | lo).chr
corpus/19-statemachines/smtp_session.rb	(38,6)-(38,9):undefined method: nil#[]	V7	-	nil?-no-narrow	[m[1], m[2].downcase]
corpus/19-statemachines/smtp_session.rb	(38,16)-(38,24):undefined method: nil#downcase	V9	-	lib-nilable-return	[m[1], m[2].downcase]
corpus/19-statemachines/smtp_session.rb	(38,12)-(38,15):undefined method: nil#[]	V7	-	nil?-no-narrow	[m[1], m[2].downcase]
corpus/19-statemachines/smtp_session.rb	(67,18)-(67,21):undefined method: nil#[]	V7	-	nil?-no-narrow	@from = addr[0]
corpus/03-numtheory/base_conversion.rb	(18,18)-(18,23):undefined method: nil#zero?	V6	-	block-param-shadow	return "0" if n.zero?
corpus/03-numtheory/base_conversion.rb	(19,11)-(19,20):undefined method: nil#negative?	V6	-	block-param-shadow	sign = n.negative? ? "-" : ""
corpus/03-numtheory/base_conversion.rb	(20,8)-(20,11):undefined method: nil#abs	V6	-	block-param-shadow	n = n.abs
corpus/03-numtheory/base_conversion.rb	(24,8)-(24,15):wrong type of arguments	V1	-	interface-nominal	out.prepend(alphabet[r])
corpus/03-numtheory/base_conversion.rb	(24,24)-(24,27):failed to resolve overloads	V1	-	interface-nominal	out.prepend(alphabet[r])
corpus/03-numtheory/base_conversion.rb	(38,88)-(38,90):undefined method: nil#>=	V7	-	nil?-no-narrow	raise InvalidDigit.new("bad digit '#{c}' for base #{base}", c, base) if d.nil? || d >= base
corpus/03-numtheory/base_conversion.rb	(45,18)-(45,23):undefined method: nil#zero?	V6	-	block-param-shadow	return "0" if n.zero?
corpus/03-numtheory/base_conversion.rb	(48,10)-(48,11):undefined method: nil#%	V6	-	block-param-shadow	r = n % 3
corpus/03-numtheory/base_conversion.rb	(51,13)-(51,14):undefined method: nil#+	V6	-	block-param-shadow	n = (n + 1) / 3
corpus/03-numtheory/base_conversion.rb	(53,10)-(53,17):wrong type of arguments	V6	-	block-param-shadow	out.prepend(r.to_s)
corpus/03-numtheory/base_conversion.rb	(54,13)-(54,14):undefined method: nil#-	V6	-	block-param-shadow	n = (n - r) / 3
corpus/03-numtheory/calendar_congruences.rb	(16,36)-(16,37):undefined method: Numeric#/	V2	-	numeric-catchall-overload	h = (d + 13 * (m + 1) / 5 + k + k / 4 + j / 4 + 5 * j) % 7
corpus/03-numtheory/calendar_congruences.rb	(23,18)-(23,19):undefined method: Numeric#/	V2	-	numeric-catchall-overload	(anchor + t + t / 4) % 7
corpus/03-numtheory/calendar_congruences.rb	(42,14)-(42,15):undefined method: Numeric#/	V2	-	numeric-catchall-overload	f = (b + 8) / 25
corpus/03-numtheory/calendar_congruences.rb	(43,18)-(43,19):undefined method: Numeric#/	V2	-	numeric-catchall-overload	g = (b - f + 1) / 3
corpus/03-numtheory/calendar_congruences.rb	(47,28)-(47,29):undefined method: Numeric#/	V2	-	numeric-catchall-overload	m = (a + 11 * h + 22 * l) / 451
corpus/03-numtheory/calendar_congruences.rb	(52,23)-(52,24):undefined method: nil#>	V9	-	lib-nilable-return	def march_april(k) = k > 31 ? "April #{k - 31}" : "March #{k}"
corpus/03-numtheory/calendar_congruences.rb	(52,41)-(52,42):undefined method: nil#-	V9	-	lib-nilable-return	def march_april(k) = k > 31 ? "April #{k - 31}" : "March #{k}"
corpus/03-numtheory/check_digits.rb	(6,9)-(6,16):undefined method: nil#reverse	V10	-	user-nil	digits.reverse.each_with_index do |d, i|
corpus/03-numtheory/check_digits.rb	(11,10)-(11,12):failed to resolve overloads	V11	-	empty-arg	total += d
corpus/03-numtheory/check_digits.rb	(23,5)-(23,7):undefined method: nil#<<	V10	-	user-nil	ds << 0
corpus/03-numtheory/check_digits.rb	(56,36)-(56,38):failed to resolve overloads	V11	-	empty-arg	ds.each_with_index { |d, i| total += i.even? ? d : 3 * d }
corpus/03-numtheory/check_digits.rb	(56,55)-(56,56):failed to resolve overloads	V11	-	empty-arg	ds.each_with_index { |d, i| total += i.even? ? d : 3 * d }
corpus/03-numtheory/check_digits.rb	(63,18)-(63,33):undefined method: nil#each_with_index	V10	-	user-nil	digits_of(core).each_with_index { |d, i| total += i.even? ? d : 3 * d }
corpus/03-numtheory/check_digits.rb	(63,49)-(63,51):failed to resolve overloads	V11	-	empty-arg	digits_of(core).each_with_index { |d, i| total += i.even? ? d : 3 * d }
corpus/03-numtheory/check_digits.rb	(63,68)-(63,69):failed to resolve overloads	V11	-	empty-arg	digits_of(core).each_with_index { |d, i| total += i.even? ? d : 3 * d }
corpus/03-numtheory/check_digits.rb	(69,43)-(69,44):undefined method: Numeric#*	V2	-	numeric-catchall-overload	s.delete(" ").each_char { |c| rem = (rem * 10 + c.to_i) % 97 }
corpus/03-numtheory/collatz_stats.rb	(52,66)-(52,70):wrong number of arguments (1 for 0)	residual	block-param-shadow	block-param-shadow	chains = (1..limit).map { |n| Chain.new(n, chain_length(n, memo), peak(n)) }
corpus/03-numtheory/continued_fractions.rb	(6,10)-(6,19):undefined method: nil#numerator	V9	-	lib-nilable-return	num = r.numerator
corpus/03-numtheory/continued_fractions.rb	(7,10)-(7,21):undefined method: nil#denominator	V9	-	lib-nilable-return	den = r.denominator
corpus/03-numtheory/continued_fractions.rb	(61,10)-(61,19):undefined method: nil#numerator	V9	-	lib-nilable-return	x = c.numerator
corpus/03-numtheory/continued_fractions.rb	(62,10)-(62,21):undefined method: nil#denominator	V9	-	lib-nilable-return	y = c.denominator
corpus/03-numtheory/continued_fractions.rb	(92,23)-(92,27):wrong type of arguments	V1	-	interface-nominal	err = (c.to_f - Math.sqrt(2)).abs
corpus/05-sorting/library_catalog.rb	(103,38)-(103,39):wrong type of arguments	V11	block-param-shadow	empty-arg	old = by_isbn.select { |b| b.year < before }
corpus/05-sorting/log_time_bisect.rb	(19,7)-(19,20):undefined method: :ts#call	residual	-	unclassified	if yield(a[mid]) < key
corpus/05-sorting/log_time_bisect.rb	(33,7)-(33,20):undefined method: :ts#call	residual	-	unclassified	if yield(a[mid]) <= key
corpus/05-sorting/log_time_bisect.rb	(102,16)-(102,21):undefined method: nil#count	V9	-	lib-nilable-return	errors = hits.count { |e| e.level == :error }
corpus/05-sorting/log_time_bisect.rb	(102,30)-(102,35):undefined method: nil#level	V6	block-param-shadow	block-param-shadow	errors = hits.count { |e| e.level == :error }
corpus/05-sorting/log_time_bisect.rb	(103,14)-(103,17):undefined method: nil#map	V9	-	lib-nilable-return	msgs = hits.map(&:msg)
corpus/05-sorting/log_time_bisect.rb	(104,31)-(104,35):undefined method: nil#size	V9	-	lib-nilable-return	puts "#{from}..#{to}: #{hits.size} events, #{errors} errors #{msgs}"
corpus/05-sorting/log_time_bisect.rb	(107,31)-(107,36):undefined method: nil#level	V6	block-param-shadow	block-param-shadow	first_error = log.find { |e| e.level == :error }
corpus/05-sorting/meeting_intervals.rb	(4,37)-(4,38):undefined method: nil#/	V10	-	user-nil	def clock(t) = format("%02d:%02d", t / 60, t % 60)
corpus/05-sorting/meeting_intervals.rb	(4,37)-(4,38):undefined method: Array[untyped]#/	V3	-	masgn-from-Array	def clock(t) = format("%02d:%02d", t / 60, t % 60)
corpus/05-sorting/meeting_intervals.rb	(4,45)-(4,46):undefined method: nil#%	V10	-	user-nil	def clock(t) = format("%02d:%02d", t / 60, t % 60)
corpus/05-sorting/meeting_intervals.rb	(4,45)-(4,46):undefined method: Array[untyped]#%	V3	-	masgn-from-Array	def clock(t) = format("%02d:%02d", t / 60, t % 60)
corpus/05-sorting/meeting_intervals.rb	(31,9)-(31,10):wrong type of arguments	V3	-	masgn-from-Array	h * 60 + m
corpus/05-sorting/meeting_intervals.rb	(37,69)-(37,71):undefined method: Array[untyped]#<=	V3	-	masgn-from-Array	raise InvalidMeeting.new("ends before it starts", title) if finish <= start
corpus/05-sorting/meeting_intervals.rb	(45,23)-(45,25):undefined method: Array[untyped]#<=	V3	-	masgn-from-Array	if last && m.start <= last[1]
corpus/05-sorting/meeting_intervals.rb	(46,37)-(46,38):undefined method: Array[untyped]#>	V3	-	masgn-from-Array	last[1] = m.finish if m.finish > last[1]
corpus/05-sorting/meeting_intervals.rb	(58,39)-(58,41):undefined method: Array[untyped]#>=	V3	-	masgn-from-Array	slots << [cursor, s] if s - cursor >= min_len
corpus/05-sorting/meeting_intervals.rb	(59,20)-(59,21):undefined method: Array[untyped]#>	V3	-	masgn-from-Array	cursor = f if f > cursor
corpus/05-sorting/meeting_intervals.rb	(61,49)-(61,51):undefined method: Array[untyped]#>=	V3	-	masgn-from-Array	slots << [cursor, day_end] if day_end - cursor >= min_len
corpus/05-sorting/meeting_intervals.rb	(120,52)-(120,53):undefined method: Array[untyped]#<	V3	-	masgn-from-Array	clashes = ms.each_cons(2).select { |a, b| b.start < a.finish }.map { |a, b| "#{a.title}/#{b.title}" }
corpus/05-sorting/natural_runs_sort.rb	(89,17)-(89,21):undefined method: nil#size	V9	-	lib-nilable-return	while p < left.size && q < hi
corpus/05-sorting/natural_runs_sort.rb	(91,18)-(91,21):undefined method: nil#[]	V9	-	lib-nilable-return	if a[q] < left[p]
corpus/05-sorting/natural_runs_sort.rb	(95,17)-(95,20):undefined method: nil#[]	V9	-	lib-nilable-return	a[k] = left[p]
corpus/05-sorting/natural_runs_sort.rb	(100,17)-(100,21):undefined method: nil#size	V9	-	lib-nilable-return	while p < left.size
corpus/05-sorting/natural_runs_sort.rb	(101,15)-(101,18):undefined method: nil#[]	V9	-	lib-nilable-return	a[k] = left[p]
corpus/05-sorting/natural_runs_sort.rb	(167,9)-(167,10):undefined method: Numeric#*	V2	-	numeric-catchall-overload	x = (x * 75 + 74) % 65537
corpus/10-grids/minesweeper.rb	(46,15)-(46,16):undefined method: nil#+	V9	-	lib-nilable-return	nr = r + dr
corpus/10-grids/n_queens.rb	(23,14)-(23,16):wrong type of arguments	failed@V6	-	counterfactual-run-failed	full = (1 << @n) - 1
corpus/10-grids/n_queens.rb	(40,4)-(40,9):undefined method: nil#times	failed@V6	-	counterfactual-run-failed	n.times do |col|
corpus/10-grids/n_queens.rb	(57,25)-(57,26):failed to resolve overloads	failed@V6	-	counterfactual-run-failed	queens.map { |c| n - 1 - c } == queens.reverse
corpus/10-grids/n_queens.rb	(68,35)-(68,40):expected: Comparable | Array[...]; actual: nil	failed@V6	block-param-shadow	counterfactual-run-failed	best = totals.max_by { |_n, count| count }
corpus/10-grids/nonogram.rb	(11,14)-(11,15):failed to resolve overloads	V11	-	empty-arg	(0..(length - first - min_rest)).each do |start|
corpus/10-grids/nonogram.rb	(12,39)-(12,42):failed to resolve overloads	V11	-	empty-arg	head = Array.new(start, 0) + Array.new(first, 1)
corpus/10-grids/nonogram.rb	(14,26)-(14,29):failed to resolve overloads	V11	-	empty-arg	out << head + Array.new(length - start - first, 0)
corpus/10-grids/nonogram.rb	(14,45)-(14,46):failed to resolve overloads	V11	-	empty-arg	out << head + Array.new(length - start - first, 0)
corpus/10-grids/nonogram.rb	(96,2)-(96,6):wrong type of arguments	V1	-	interface-nominal	puts pz
corpus/10-grids/othello.rb	(99,42)-(99,43):failed to resolve overloads	V11	-	empty-arg	puts "#{turn}. #{symbol(color)} #{(97 + col).chr}#{row + 1} flips #{gained}"
corpus/10-grids/othello.rb	(106,0)-(106,4):wrong type of arguments	V1	-	interface-nominal	puts b
corpus/10-grids/othello.rb	(109,49)-(109,50):failed to resolve overloads	V11	-	empty-arg	puts "black #{black}, white #{white}, empty #{36 - black - white}"
corpus/10-grids/sliding_puzzle.rb	(136,51)-(136,53):undefined method: nil#tr	V9	-	lib-nilable-return	def show(state) = (0..2).map { |r| state[r * 3, 3].tr("0", ".") }.join(" / ")
corpus/02-analytics/access_log_urls.rb	(64,24)-(64,33):undefined method: nil#partition	V9	-	lib-nilable-return	path, _, query = m[3].partition("?")
corpus/02-analytics/anagram_groups.rb	(50,35)-(50,39):undefined method: nil#size	V6	block-param-shadow	block-param-shadow	multi = groups.select { |_, ws| ws.size > 1 }
corpus/02-analytics/anagram_groups.rb	(51,35)-(51,36):expected: Comparable | Array[...]; actual: nil	V6	block-param-shadow	block-param-shadow	ordered = multi.keys.sort_by { |k| k }
corpus/02-analytics/anagram_groups.rb	(57,36)-(57,40):undefined method: nil#size	V6	block-param-shadow	block-param-shadow	loners = groups.reject { |_, ws| ws.size > 1 }.values.flat_map { |ws| ws }.sort
corpus/02-analytics/anagram_groups.rb	(60,37)-(60,41):undefined method: nil#size	V6	block-param-shadow	block-param-shadow	largest = groups.max_by { |_, ws| ws.size }
corpus/02-analytics/anagram_groups.rb	(67,29)-(67,33):undefined method: nil#size	V6	block-param-shadow	block-param-shadow	multi.each { |k, _| by_len[k.size] += 1 }
corpus/02-analytics/anagram_groups.rb	(67,29)-(67,33):undefined method: nil#size	V6	block-param-shadow	block-param-shadow	multi.each { |k, _| by_len[k.size] += 1 }
corpus/02-analytics/autocomplete.rb	(23,11)-(23,20):undefined method: nil#each_char	V9	-	lib-nilable-return	prefix.each_char do |c|
corpus/02-analytics/autocomplete.rb	(85,33)-(85,37):undefined method: nil#size	V6	block-param-shadow	block-param-shadow	widest = table.max_by { |k, v| v.size * 10 - k.size }
corpus/02-analytics/autocomplete.rb	(85,47)-(85,51):undefined method: nil#size	V9	block-param-shadow	lib-nilable-return	widest = table.max_by { |k, v| v.size * 10 - k.size }
corpus/02-analytics/cooccurrence_pmi.rb	(30,23)-(30,24):undefined method: nil#<	residual	-	unclassified	def pair_key(a, b) = a < b ? [a, b] : [b, a]
corpus/02-analytics/cooccurrence_pmi.rb	(48,7)-(48,11):wrong type of arguments	V1	-	interface-nominal	Math.log2(joint * n * 1.0 / (single[a] * single[b]))
corpus/02-analytics/cooccurrence_pmi.rb	(77,41)-(77,42):undefined method: nil#+	residual	-	unclassified	scored = scored.sort_by { |a, b, _, _| a + " " + b }
corpus/09-dp/coin_change.rb	(27,16)-(27,17):undefined method: nil#>	V6	block-param-shadow	block-param-shadow	next if c > a
corpus/09-dp/coin_change.rb	(28,20)-(28,21):undefined method: nil#-	V6	block-param-shadow	block-param-shadow	prev = best[a - c]
corpus/09-dp/coin_change.rb	(31,26)-(31,27):undefined method: nil#+	V7	-	nil?-no-narrow	if cur.nil? || prev + 1 < cur
corpus/09-dp/coin_change.rb	(32,23)-(32,24):undefined method: nil#+	V7	-	nil?-no-narrow	best[a] = prev + 1
corpus/09-dp/coin_change.rb	(44,6)-(44,8):failed to resolve overloads	V6	-	block-param-shadow	a -= c
corpus/09-dp/coin_change.rb	(88,16)-(88,17):undefined method: Numeric#/	V2	-	numeric-catchall-overload	n += amount / c
corpus/09-dp/company_party.rb	(28,12)-(28,15):undefined method: nil#[]	V7	-	nil?-no-narrow	name = m[1]
corpus/09-dp/company_party.rb	(30,38)-(30,41):undefined method: nil#[]	V7	-	nil?-no-narrow	staff[name] = Employee.new(name, m[2].to_i, [])
corpus/09-dp/company_party.rb	(31,21)-(31,24):undefined method: nil#[]	V7	-	nil?-no-narrow	boss_of[name] = m[3]
corpus/09-dp/company_party.rb	(50,11)-(50,15):undefined method: nil#name	V7	-	nil?-no-narrow	memo[emp.name] ||= begin
corpus/09-dp/company_party.rb	(50,11)-(50,15):undefined method: nil#name	V7	-	nil?-no-narrow	memo[emp.name] ||= begin
corpus/09-dp/company_party.rb	(51,18)-(51,21):undefined method: nil#fun	V7	-	nil?-no-narrow	with_me = emp.fun
corpus/09-dp/company_party.rb	(53,8)-(53,15):undefined method: nil#reports	V7	-	nil?-no-narrow	emp.reports.each do |r|
corpus/09-dp/company_party.rb	(55,14)-(55,16):failed to resolve overloads	V11	-	empty-arg	with_me += without
corpus/09-dp/company_party.rb	(56,17)-(56,19):failed to resolve overloads	V11	-	empty-arg	without_me += [with, without].max
corpus/09-dp/company_party.rb	(65,13)-(65,17):undefined method: nil#name	V7	-	nil?-no-narrow	out << emp.name if invite
corpus/09-dp/company_party.rb	(66,6)-(66,13):undefined method: nil#reports	V7	-	nil?-no-narrow	emp.reports.each { |r| guests(r, !invite, memo, out) }
corpus/09-dp/company_party.rb	(71,30)-(71,34):undefined method: nil#name	V7	-	nil?-no-narrow	mark = invited.include?(emp.name) ? "*" : " "
corpus/09-dp/company_party.rb	(72,39)-(72,43):undefined method: nil#name	V7	-	nil?-no-narrow	puts "  #{mark} #{"  " * depth}#{emp.name} (#{emp.fun})"
corpus/09-dp/company_party.rb	(72,52)-(72,55):undefined method: nil#fun	V7	-	nil?-no-narrow	puts "  #{mark} #{"  " * depth}#{emp.name} (#{emp.fun})"
corpus/09-dp/company_party.rb	(73,6)-(73,13):undefined method: nil#reports	V7	-	nil?-no-narrow	emp.reports.each { |r| print_tree(r, depth + 1, invited) }
corpus/09-dp/company_party.rb	(76,23)-(76,24):failed to resolve overloads	V11	-	empty-arg	def headcount(emp) = 1 + emp.reports.sum { |r| headcount(r) }
corpus/09-dp/company_party.rb	(76,29)-(76,36):undefined method: nil#reports	V7	-	nil?-no-narrow	def headcount(emp) = 1 + emp.reports.sum { |r| headcount(r) }
corpus/09-dp/company_party.rb	(104,5)-(104,12):undefined method: nil#reports	V7	-	nil?-no-narrow	root.reports.each do |dept|
corpus/09-dp/decode_ways.rb	(64,25)-(64,26):undefined method: nil#+	V9	-	lib-nilable-return	c != "0" && (c + d).to_i <= 26 ? 1 : 0
corpus/20-business/appointment_scheduler.rb	(46,14)-(46,15):failed to resolve overloads	V6	-	block-param-shadow	while start + need <= hi
corpus/20-business/appointment_scheduler.rb	(46,14)-(46,15):undefined method: nil#+	residual	-	unclassified	while start + need <= hi
corpus/20-business/appointment_scheduler.rb	(47,30)-(47,31):failed to resolve overloads	V6	-	block-param-shadow	blocked = (start...(start + need)).find { |i| row[i] }
corpus/20-business/appointment_scheduler.rb	(47,30)-(47,31):undefined method: nil#+	residual	-	unclassified	blocked = (start...(start + need)).find { |i| row[i] }
corpus/20-business/appointment_scheduler.rb	(55,13)-(55,20):undefined method: nil#minutes	V6	-	block-param-shadow	need = req.minutes.ceildiv(SLOT_LEN)
corpus/20-business/appointment_scheduler.rb	(56,55)-(56,64):undefined method: nil#specialty	V6	-	block-param-shadow	candidates = doctors.select { |d| d.specialty == req.specialty }
corpus/20-business/appointment_scheduler.rb	(61,38)-(61,44):undefined method: nil#prefer	V6	-	block-param-shadow	start = free_run(row, need, req.prefer)
corpus/20-business/appointment_scheduler.rb	(63,26)-(63,37):failed to resolve overloads	V6	-	block-param-shadow	need.times { |k| row[start + k] = req.patient }
corpus/20-business/appointment_scheduler.rb	(63,33)-(63,34):failed to resolve overloads	V6	-	block-param-shadow	need.times { |k| row[start + k] = req.patient }
corpus/20-business/appointment_scheduler.rb	(63,44)-(63,51):undefined method: nil#patient	V6	-	block-param-shadow	need.times { |k| row[start + k] = req.patient }
corpus/20-business/appointment_scheduler.rb	(74,10)-(74,20):undefined method: nil#each_index	V10	-	user-nil	row.each_index do |i|
corpus/20-business/appointment_scheduler.rb	(75,14)-(75,17):undefined method: nil#[]	V10	-	user-nil	if row[i] == patient
corpus/20-business/appointment_scheduler.rb	(76,13)-(76,16):undefined method: nil#[]=	V10	-	user-nil	row[i] = nil
corpus/20-business/appointment_scheduler.rb	(89,51)-(89,58):undefined method: nil#patient	V6	-	block-param-shadow	puts format("%-6s %-11s %s %s-%s with %s", req.patient, req.specialty, day, clock(start), clock(start + need), doc.name)
corpus/20-business/appointment_scheduler.rb	(89,64)-(89,73):undefined method: nil#specialty	V6	-	block-param-shadow	puts format("%-6s %-11s %s %s-%s with %s", req.patient, req.specialty, day, clock(start), clock(start + need), doc.name)
corpus/20-business/appointment_scheduler.rb	(89,106)-(89,107):failed to resolve overloads	V6	-	block-param-shadow	puts format("%-6s %-11s %s %s-%s with %s", req.patient, req.specialty, day, clock(start), clock(start + need), doc.name)
corpus/20-business/appointment_scheduler.rb	(91,59)-(91,66):undefined method: nil#patient	V6	-	block-param-shadow	puts format("%-6s %-11s no slot (%s), waitlisted", req.patient, req.specialty, req.prefer)
corpus/20-business/appointment_scheduler.rb	(91,72)-(91,81):undefined method: nil#specialty	V6	-	block-param-shadow	puts format("%-6s %-11s no slot (%s), waitlisted", req.patient, req.specialty, req.prefer)
corpus/20-business/appointment_scheduler.rb	(91,87)-(91,93):undefined method: nil#prefer	V6	-	block-param-shadow	puts format("%-6s %-11s no slot (%s), waitlisted", req.patient, req.specialty, req.prefer)
corpus/20-business/bank_ledger.rb	(45,18)-(45,23):undefined method: nil#split	V9	-	lib-nilable-return	whole, frac = s.split(".")
corpus/20-business/bank_ledger.rb	(46,8)-(46,12):undefined method: Array[String]#to_i	V3	-	masgn-from-Array	whole.to_i * 100 + (frac || "").ljust(2, "0").to_i
corpus/20-business/bank_ledger.rb	(69,18)-(69,20):failed to resolve overloads	V3	-	masgn-from-Array	acct.debits += cents
corpus/20-business/bank_ledger.rb	(71,19)-(71,21):failed to resolve overloads	V3	-	masgn-from-Array	acct.credits += cents
corpus/20-business/bank_ledger.rb	(85,41)-(85,47):undefined method: nil#to_sym	V9	-	lib-nilable-return	journals.last.lines << [m[1], m[2].to_sym, amount(m[3])]
corpus/20-business/customer_loyalty.rb	(44,45)-(44,50):undefined method: String#floor	residual	-	unclassified	pts = (amount * MULTIPLIER.fetch(@tier)).floor
corpus/20-business/customer_loyalty.rb	(44,18)-(44,19):wrong type of arguments	V1	-	interface-nominal	pts = (amount * MULTIPLIER.fetch(@tier)).floor
corpus/20-business/customer_loyalty.rb	(59,82)-(59,83):wrong type of arguments	V11	-	empty-arg	raise NotEnoughPoints.new("#{@name} cannot redeem #{pts}", pts, avail) if pts > avail
corpus/20-business/event_registration.rb	(13,30)-(13,32):undefined method: nil#<=	residual	-	unclassified	def unit_price(date) = date <= EARLY_BIRD_ENDS ? early_price : price
corpus/20-business/event_registration.rb	(69,13)-(69,17):undefined method: nil#size	residual	nested-destructure-param	nested-destructure-param	n = people.size
corpus/20-business/event_registration.rb	(73,32)-(73,33):failed to resolve overloads	V11	nested-destructure-param	empty-arg	total = tt.unit_price(date) * n
corpus/20-business/event_registration.rb	(75,12)-(75,14):failed to resolve overloads	V11	-	empty-arg	tt.sold += n
corpus/20-business/event_registration.rb	(76,12)-(76,14):failed to resolve overloads	V11	-	empty-arg	revenue += total
corpus/20-business/event_registration.rb	(77,11)-(77,15):undefined method: nil#each	residual	nested-destructure-param	nested-destructure-param	people.each do |name, company, diet|
corpus/18-collections/word_pipeline.rb	(43,32)-(43,33):undefined method: nil#>	V6	block-param-shadow	block-param-shadow	repeated = bi.select { |b, c| c > 1 }
corpus/18-collections/word_pipeline.rb	(65,69)-(65,70):wrong type of arguments	residual	nested-destructure-param	nested-destructure-param	others = vocab.reduce(Set[]) { |acc, (n, s)| n == name ? acc : acc | s }
corpus/18-collections/word_rack.rb	(19,24)-(19,29):undefined method: nil#chars	V9	-	lib-nilable-return	def score(w, table) = w.chars.sum { |c| table[c] }
corpus/18-collections/word_rack.rb	(19,24)-(19,29):undefined method: Integer#chars	V4	-	sig-vertex-sharing	def score(w, table) = w.chars.sum { |c| table[c] }
corpus/18-collections/word_rack.rb	(27,7)-(27,16):undefined method: nil#each_char	V9	-	lib-nilable-return	word.each_char { |c| counts[c] -= 1 }
corpus/18-collections/word_rack.rb	(27,7)-(27,16):undefined method: Integer#each_char	V4	-	sig-vertex-sharing	word.each_char { |c| counts[c] -= 1 }
corpus/18-collections/word_rack.rb	(61,34)-(61,35):wrong type of arguments	V1	-	interface-nominal	puts "unused letters: #{(alphabet - used).sort.join}"
corpus/18-collections/word_rack.rb	(62,101)-(62,102):wrong type of arguments	V1	-	interface-nominal	common = words.select { |w| w.size == 5 }.map { |w| w.chars.to_set }.reduce(alphabet) { |acc, s| acc & s }
corpus/19-statemachines/expr_lexer.rb	(25,10)-(25,16):undefined method: nil#match?	V7	-	nil?-no-narrow	elsif c.match?(/[0-9]/)
corpus/19-statemachines/expr_lexer.rb	(27,10)-(27,16):undefined method: nil#match?	V7	-	nil?-no-narrow	elsif c.match?(/[A-Za-z_]/)
corpus/19-statemachines/http_parser.rb	(34,18)-(34,23):undefined method: nil#index	V9	-	lib-nilable-return	idx = @buffer.index("\r\n")
corpus/19-statemachines/http_parser.rb	(36,18)-(36,27):undefined method: nil#[]	V9	-	lib-nilable-return	line = @buffer[0...idx]
corpus/19-statemachines/http_parser.rb	(37,21)-(37,34):undefined method: nil#[]	V9	-	lib-nilable-return	@buffer = @buffer[(idx + 2)..]
corpus/19-statemachines/http_parser.rb	(37,27)-(37,28):undefined method: nil#+	V7	-	nil?-no-narrow	@buffer = @buffer[(idx + 2)..]
corpus/19-statemachines/http_parser.rb	(48,12)-(48,14):undefined method: nil#+	V9	-	lib-nilable-return	@buffer += chunk
corpus/19-statemachines/http_parser.rb	(59,19)-(59,24):undefined method: nil#split	V7	-	nil?-no-narrow	parts = line.split(" ")
corpus/19-statemachines/http_parser.rb	(85,30)-(85,39):undefined method: nil#partition	V7	-	nil?-no-narrow	name, sep, value = line.partition(":")
corpus/19-statemachines/http_parser.rb	(90,30)-(90,36):undefined method: nil#empty?	V9	-	lib-nilable-return	return false if @buffer.empty?
corpus/19-statemachines/http_parser.rb	(91,21)-(91,37):undefined method: nil#[]	V9	-	lib-nilable-return	piece = @buffer[0...@remaining]
corpus/19-statemachines/http_parser.rb	(92,23)-(92,37):undefined method: nil#[]	V9	-	lib-nilable-return	@buffer = @buffer[piece.size..]
corpus/19-statemachines/http_parser.rb	(92,30)-(92,34):undefined method: nil#size	V9	-	lib-nilable-return	@buffer = @buffer[piece.size..]
corpus/19-statemachines/http_parser.rb	(94,26)-(94,30):undefined method: nil#size	V9	-	lib-nilable-return	@remaining -= piece.size
corpus/19-statemachines/http_parser.rb	(100,80)-(100,86):undefined method: nil#match?	V7	-	nil?-no-narrow	raise HttpError.new("bad chunk size #{line.inspect}", @state) unless line.match?(/\A[0-9a-fA-F]+\z/)
corpus/19-statemachines/http_parser.rb	(101,24)-(101,27):undefined method: nil#hex	V7	-	nil?-no-narrow	@remaining = line.hex
corpus/19-statemachines/http_parser.rb	(105,30)-(105,34):undefined method: nil#size	V9	-	lib-nilable-return	return false if @buffer.size < @remaining + 2
corpus/19-statemachines/http_parser.rb	(106,30)-(106,46):undefined method: nil#[]	V9	-	lib-nilable-return	@request.body += @buffer[0...@remaining]
corpus/19-statemachines/http_parser.rb	(107,72)-(107,103):undefined method: nil#[]	V9	-	lib-nilable-return	raise HttpError.new("missing CRLF after chunk", @state) if @buffer[@remaining...(@remaining + 2)] != "\r\n"
corpus/19-statemachines/http_parser.rb	(108,23)-(108,43):undefined method: nil#[]	V9	-	lib-nilable-return	@buffer = @buffer[(@remaining + 2)..]
corpus/19-statemachines/http_parser.rb	(139,92)-(139,96):undefined method: nil#size	V9	-	lib-nilable-return	puts "chunk size #{size}: #{reqs.size} requests, parser #{hp.state}, leftover #{hp.buffer.size}"
corpus/15-data/customer_dedupe.rb	(75,8)-(75,16):undefined method: :name#call	residual	-	unclassified	v = yield(c)
corpus/15-data/customer_dedupe.rb	(75,8)-(75,16):undefined method: :city#call	residual	-	unclassified	v = yield(c)
corpus/15-data/customer_dedupe.rb	(116,7)-(116,13):undefined method: nil#[]	V7	-	nil?-no-narrow	"(#{p[0..2]}) #{p[3..5]}-#{p[6..]}"
corpus/15-data/customer_dedupe.rb	(116,19)-(116,25):undefined method: nil#[]	V7	-	nil?-no-narrow	"(#{p[0..2]}) #{p[3..5]}-#{p[6..]}"
corpus/15-data/customer_dedupe.rb	(116,30)-(116,35):undefined method: nil#[]	V7	-	nil?-no-narrow	"(#{p[0..2]}) #{p[3..5]}-#{p[6..]}"
corpus/15-data/employee_dept_join.rb	(51,22)-(51,30):undefined method: :id#call	residual	-	unclassified	rows.each { |r| idx[yield(r)] = r }
corpus/15-data/employee_dept_join.rb	(68,25)-(68,26):undefined method: nil#/	V7	-	nil?-no-narrow	format("%.1fk", amount / 1000.0)
corpus/15-data/employee_dept_join.rb	(85,57)-(85,65):undefined method: Employee#location	residual	block-param-shadow	block-param-shadow	puts format("%-12s %-8s %-7s reports to %s", d.name, d.location, e.name, boss_name)
corpus/15-data/employee_dept_join.rb	(117,40)-(117,46):undefined method: Department#salary	residual	-	unclassified	over = team.select { |e| e.salary > m.salary }
corpus/15-data/etl_star_schema.rb	(82,3)-(82,6):undefined method: nil#[]	V7	-	nil?-no-narrow	m[2] || (m[3] || "0").to_i
corpus/15-data/etl_star_schema.rb	(82,12)-(82,15):undefined method: nil#[]	V7	-	nil?-no-narrow	m[2] || (m[3] || "0").to_i
corpus/15-data/etl_star_schema.rb	(104,50)-(104,56):undefined method: nil#upcase	V10	-	user-nil	records << { day: day, store: "WEB", sku: sku.upcase, qty: qty, cents: cents }
corpus/15-data/etl_star_schema.rb	(104,50)-(104,56):undefined method: Integer#upcase	residual	-	pattern-test-no-narrow	records << { day: day, store: "WEB", sku: sku.upcase, qty: qty, cents: cents }
corpus/15-data/etl_star_schema.rb	(124,27)-(124,31):undefined method: Array[String]#to_i	V3	-	masgn-from-Array	t = Time.new(day[0..3].to_i, day[5..6].to_i, day[8..9].to_i)
corpus/15-data/etl_star_schema.rb	(124,20)-(124,26):undefined method: nil#[]	V10	-	user-nil	t = Time.new(day[0..3].to_i, day[5..6].to_i, day[8..9].to_i)
corpus/15-data/etl_star_schema.rb	(124,43)-(124,47):undefined method: Array[String]#to_i	V3	-	masgn-from-Array	t = Time.new(day[0..3].to_i, day[5..6].to_i, day[8..9].to_i)
corpus/15-data/etl_star_schema.rb	(124,36)-(124,42):undefined method: nil#[]	V10	-	user-nil	t = Time.new(day[0..3].to_i, day[5..6].to_i, day[8..9].to_i)
corpus/15-data/etl_star_schema.rb	(124,59)-(124,63):undefined method: Array[String]#to_i	V3	-	masgn-from-Array	t = Time.new(day[0..3].to_i, day[5..6].to_i, day[8..9].to_i)
corpus/15-data/etl_star_schema.rb	(124,52)-(124,58):undefined method: nil#[]	V10	-	user-nil	t = Time.new(day[0..3].to_i, day[5..6].to_i, day[8..9].to_i)
corpus/15-data/etl_star_schema.rb	(145,82)-(145,83):failed to resolve overloads	V11	-	empty-arg	puts format("  %-18s %4d units %9s %5.1f%%", k, units[k], money(v), v * 100.0 / grand)
corpus/15-data/expense_pivot.rb	(39,10)-(39,16):undefined method: nil#[]	residual	-	unclassified	idx = ym[5, 2].to_i - 1
corpus/15-data/expense_pivot.rb	(81,15)-(81,16):undefined method: nil#-	residual	nested-destructure-param	nested-destructure-param	change = (bt - at) / at * 100
corpus/06-linked/bank_teller_sim.rb	(38,4)-(38,8):undefined method: Walkable#each	residual	-	unclassified	each { n += 1 }
corpus/06-linked/bank_teller_sim.rb	(44,4)-(44,8):undefined method: Walkable#each	residual	-	unclassified	each { |x| out << x }
corpus/06-linked/bank_teller_sim.rb	(119,11)-(119,15):undefined method: nil#line	V9	-	lib-nilable-return	best.line.enqueue(first)
corpus/06-linked/bank_teller_sim.rb	(124,12)-(124,19):undefined method: nil#started=	V8	-	assign-in-cond-no-narrow	c.started = clock
corpus/06-linked/bank_teller_sim.rb	(125,29)-(125,35):undefined method: nil#arrive	V8	-	assign-in-cond-no-narrow	waits << clock - c.arrive
corpus/06-linked/bank_teller_sim.rb	(127,41)-(127,42):undefined method: Numeric#*	V2	-	numeric-catchall-overload	t.busy_until = clock + (c.work * t.speed + 1) / 2
corpus/06-linked/bank_teller_sim.rb	(127,36)-(127,40):undefined method: nil#work	V8	-	assign-in-cond-no-narrow	t.busy_until = clock + (c.work * t.speed + 1) / 2
corpus/06-linked/bank_teller_sim.rb	(143,64)-(143,68):undefined method: singleton(Stats)#mean	V5	module_function	module_function	puts format("  wait mean %.2f  p50 %d  p90 %d  max %d", Stats.mean(waits), Stats.percentile(waits, 50), Stats.percentile(waits, 90), waits.max)
corpus/06-linked/bank_teller_sim.rb	(143,83)-(143,93):undefined method: singleton(Stats)#percentile	V5	module_function	module_function	puts format("  wait mean %.2f  p50 %d  p90 %d  max %d", Stats.mean(waits), Stats.percentile(waits, 50), Stats.percentile(waits, 90), waits.max)
corpus/06-linked/bank_teller_sim.rb	(143,112)-(143,122):undefined method: singleton(Stats)#percentile	V5	module_function	module_function	puts format("  wait mean %.2f  p50 %d  p90 %d  max %d", Stats.mean(waits), Stats.percentile(waits, 50), Stats.percentile(waits, 90), waits.max)
corpus/06-linked/browser_history.rb	(23,23)-(23,26):undefined method: nil#url	V10	-	user-nil	if url == @current.url
corpus/06-linked/browser_history.rb	(24,15)-(24,21):undefined method: nil#visits=	V10	-	user-nil	@current.visits += 1
corpus/06-linked/browser_history.rb	(24,15)-(24,21):undefined method: nil#visits	V10	-	user-nil	@current.visits += 1
corpus/06-linked/browser_history.rb	(28,13)-(28,20):undefined method: nil#forward=	V10	-	user-nil	@current.forward = page
corpus/06-linked/browser_history.rb	(37,22)-(37,26):undefined method: nil#back	V10	-	user-nil	prev = @current.back
corpus/06-linked/browser_history.rb	(48,21)-(48,28):undefined method: nil#forward	V10	-	user-nil	nxt = @current.forward
corpus/06-linked/browser_history.rb	(58,35)-(58,39):undefined method: nil#back	V10	-	user-nil	first = first.back while first.back
corpus/06-linked/browser_history.rb	(58,18)-(58,22):undefined method: nil#back	V10	-	user-nil	first = first.back while first.back
corpus/06-linked/browser_history.rb	(74,14)-(74,27):undefined method: nil#delete_prefix	V9	-	lib-nilable-return	host = m[1].delete_prefix("www.")
corpus/06-linked/browser_history.rb	(111,21)-(111,26):undefined method: nil#title	V10	-	user-nil	puts "current: #{cur.title} (visits #{cur.visits})"
corpus/06-linked/browser_history.rb	(111,42)-(111,48):undefined method: nil#visits	V10	-	user-nil	puts "current: #{cur.title} (visits #{cur.visits})"
corpus/06-linked/chained_hash_table.rb	(17,31)-(17,32):undefined method: Numeric#*	V2	-	numeric-catchall-overload	key.each_byte { |b| h = (h * 33 + b) % 4294967296 }
corpus/06-linked/circular_playlist.rb	(31,18)-(31,22):undefined method: nil#prev	V7	-	nil?-no-narrow	last = @now.prev
corpus/06-linked/circular_playlist.rb	(32,11)-(32,15):undefined method: nil#next=	V10	-	user-nil	last.next = t
corpus/06-linked/circular_playlist.rb	(35,11)-(35,15):undefined method: nil#prev=	V7	-	nil?-no-narrow	@now.prev = t
corpus/06-linked/circular_playlist.rb	(46,12)-(46,16):undefined method: nil#next	V10	-	user-nil	t = t.next
corpus/06-linked/circular_playlist.rb	(53,28)-(53,32):undefined method: nil#next	V10	-	user-nil	n.times { @now = @now.next }
corpus/06-linked/circular_playlist.rb	(55,31)-(55,35):undefined method: nil#prev	V10	-	user-nil	(-n).times { @now = @now.prev }
corpus/06-linked/circular_playlist.rb	(66,15)-(66,19):undefined method: nil#next=	V10	-	user-nil	cur.prev.next = cur.next
corpus/06-linked/circular_playlist.rb	(67,15)-(67,19):undefined method: nil#prev=	V10	-	user-nil	cur.next.prev = cur.prev
corpus/06-linked/circular_playlist.rb	(76,42)-(76,47):undefined method: nil#title	V10	-	user-nil	each_from_now { |t| target ||= t if t.title == title }
corpus/06-linked/circular_playlist.rb	(80,19)-(80,23):undefined method: nil#next	V7	-	nil?-no-narrow	after = target.next
corpus/06-linked/circular_playlist.rb	(81,11)-(81,15):undefined method: nil#next=	V7	-	nil?-no-narrow	target.next = moved
corpus/06-linked/circular_playlist.rb	(82,10)-(82,14):undefined method: nil#prev=	V10	-	user-nil	moved.prev = target
corpus/06-linked/circular_playlist.rb	(83,10)-(83,14):undefined method: nil#next=	V10	-	user-nil	moved.next = after
corpus/06-linked/circular_playlist.rb	(84,10)-(84,14):undefined method: nil#prev=	V10	-	user-nil	after.prev = moved
corpus/06-linked/circular_playlist.rb	(90,31)-(90,35):undefined method: nil#secs	V10	-	user-nil	each_from_now { |t| s += t.secs }
corpus/06-linked/circular_playlist.rb	(96,33)-(96,38):undefined method: nil#title	V10	-	user-nil	each_from_now { |t| out << t.title }
corpus/06-linked/circular_playlist.rb	(105,9)-(105,13):undefined method: nil#secs	V10	-	user-nil	if t.secs > budget
corpus/06-linked/circular_playlist.rb	(106,21)-(106,26):undefined method: nil#title	V10	-	user-nil	played << "#{t.title} (partial #{budget}s)"
corpus/06-linked/circular_playlist.rb	(109,18)-(109,23):undefined method: nil#title	V10	-	user-nil	played << t.title
corpus/06-linked/circular_playlist.rb	(110,18)-(110,22):undefined method: nil#secs	V10	-	user-nil	budget -= t.secs
corpus/06-linked/circular_playlist.rb	(136,35)-(136,41):undefined method: nil#artist	V10	-	user-nil	pl.each_from_now { |t| by_artist[t.artist] += t.secs }
corpus/06-linked/circular_playlist.rb	(136,35)-(136,41):undefined method: nil#artist	V10	-	user-nil	pl.each_from_now { |t| by_artist[t.artist] += t.secs }
corpus/06-linked/circular_playlist.rb	(136,48)-(136,52):undefined method: nil#secs	V10	-	user-nil	pl.each_from_now { |t| by_artist[t.artist] += t.secs }
corpus/01-text/ascii_table.rb	(36,16)-(36,20):undefined method: nil#size	residual	-	unclassified	return s if s.size <= width
corpus/01-text/ascii_table.rb	(37,10)-(37,21):undefined method: nil#[]	residual	-	unclassified	return s[0...width] if width < 4
corpus/01-text/ascii_table.rb	(38,21)-(38,22):undefined method: nil#+	V9	-	lib-nilable-return	s[0...(width - 3)] + "..."
corpus/01-text/ascii_table.rb	(38,3)-(38,20):undefined method: nil#[]	residual	-	nil-cascade-other	s[0...(width - 3)] + "..."
corpus/01-text/ascii_table.rb	(43,20)-(43,25):undefined method: nil#ljust	residual	-	unclassified	when :left then s.ljust(width)
corpus/01-text/ascii_table.rb	(44,21)-(44,26):undefined method: nil#rjust	residual	-	unclassified	when :right then s.rjust(width)
corpus/01-text/ascii_table.rb	(45,22)-(45,28):undefined method: nil#center	residual	-	unclassified	when :center then s.center(width)
corpus/01-text/ascii_table.rb	(58,51)-(58,55):undefined method: nil#size	residual	-	unclassified	w = ([c.title.size] + cells.map { |row| row[i].size }).max
corpus/01-text/bwt_rle.rb	(49,50)-(49,51):undefined method: nil#+	V9	-	lib-nilable-return	rotations = (0...text.size).map { |i| text[i..] + text[0...i] }
corpus/01-text/case_convert.rb	(11,18)-(11,20):undefined method: nil#>=	V9	-	lib-nilable-return	def upper?(c) = c >= "A" && c <= "Z"
corpus/01-text/case_convert.rb	(11,30)-(11,32):undefined method: nil#<=	V9	-	lib-nilable-return	def upper?(c) = c >= "A" && c <= "Z"
corpus/01-text/case_convert.rb	(86,20)-(86,25):wrong type of arguments	V11	-	empty-arg	label = id.source.ljust(width)
corpus/10-grids/flood_fill.rb	(27,24)-(27,26):undefined method: nil#>=	V9	-	lib-nilable-return	def inside?(r, c) = r >= 0 && r < @height && c >= 0 && c < @width
corpus/10-grids/flood_fill.rb	(27,34)-(27,35):undefined method: nil#<	V9	-	lib-nilable-return	def inside?(r, c) = r >= 0 && r < @height && c >= 0 && c < @width
corpus/10-grids/flood_fill.rb	(30,8)-(30,9):undefined method: nil#-	V9	-	lib-nilable-return	[[r - 1, c], [r + 1, c], [r, c - 1], [r, c + 1]].select { |nr, nc| inside?(nr, nc) }
corpus/10-grids/flood_fill.rb	(30,20)-(30,21):undefined method: nil#+	V9	-	lib-nilable-return	[[r - 1, c], [r + 1, c], [r, c - 1], [r, c + 1]].select { |nr, nc| inside?(nr, nc) }
corpus/10-grids/flood_fill.rb	(100,0)-(100,4):wrong type of arguments	V1	-	interface-nominal	puts canvas
corpus/10-grids/flood_fill.rb	(108,0)-(108,4):wrong type of arguments	V1	-	interface-nominal	puts canvas
corpus/10-grids/game_2048.rb	(40,10)-(40,13):failed to resolve overloads	V6	-	block-param-shadow	@board[r][c] = value
corpus/10-grids/game_2048.rb	(40,10)-(40,13):failed to resolve overloads	V6	-	block-param-shadow	@board[r][c] = value
corpus/10-grids/game_2048.rb	(40,10)-(40,13):failed to resolve overloads	V6	-	block-param-shadow	@board[r][c] = value
corpus/10-grids/game_2048.rb	(85,0)-(85,4):wrong type of arguments	V1	-	interface-nominal	puts g
corpus/10-grids/game_2048.rb	(100,0)-(100,4):wrong type of arguments	V1	-	interface-nominal	puts g
corpus/10-grids/game_of_life.rb	(53,2)-(53,6):wrong type of arguments	V1	-	interface-nominal	puts board
corpus/10-grids/game_of_life.rb	(68,2)-(68,6):wrong type of arguments	V1	-	interface-nominal	puts board
corpus/10-grids/hex_game.rb	(123,2)-(123,6):wrong type of arguments	V1	-	interface-nominal	puts g
corpus/10-grids/knights_tour.rb	(10,38)-(10,41):undefined method: nil#row	V9	-	lib-nilable-return	def -(other) = Pos.new(@row - other.row, @col - other.col)
corpus/10-grids/knights_tour.rb	(10,56)-(10,59):undefined method: nil#col	V9	-	lib-nilable-return	def -(other) = Pos.new(@row - other.row, @col - other.col)
corpus/10-grids/knights_tour.rb	(32,13)-(32,16):undefined method: nil#row	V9	-	lib-nilable-return	@order[p.row][p.col] = n
corpus/10-grids/knights_tour.rb	(32,20)-(32,23):undefined method: nil#col	V9	-	lib-nilable-return	@order[p.row][p.col] = n
corpus/10-grids/knights_tour.rb	(35,40)-(35,41):undefined method: nil#+	V9	-	lib-nilable-return	def moves_from(p) = JUMPS.map { |j| p + j }.select { |q| free?(q) }
corpus/10-grids/knights_tour.rb	(64,8)-(64,9):undefined method: nil#-	V9	-	lib-nilable-return	d = b - a
corpus/10-grids/knights_tour.rb	(83,4)-(83,8):wrong type of arguments	V1	-	interface-nominal	puts b if size <= 6
corpus/05-sorting/sorted_matrix_search.rb	(97,27)-(97,48):failed to resolve overloads	V11	-	empty-arg	check = prices.flatten.sort[(total + 1) / 2 - 1]
corpus/05-sorting/trail_peak_search.rb	(71,27)-(71,30):wrong type of arguments	V1	-	interface-nominal	visitors = 1200.0 * Math.exp(-price / 18.0)
corpus/05-sorting/trail_peak_search.rb	(113,36)-(113,40):undefined method: nil#name	V9	-	lib-nilable-return	puts "highest point overall: #{best.name}"
corpus/05-sorting/version_resolver.rb	(18,21)-(18,26):undefined method: nil#split	V9	-	lib-nilable-return	Version.new(m[1].split(".").map(&:to_i), m[2], s)
corpus/09-dp/line_breaking.rb	(12,20)-(12,23):undefined method: nil#sum	V9	-	lib-nilable-return	len = words[i..j].sum(&:size) + (j - i)
corpus/09-dp/line_breaking.rb	(12,37)-(12,38):undefined method: nil#-	V6	-	block-param-shadow	len = words[i..j].sum(&:size) + (j - i)
corpus/09-dp/line_breaking.rb	(12,37)-(12,38):failed to resolve overloads	V6	-	block-param-shadow	len = words[i..j].sum(&:size) + (j - i)
corpus/09-dp/line_breaking.rb	(15,9)-(15,10):failed to resolve overloads	V11	-	empty-arg	(width - len)**3
corpus/09-dp/line_breaking.rb	(31,16)-(31,17):undefined method: nil#+	V10	-	user-nil	total = b + cost[j + 1]
corpus/09-dp/line_breaking.rb	(31,25)-(31,26):undefined method: nil#+	V6	-	block-param-shadow	total = b + cost[j + 1]
corpus/09-dp/line_breaking.rb	(34,11)-(34,14):failed to resolve overloads	V6	block-param-shadow	block-param-shadow	brk[i] = j + 1
corpus/09-dp/line_breaking.rb	(34,19)-(34,20):undefined method: nil#+	V6	-	block-param-shadow	brk[i] = j + 1
corpus/09-dp/line_breaking.rb	(37,8)-(37,11):failed to resolve overloads	V6	block-param-shadow	block-param-shadow	cost[i] = best
corpus/09-dp/line_breaking.rb	(42,31)-(42,35):undefined method: nil#join	V9	-	lib-nilable-return	lines << words[i...brk[i]].join(" ")
corpus/09-dp/line_breaking.rb	(66,16)-(66,19):block is not expected	residual	-	shared-field-union	lines[0...-1].sum { |line| (width - line.size)**3 }
corpus/09-dp/line_breaking.rb	(66,36)-(66,37):failed to resolve overloads	V11	-	empty-arg	lines[0...-1].sum { |line| (width - line.size)**3 }
corpus/09-dp/longest_increasing.rb	(72,33)-(72,34):undefined method: Integer#w	V4	-	sig-vertex-sharing	sorted = envs.sort_by { |e| [e.w, -e.h] }
corpus/09-dp/longest_increasing.rb	(72,39)-(72,40):undefined method: Integer#h	V4	-	sig-vertex-sharing	sorted = envs.sort_by { |e| [e.w, -e.h] }
corpus/09-dp/longest_increasing.rb	(77,29)-(77,30):undefined method: Integer#h	V4	-	sig-vertex-sharing	if idx < chain.size && e.h == chain[idx]
corpus/09-dp/longest_increasing.rb	(78,38)-(78,39):undefined method: Integer#w	V4	-	sig-vertex-sharing	if picked.empty? || picked.last.w < e.w
corpus/09-dp/longest_increasing.rb	(78,44)-(78,45):undefined method: Integer#w	V4	-	sig-vertex-sharing	if picked.empty? || picked.last.w < e.w
corpus/09-dp/longest_increasing.rb	(107,37)-(107,38):undefined method: nil#+	V9	-	lib-nilable-return	days = run.map { |v| prices.index(v) + 1 }
corpus/09-dp/longest_increasing.rb	(116,29)-(116,34):undefined method: Integer#label	V4	-	sig-vertex-sharing	labels = nest.map { |e| "#{e.label}(#{e.w}x#{e.h})" }
corpus/09-dp/longest_increasing.rb	(116,40)-(116,41):undefined method: Integer#w	V4	-	sig-vertex-sharing	labels = nest.map { |e| "#{e.label}(#{e.w}x#{e.h})" }
corpus/09-dp/longest_increasing.rb	(116,47)-(116,48):undefined method: Integer#h	V4	-	sig-vertex-sharing	labels = nest.map { |e| "#{e.label}(#{e.w}x#{e.h})" }
corpus/09-dp/matrix_chain.rb	(40,23)-(40,24):undefined method: nil#+	V10	-	user-nil	c = cost[i][k] + cost[k + 1][j] + dims[i] * dims[k + 1] * dims[j + 1]
corpus/09-dp/optimal_bst.rb	(27,23)-(27,24):undefined method: nil#+	V10	-	user-nil	c = cost[i][r] + cost[r + 1][j] + weight[i][j]
corpus/09-dp/optimal_bst.rb	(28,33)-(28,34):undefined method: nil#-	V7	-	nil?-no-narrow	if best.nil? || c < best - 1.0e-12
corpus/09-dp/optimal_bst.rb	(53,15)-(53,18):undefined method: nil#key	V7	-	nil?-no-narrow	freq_of[node.key] * depth + expected_cost(node.left, freq_of, depth + 1) + expected_cost(node.right, freq_of, depth + 1)
corpus/09-dp/optimal_bst.rb	(53,49)-(53,53):undefined method: nil#left	V7	-	nil?-no-narrow	freq_of[node.key] * depth + expected_cost(node.left, freq_of, depth + 1) + expected_cost(node.right, freq_of, depth + 1)
corpus/09-dp/optimal_bst.rb	(53,96)-(53,101):undefined method: nil#right	V7	-	nil?-no-narrow	freq_of[node.key] * depth + expected_cost(node.left, freq_of, depth + 1) + expected_cost(node.right, freq_of, depth + 1)
corpus/09-dp/optimal_bst.rb	(68,12)-(68,17):undefined method: nil#right	V7	-	nil?-no-narrow	draw(node.right, indent + "    ", out)
corpus/09-dp/optimal_bst.rb	(69,23)-(69,26):undefined method: nil#key	V7	-	nil?-no-narrow	out << indent + node.key
corpus/09-dp/optimal_bst.rb	(70,12)-(70,16):undefined method: nil#left	V7	-	nil?-no-narrow	draw(node.left, indent + "    ", out)
corpus/09-dp/optimal_bst.rb	(76,19)-(76,23):undefined method: nil#left	V7	-	nil?-no-narrow	1 + [height(node.left), height(node.right)].max
corpus/09-dp/optimal_bst.rb	(76,38)-(76,43):undefined method: nil#right	V7	-	nil?-no-narrow	1 + [height(node.left), height(node.right)].max
corpus/09-dp/optimal_bst.rb	(83,32)-(83,33):failed to resolve overloads	V11	-	empty-arg	freq = keys.map { |k| counts[k] / total.to_f }
corpus/09-dp/optimal_bst.rb	(102,69)-(102,72):undefined method: nil#key	V10	-	user-nil	puts format("uniform weights: optimal %.4f, root %s", u_cost, u_tree.key)
corpus/09-dp/palindromes.rb	(34,6)-(34,10):failed to resolve overloads	V6	block-param-shadow	block-param-shadow	0.upto(j) do |i|
corpus/09-dp/palindromes.rb	(35,21)-(35,24):failed to resolve overloads	V6	block-param-shadow	block-param-shadow	next unless pal[i][j]
corpus/09-dp/palindromes.rb	(36,35)-(36,36):undefined method: nil#+	V10	block-param-shadow	user-nil	c = i == 0 ? 0 : cuts[i - 1] + 1
corpus/09-dp/palindromes.rb	(36,30)-(36,31):undefined method: nil#-	V6	block-param-shadow	block-param-shadow	c = i == 0 ? 0 : cuts[i - 1] + 1
corpus/09-dp/palindromes.rb	(50,10)-(50,11):undefined method: nil#-	V6	-	block-param-shadow	j = i - 1
corpus/09-dp/palindromes.rb	(60,5)-(60,8):failed to resolve overloads	V6	block-param-shadow	block-param-shadow	t[i][i] = 1
corpus/09-dp/palindromes.rb	(61,7)-(61,8):undefined method: nil#+	V6	block-param-shadow	block-param-shadow	(i + 1).upto(n - 1) do |j|
corpus/09-dp/palindromes.rb	(62,7)-(62,10):failed to resolve overloads	V6	block-param-shadow	block-param-shadow	t[i][j] = s[i] == s[j] ? t[i + 1][j - 1] + 2 : [t[i + 1][j], t[i][j - 1]].max
corpus/09-dp/palindromes.rb	(62,17)-(62,20):failed to resolve overloads	V6	block-param-shadow	block-param-shadow	t[i][j] = s[i] == s[j] ? t[i + 1][j - 1] + 2 : [t[i + 1][j], t[i][j - 1]].max
corpus/09-dp/palindromes.rb	(62,25)-(62,28):failed to resolve overloads	V6	block-param-shadow	block-param-shadow	t[i][j] = s[i] == s[j] ? t[i + 1][j - 1] + 2 : [t[i + 1][j], t[i][j - 1]].max
corpus/09-dp/palindromes.rb	(62,32)-(62,39):failed to resolve overloads	V6	block-param-shadow	block-param-shadow	t[i][j] = s[i] == s[j] ? t[i + 1][j - 1] + 2 : [t[i + 1][j], t[i][j - 1]].max
corpus/09-dp/palindromes.rb	(62,35)-(62,36):undefined method: nil#+	V6	block-param-shadow	block-param-shadow	t[i][j] = s[i] == s[j] ? t[i + 1][j - 1] + 2 : [t[i + 1][j], t[i][j - 1]].max
corpus/09-dp/palindromes.rb	(62,42)-(62,43):undefined method: nil#-	V6	block-param-shadow	block-param-shadow	t[i][j] = s[i] == s[j] ? t[i + 1][j - 1] + 2 : [t[i + 1][j], t[i][j - 1]].max
corpus/09-dp/palindromes.rb	(62,55)-(62,62):failed to resolve overloads	V6	block-param-shadow	block-param-shadow	t[i][j] = s[i] == s[j] ? t[i + 1][j - 1] + 2 : [t[i + 1][j], t[i][j - 1]].max
corpus/09-dp/palindromes.rb	(62,58)-(62,59):undefined method: nil#+	V6	block-param-shadow	block-param-shadow	t[i][j] = s[i] == s[j] ? t[i + 1][j - 1] + 2 : [t[i + 1][j], t[i][j - 1]].max
corpus/09-dp/palindromes.rb	(62,68)-(62,71):failed to resolve overloads	V6	block-param-shadow	block-param-shadow	t[i][j] = s[i] == s[j] ? t[i + 1][j - 1] + 2 : [t[i + 1][j], t[i][j - 1]].max
corpus/09-dp/palindromes.rb	(62,74)-(62,75):undefined method: nil#-	V6	block-param-shadow	block-param-shadow	t[i][j] = s[i] == s[j] ? t[i + 1][j - 1] + 2 : [t[i + 1][j], t[i][j - 1]].max
corpus/01-text/ini_config.rb	(38,17)-(38,20):undefined method: nil#[]	V8	-	assign-in-cond-no-narrow	section = m[1]
corpus/01-text/ini_config.rb	(44,18)-(44,21):undefined method: nil#sub	V9	-	lib-nilable-return	value = kv[2].sub(/\s+[#;].*\z/, "")
corpus/01-text/ini_config.rb	(123,12)-(123,17):wrong type of arguments	V11	-	empty-arg	puts "#{k.ljust(width)}  #{kind(v).ljust(8)} #{v.inspect}"
corpus/01-text/ini_config.rb	(123,37)-(123,42):undefined method: nil#ljust	residual	block-param-shadow	block-param-shadow	puts "#{k.ljust(width)}  #{kind(v).ljust(8)} #{v.inspect}"
corpus/01-text/json_pretty.rb	(100,38)-(100,41):undefined method: nil#hex	V9	-	lib-nilable-return	code = @src[@pos, 4].hex
corpus/01-text/json_pretty.rb	(113,21)-(113,26):undefined method: nil#match	V9	-	lib-nilable-return	m = @src[@pos..].match(/\A-?\d+(\.\d+)?([eE][-+]?\d+)?/)
corpus/01-text/json_pretty.rb	(122,22)-(122,33):undefined method: nil#start_with?	V9	-	lib-nilable-return	if @src[@pos..].start_with?(word)
corpus/01-text/json_pretty.rb	(165,22)-(165,26):undefined method: nil#join	residual	-	unclassified	open + "\n" + items.join(",\n") + "\n" + " " * indent + close
corpus/01-text/justify_text.rb	(30,17)-(30,18):failed to resolve overloads	V11	-	empty-arg	spaces = width - letters
corpus/01-text/justify_text.rb	(35,15)-(35,16):wrong type of arguments	V11	-	empty-arg	out << " " * (base + (i < extra ? 1 : 0)) if i < gaps
corpus/01-text/justify_text.rb	(35,28)-(35,29):wrong type of arguments	V11	-	empty-arg	out << " " * (base + (i < extra ? 1 : 0)) if i < gaps
corpus/01-text/justify_text.rb	(63,31)-(63,36):undefined method: nil#ljust	residual	-	unclassified	rows.each { |r| puts "|" + r.ljust(width) + "|" }
corpus/01-text/line_diff.rb	(62,7)-(62,11):undefined method: Edit#each	residual	-	unclassified	hunk.each do |e|
corpus/01-text/line_diff.rb	(70,17)-(70,22):undefined method: Edit#count	residual	-	unclassified	old_len = hunk.count { |e| e.op != :add }
corpus/01-text/line_diff.rb	(71,17)-(71,22):undefined method: Edit#count	residual	-	unclassified	new_len = hunk.count { |e| e.op != :del }
corpus/01-text/line_diff.rb	(94,6)-(94,10):undefined method: Edit#each	residual	-	unclassified	h.each { |e| puts prefix(e.op) + e.text }
corpus/01-text/line_diff.rb	(94,35)-(94,36):wrong type of arguments	V11	-	empty-arg	h.each { |e| puts prefix(e.op) + e.text }
corpus/01-text/line_diff.rb	(94,35)-(94,36):undefined method: nil#+	residual	-	unclassified	h.each { |e| puts prefix(e.op) + e.text }
corpus/01-text/markdown_html.rb	(12,4)-(12,8):undefined method: nil#gsub	residual	-	unclassified	s.gsub("&", "&amp;").gsub("<", "&lt;").gsub(">", "&gt;")
corpus/01-text/markdown_html.rb	(18,18)-(18,23):undefined method: nil#match	residual	-	unclassified	while (m = rest.match(/`([^`]+)`/))
corpus/01-text/markdown_html.rb	(19,26)-(19,35):undefined method: nil#pre_match	V9	-	lib-nilable-return	out << format_spans(m.pre_match) << "<code>" << escape_html(m[1]) << "</code>"
corpus/01-text/markdown_html.rb	(19,65)-(19,68):undefined method: nil#[]	V9	-	lib-nilable-return	out << format_spans(m.pre_match) << "<code>" << escape_html(m[1]) << "</code>"
corpus/01-text/markdown_html.rb	(20,13)-(20,23):undefined method: nil#post_match	V9	-	lib-nilable-return	rest = m.post_match
corpus/01-text/markdown_html.rb	(69,57)-(69,62):undefined method: nil#strip	V9	-	lib-nilable-return	blocks << Block.new(:heading, [line[hashes.size..].strip], hashes.size)
corpus/01-text/markdown_html.rb	(69,49)-(69,53):undefined method: nil#size	V9	-	lib-nilable-return	blocks << Block.new(:heading, [line[hashes.size..].strip], hashes.size)
corpus/01-text/markdown_html.rb	(69,72)-(69,76):undefined method: nil#size	V9	-	lib-nilable-return	blocks << Block.new(:heading, [line[hashes.size..].strip], hashes.size)
corpus/19-statemachines/markdown_blocks.rb	(1,23)-(1,27):undefined method: nil#gsub	V9	-	lib-nilable-return	def escape_html(s) = s.gsub("&", "&amp;").gsub("<", "&lt;").gsub(">", "&gt;")
corpus/19-statemachines/markdown_blocks.rb	(58,23)-(58,28):undefined method: nil#strip	V9	-	lib-nilable-return	lang = text[3..].strip
corpus/19-statemachines/markdown_blocks.rb	(64,25)-(64,29):undefined method: nil#size	V9	-	lib-nilable-return	level = heading[1].size
corpus/19-statemachines/markdown_blocks.rb	(83,25)-(83,30):undefined method: nil#strip	V9	-	lib-nilable-return	@para << text[1..].strip
corpus/19-statemachines/morse_decoder.rb	(46,14)-(46,15):failed to resolve overloads	V11	-	empty-arg	ratio = d / unit
corpus/19-statemachines/order_workflow.rb	(10,34)-(10,35):failed to resolve overloads	V11	-	empty-arg	def -(other) = Money.new(@cents - other.cents)
corpus/19-statemachines/regex_nfa.rb	(112,25)-(112,30):undefined method: nil#holes	V9	-	lib-nilable-return	patch(states, e1.holes, e2.start)
corpus/19-statemachines/regex_nfa.rb	(112,35)-(112,40):undefined method: nil#start	V9	-	lib-nilable-return	patch(states, e1.holes, e2.start)
corpus/19-statemachines/regex_nfa.rb	(113,29)-(113,34):undefined method: nil#start	V9	-	lib-nilable-return	stack << Frag.new(e1.start, e2.holes)
corpus/19-statemachines/regex_nfa.rb	(113,39)-(113,44):undefined method: nil#holes	V9	-	lib-nilable-return	stack << Frag.new(e1.start, e2.holes)
corpus/19-statemachines/regex_nfa.rb	(118,28)-(118,33):undefined method: nil#start	V9	-	lib-nilable-return	states[s].out1 = e1.start
corpus/19-statemachines/regex_nfa.rb	(119,28)-(119,33):undefined method: nil#start	V9	-	lib-nilable-return	states[s].out2 = e2.start
corpus/19-statemachines/regex_nfa.rb	(120,32)-(120,37):undefined method: nil#holes	V9	-	lib-nilable-return	stack << Frag.new(s, e1.holes + e2.holes)
corpus/19-statemachines/regex_nfa.rb	(120,43)-(120,48):undefined method: nil#holes	V9	-	lib-nilable-return	stack << Frag.new(s, e1.holes + e2.holes)
corpus/19-statemachines/regex_nfa.rb	(125,27)-(125,32):undefined method: nil#start	V7	-	nil?-no-narrow	states[s].out1 = e.start
corpus/19-statemachines/regex_nfa.rb	(127,33)-(127,38):undefined method: nil#holes	V7	-	nil?-no-narrow	stack << Frag.new(s, e.holes + [[s, 2]])
corpus/19-statemachines/regex_nfa.rb	(129,26)-(129,31):undefined method: nil#holes	V7	-	nil?-no-narrow	patch(states, e.holes, s)
corpus/19-statemachines/regex_nfa.rb	(130,35)-(130,40):undefined method: nil#start	V7	-	nil?-no-narrow	start = c == "*" ? s : e.start
corpus/19-statemachines/regex_nfa.rb	(141,20)-(141,25):undefined method: nil#holes	V9	-	lib-nilable-return	patch(states, e.holes, m)
corpus/19-statemachines/regex_nfa.rb	(142,22)-(142,27):undefined method: nil#start	V9	-	lib-nilable-return	Nfa.new(states, e.start)
corpus/18-collections/cart_discounts.rb	(35,38)-(35,39):undefined method: nil#<	V6	-	block-param-shadow	def money(c) = format("%s$%d.%02d", c < 0 ? "-" : "", c.abs / 100, c.abs % 100)
corpus/18-collections/cart_discounts.rb	(35,56)-(35,59):undefined method: nil#abs	V6	-	block-param-shadow	def money(c) = format("%s$%d.%02d", c < 0 ? "-" : "", c.abs / 100, c.abs % 100)
corpus/18-collections/cart_discounts.rb	(35,69)-(35,72):undefined method: nil#abs	V6	-	block-param-shadow	def money(c) = format("%s$%d.%02d", c < 0 ? "-" : "", c.abs / 100, c.abs % 100)
corpus/18-collections/cart_discounts.rb	(53,48)-(53,49):failed to resolve overloads	V11	-	empty-arg	base > 0 ? ["#{pct}% off #{category}", base * pct / 100] : nil
corpus/18-collections/cart_discounts.rb	(77,43)-(77,46):undefined method: nil#[]	residual	-	unclassified	total = (subtotal - discounts.sum { |d| d[1] }).clamp(0, subtotal)
corpus/18-collections/contact_dedupe.rb	(108,48)-(108,49):wrong type of arguments	V1	-	interface-nominal	emails = members.reduce(Set[]) { |acc, c| acc | c.emails }
corpus/18-collections/contact_dedupe.rb	(109,48)-(109,49):wrong type of arguments	V1	-	interface-nominal	phones = members.reduce(Set[]) { |acc, c| acc | c.phones }
corpus/18-collections/contact_dedupe.rb	(110,46)-(110,47):wrong type of arguments	V1	-	interface-nominal	tags = members.reduce(Set[]) { |acc, c| acc | c.tags }
corpus/08-graphs/land_islands.rb	(14,20)-(14,21):undefined method: nil#*	residual	-	unclassified	def key(x, y) = y * @width + x
corpus/08-graphs/land_islands.rb	(17,6)-(17,8):undefined method: nil#>=	V9	-	lib-nilable-return	x >= 0 && y >= 0 && x < @width && y < @height && @parent.key?(key(x, y))
corpus/08-graphs/land_islands.rb	(17,26)-(17,27):undefined method: nil#<	V9	-	lib-nilable-return	x >= 0 && y >= 0 && x < @width && y < @height && @parent.key?(key(x, y))
corpus/08-graphs/land_islands.rb	(46,13)-(46,14):undefined method: nil#+	residual	-	unclassified	nx = x + dx
corpus/08-graphs/land_islands.rb	(47,13)-(47,14):undefined method: nil#+	residual	-	unclassified	ny = y + dy
corpus/08-graphs/land_islands.rb	(85,13)-(85,14):undefined method: nil#+	V9	-	lib-nilable-return	[[cx + 1, cy], [cx - 1, cy], [cx, cy + 1], [cx, cy - 1]].each do |px, py|
corpus/08-graphs/land_islands.rb	(85,27)-(85,28):undefined method: nil#-	V9	-	lib-nilable-return	[[cx + 1, cy], [cx - 1, cy], [cx, cy + 1], [cx, cy - 1]].each do |px, py|
corpus/08-graphs/land_islands.rb	(108,75)-(108,76):undefined method: nil#+	V9	-	lib-nilable-return	puts "peak islands: #{history.max} after step #{history.index(history.max) + 1}"
corpus/08-graphs/make_rebuild.rb	(55,23)-(55,28):undefined method: nil#split	V9	-	lib-nilable-return	phony.merge(m[1].split(" "))
corpus/08-graphs/make_rebuild.rb	(55,19)-(55,22):undefined method: nil#[]	V8	-	assign-in-cond-no-narrow	phony.merge(m[1].split(" "))
corpus/08-graphs/maze_bfs.rb	(31,13)-(31,14):undefined method: nil#+	residual	-	unclassified	nx = x + dx
corpus/08-graphs/maze_bfs.rb	(65,18)-(65,22):wrong type of arguments	V11	-	empty-arg	rows.each { |r| puts r.join }
corpus/08-graphs/metro_transfers.rb	(24,15)-(24,20):undefined method: nil#stops	V9	-	lib-nilable-return	stops = line.stops
corpus/08-graphs/metro_transfers.rb	(26,5)-(26,6):undefined method: nil#-	V9	-	lib-nilable-return	[i - 1, i + 1].each do |j|
corpus/08-graphs/metro_transfers.rb	(26,12)-(26,13):undefined method: nil#+	V9	-	lib-nilable-return	[i - 1, i + 1].each do |j|
corpus/08-graphs/org_chart_lca.rb	(69,23)-(69,24):failed to resolve overloads	V11	-	empty-arg	def team_size(v) = 1 + @children[v].sum { |c| team_size(c) }
corpus/13-polymorphism/calendar_dates.rb	(67,29)-(67,36):undefined method: Integer#ordinal	residual	case-in-no-narrow	case-in-no-narrow	in Date then ordinal - b.ordinal
corpus/13-polymorphism/calendar_dates.rb	(118,60)-(118,67):undefined method: nil#ordinal	V6	block-param-shadow	block-param-shadow	puts "round trip ok: #{dates.all? { |d| Date.from_ordinal(d.ordinal) == d }}"
corpus/13-polymorphism/color_palette.rb	(25,19)-(25,22):undefined method: nil#hex	V9	-	lib-nilable-return	Color.new(m[1].hex, m[2].hex, m[3].hex)
corpus/13-polymorphism/color_palette.rb	(25,29)-(25,32):undefined method: nil#hex	V9	-	lib-nilable-return	Color.new(m[1].hex, m[2].hex, m[3].hex)
corpus/13-polymorphism/color_palette.rb	(25,39)-(25,42):undefined method: nil#hex	V9	-	lib-nilable-return	Color.new(m[1].hex, m[2].hex, m[3].hex)
corpus/13-polymorphism/color_palette.rb	(32,35)-(32,36):undefined method: Float#r	residual	case-in-no-narrow	case-in-no-narrow	in Color then Color.rgb(@r * k.r / 255.0, @g * k.g / 255.0, @b * k.b / 255.0)
corpus/13-polymorphism/color_palette.rb	(32,35)-(32,36):undefined method: Integer#r	residual	case-in-no-narrow	case-in-no-narrow	in Color then Color.rgb(@r * k.r / 255.0, @g * k.g / 255.0, @b * k.b / 255.0)
corpus/13-polymorphism/color_palette.rb	(32,53)-(32,54):undefined method: Float#g	residual	case-in-no-narrow	case-in-no-narrow	in Color then Color.rgb(@r * k.r / 255.0, @g * k.g / 255.0, @b * k.b / 255.0)
corpus/13-polymorphism/color_palette.rb	(32,53)-(32,54):undefined method: Integer#g	residual	case-in-no-narrow	case-in-no-narrow	in Color then Color.rgb(@r * k.r / 255.0, @g * k.g / 255.0, @b * k.b / 255.0)
corpus/13-polymorphism/color_palette.rb	(32,71)-(32,72):undefined method: Float#b	residual	case-in-no-narrow	case-in-no-narrow	in Color then Color.rgb(@r * k.r / 255.0, @g * k.g / 255.0, @b * k.b / 255.0)
corpus/13-polymorphism/color_palette.rb	(32,71)-(32,72):undefined method: Integer#b	residual	case-in-no-narrow	case-in-no-narrow	in Color then Color.rgb(@r * k.r / 255.0, @g * k.g / 255.0, @b * k.b / 255.0)
corpus/13-polymorphism/doc_render.rb	(67,22)-(67,23):wrong type of arguments	V11	-	empty-arg	lines[0] = "* " + first.lstrip if first
corpus/13-polymorphism/doc_render.rb	(91,54)-(91,55):undefined method: nil#+	V9	-	lib-nilable-return	lines.map { |l| l.size > width ? l[0...width - 1] + ">" : l }
corpus/08-graphs/pipeline_flow.rb	(49,16)-(49,19):undefined method: nil#[]	V10	-	user-nil	u = prev[v]
corpus/08-graphs/pipeline_flow.rb	(56,16)-(56,19):undefined method: nil#[]	V10	-	user-nil	u = prev[v]
corpus/08-graphs/word_ladder.rb	(70,68)-(70,71):undefined method: nil#[]	V9	-	lib-nilable-return	puts "#{words.size} words, #{index.size} patterns; busiest #{busiest[0]} (#{busiest[1].size})"
corpus/08-graphs/word_ladder.rb	(70,83)-(70,86):undefined method: nil#[]	V9	-	lib-nilable-return	puts "#{words.size} words, #{index.size} patterns; busiest #{busiest[0]} (#{busiest[1].size})"
corpus/05-sorting/hashtag_trends.rb	(69,42)-(69,43):undefined method: nil#-	V7	-	nil?-no-narrow	[t.tag, "#{before} -> #{now}", before - now]
corpus/05-sorting/heap_scheduler.rb	(121,9)-(121,10):undefined method: Numeric#*	V2	-	numeric-catchall-overload	v = (v * 37 + 11) % 997
corpus/05-sorting/kway_log_merge.rb	(36,15)-(36,19):undefined method: Array[String]#to_i	V3	-	masgn-from-Array	Entry.new(ts.to_i, server, text)
corpus/05-sorting/kway_log_merge.rb	(72,13)-(72,17):undefined method: nil#head	residual	-	unclassified	out << c.head
corpus/05-sorting/kway_log_merge.rb	(73,6)-(73,9):undefined method: nil#pos=	residual	-	nil-cascade-other	c.pos += 1
corpus/05-sorting/kway_log_merge.rb	(73,6)-(73,9):undefined method: nil#pos	residual	-	unclassified	c.pos += 1
corpus/05-sorting/kway_log_merge.rb	(74,9)-(74,14):undefined method: nil#done?	residual	-	unclassified	if c.done?
corpus/18-collections/friend_graph.rb	(32,9)-(32,14):wrong type of arguments	V1	-	interface-nominal	seen.merge(comp)
corpus/18-collections/friend_graph.rb	(57,28)-(57,31):undefined method: nil#[]	V9	-	lib-nilable-return	puts "most connected: #{most[0]} (#{most[1]})"
corpus/18-collections/friend_graph.rb	(57,40)-(57,43):undefined method: nil#[]	V9	-	lib-nilable-return	puts "most connected: #{most[0]} (#{most[1]})"
corpus/18-collections/friend_graph.rb	(69,28)-(69,29):wrong type of arguments	V1	-	interface-nominal	unreachable = g.keys.to_set - dist.keys.to_set
corpus/18-collections/friend_graph.rb	(75,12)-(75,13):wrong type of arguments	V1	-	interface-nominal	m = (g[a] & g[b]).sort
corpus/18-collections/grade_book.rb	(27,18)-(27,24):undefined method: nil#empty?	V6	-	block-param-shadow	def mean(xs) = xs.empty? ? nil : xs.sum / xs.size.to_f
corpus/18-collections/grade_book.rb	(27,36)-(27,39):undefined method: nil#sum	V6	-	block-param-shadow	def mean(xs) = xs.empty? ? nil : xs.sum / xs.size.to_f
corpus/18-collections/grade_book.rb	(27,45)-(27,49):undefined method: nil#size	V6	-	block-param-shadow	def mean(xs) = xs.empty? ? nil : xs.sum / xs.size.to_f
corpus/18-collections/grade_book.rb	(30,23)-(30,29):undefined method: nil#empty?	V6	-	block-param-shadow	return nil if scores.empty?
corpus/18-collections/grade_book.rb	(31,16)-(31,20):undefined method: nil#size	V6	-	block-param-shadow	kept = scores.size > 3 ? scores.sort.drop(1) : scores
corpus/18-collections/grade_book.rb	(31,34)-(31,38):undefined method: nil#sort	V6	-	block-param-shadow	kept = scores.size > 3 ? scores.sort.drop(1) : scores
corpus/18-collections/grade_book.rb	(38,33)-(38,34):undefined method: nil#*	V10	-	user-nil	[weights.sum { |k, w| parts[k] * w }, missing]
corpus/18-collections/grade_book.rb	(49,29)-(49,30):undefined method: nil#-@	V10	-	user-nil	complete.sort_by { |name, r| -r[0] }.each do |name, r|
corpus/18-collections/grade_book.rb	(59,15)-(59,18):undefined method: nil#[]	V9	-	lib-nilable-return	puts "top: #{hi[0]}, bottom: #{lo[0]}"
corpus/18-collections/grade_book.rb	(59,33)-(59,36):undefined method: nil#[]	V9	-	lib-nilable-return	puts "top: #{hi[0]}, bottom: #{lo[0]}"
corpus/18-collections/grade_book.rb	(65,13)-(65,14):failed to resolve overloads	V11	-	empty-arg	bump = [90.0 - avg, 0.0].max
corpus/18-collections/grade_book.rb	(67,17)-(67,18):undefined method: nil#+	V10	-	user-nil	curved = (r[0] + bump).clamp(0.0, 100.0)
corpus/18-collections/grade_book.rb	(80,42)-(80,44):undefined method: nil#>=	V10	-	user-nil	honors = complete.select { |name, r| r[0] >= 90.0 }.map(&:first)
corpus/18-collections/ip_ranges.rb	(23,12)-(23,17):undefined method: Array[String]#split	V3	-	masgn-from-Array	parts = s.split(".")
corpus/18-collections/ip_ranges.rb	(39,11)-(39,13):wrong type of arguments	V3	-	masgn-from-Array	size = 1 << (32 - bits)
corpus/18-collections/ip_ranges.rb	(39,18)-(39,19):failed to resolve overloads	V3	-	masgn-from-Array	size = 1 << (32 - bits)
corpus/18-collections/ip_ranges.rb	(54,45)-(54,70):expected: Integer; actual: bool	residual	-	unclassified	idx = (0...blocks.size).to_a.bsearch { |i| blocks[i].range.end >= ip }
corpus/18-collections/ip_ranges.rb	(73,45)-(73,50):undefined method: nil#label	V9	-	lib-nilable-return	puts format("  %-16s %-8s (%s)", text, b.label, b.cidr)
corpus/18-collections/ip_ranges.rb	(73,54)-(73,58):undefined method: nil#cidr	V9	-	lib-nilable-return	puts format("  %-16s %-8s (%s)", text, b.label, b.cidr)
corpus/18-collections/latency_buckets.rb	(40,21)-(40,22):undefined method: nil#-	V7	-	nil?-no-narrow	"#{r.begin}-#{hi - 1}"
corpus/04-numeric/polynomial.rb	(31,33)-(31,39):undefined method: Float#degree	residual	case-in-no-narrow	case-in-no-narrow	out = Array.new(degree + b.degree + 1, 0.0)
corpus/04-numeric/polynomial.rb	(33,10)-(33,16):undefined method: Float#coeffs	residual	case-in-no-narrow	case-in-no-narrow	b.coeffs.each_with_index { |cb, j| out[i + j] += ca * cb }
corpus/04-numeric/polynomial.rb	(92,6)-(92,8):undefined method: nil#-	V10	-	user-nil	x -= step
corpus/04-numeric/polynomial.rb	(106,34)-(106,35):undefined method: nil#-@	V10	-	user-nil	q, _rem = q.divmod(Poly.make([-r, 1.0]))
corpus/04-numeric/polynomial.rb	(143,62)-(143,64):undefined method: nil#at	residual	-	nil-cascade-other	puts format("T6(0.3) = %.8f, cos(6 acos 0.3) = %.8f", cheb[6].at(x), Math.cos(6.0 * Math.atan2(Math.sqrt(1.0 - x * x), x)))
corpus/04-numeric/polynomial.rb	(143,74)-(143,77):wrong type of arguments	V1	-	interface-nominal	puts format("T6(0.3) = %.8f, cos(6 acos 0.3) = %.8f", cheb[6].at(x), Math.cos(6.0 * Math.atan2(Math.sqrt(1.0 - x * x), x)))
corpus/04-numeric/polynomial.rb	(143,89)-(143,94):wrong type of arguments	V1	-	interface-nominal	puts format("T6(0.3) = %.8f, cos(6 acos 0.3) = %.8f", cheb[6].at(x), Math.cos(6.0 * Math.atan2(Math.sqrt(1.0 - x * x), x)))
corpus/04-numeric/polynomial.rb	(143,100)-(143,104):wrong type of arguments	V1	-	interface-nominal	puts format("T6(0.3) = %.8f, cos(6 acos 0.3) = %.8f", cheb[6].at(x), Math.cos(6.0 * Math.atan2(Math.sqrt(1.0 - x * x), x)))
corpus/04-numeric/root_finding.rb	(93,54)-(93,57):wrong type of arguments	V1	-	interface-nominal	report("cos=x", bisection(0.0, 1.0, 1e-10) { |x| Math.cos(x) - x })
corpus/04-numeric/root_finding.rb	(94,51)-(94,54):wrong type of arguments	V1	-	interface-nominal	report("cos=x", newton(1.0, 1e-12, 50) { |x| [Math.cos(x) - x, -Math.sin(x) - 1.0] })
corpus/04-numeric/root_finding.rb	(94,69)-(94,72):wrong type of arguments	V1	-	interface-nominal	report("cos=x", newton(1.0, 1e-12, 50) { |x| [Math.cos(x) - x, -Math.sin(x) - 1.0] })
corpus/04-numeric/root_finding.rb	(99,36)-(99,37):undefined method: nil#-	V6	block-param-shadow	block-param-shadow	r = newton(m, 1e-13, 30) { |e| [e - ecc * Math.sin(e) - m, 1.0 - ecc * Math.cos(e)] }
corpus/04-numeric/root_finding.rb	(99,49)-(99,52):wrong type of arguments	V6	block-param-shadow	block-param-shadow	r = newton(m, 1e-13, 30) { |e| [e - ecc * Math.sin(e) - m, 1.0 - ecc * Math.cos(e)] }
corpus/04-numeric/root_finding.rb	(99,78)-(99,81):wrong type of arguments	V6	block-param-shadow	block-param-shadow	r = newton(m, 1e-13, 30) { |e| [e - ecc * Math.sin(e) - m, 1.0 - ecc * Math.cos(e)] }
corpus/04-numeric/root_finding.rb	(110,41)-(110,45):wrong type of arguments	V1	-	interface-nominal	worst = rs.max_by { |r| (r.root - Math.sqrt(v)).abs }
corpus/04-numeric/root_finding.rb	(112,71)-(112,82):undefined method: nil#method_name	V9	-	lib-nilable-return	puts format("sqrt(%.1f): worst=%s err=%.2e total iters=%d", v, worst.method_name, (worst.root - Math.sqrt(v)).abs, total)
corpus/04-numeric/root_finding.rb	(112,91)-(112,95):undefined method: nil#root	V9	-	lib-nilable-return	puts format("sqrt(%.1f): worst=%s err=%.2e total iters=%d", v, worst.method_name, (worst.root - Math.sqrt(v)).abs, total)
corpus/04-numeric/root_finding.rb	(112,103)-(112,107):wrong type of arguments	V1	-	interface-nominal	puts format("sqrt(%.1f): worst=%s err=%.2e total iters=%d", v, worst.method_name, (worst.root - Math.sqrt(v)).abs, total)
corpus/04-numeric/special_functions.rb	(16,26)-(16,29):wrong type of arguments	V1	-	interface-nominal	return Math::PI / (Math.sin(Math::PI * x) * gamma(1.0 - x)) if x < 0.5
corpus/04-numeric/special_functions.rb	(22,7)-(22,11):wrong type of arguments	V1	-	interface-nominal	Math.sqrt(2.0 * Math::PI) * t ** (z + 0.5) * Math.exp(-t) * a
corpus/04-numeric/special_functions.rb	(22,52)-(22,55):wrong type of arguments	V1	-	interface-nominal	Math.sqrt(2.0 * Math::PI) * t ** (z + 0.5) * Math.exp(-t) * a
corpus/04-numeric/special_functions.rb	(29,18)-(29,21):wrong type of arguments	V1	-	interface-nominal	shift -= Math.log(x)
corpus/04-numeric/special_functions.rb	(35,27)-(35,30):wrong type of arguments	V1	-	interface-nominal	shift + (x - 0.5) * Math.log(x) - x + 0.5 * Math.log(2.0 * Math::PI) + series
corpus/04-numeric/special_functions.rb	(35,51)-(35,54):wrong type of arguments	V1	-	interface-nominal	shift + (x - 0.5) * Math.log(x) - x + 0.5 * Math.log(2.0 * Math::PI) + series
corpus/04-numeric/special_functions.rb	(48,13)-(48,17):wrong type of arguments	V1	-	interface-nominal	2.0 / Math.sqrt(Math::PI) * sum
corpus/04-numeric/special_functions.rb	(55,7)-(55,10):wrong type of arguments	V1	-	interface-nominal	Math.exp(-x * x) / Math.sqrt(Math::PI) / t
corpus/04-numeric/special_functions.rb	(55,26)-(55,30):wrong type of arguments	V1	-	interface-nominal	Math.exp(-x * x) / Math.sqrt(Math::PI) / t
corpus/04-numeric/special_functions.rb	(75,22)-(75,25):wrong type of arguments	V1	-	interface-nominal	def beta(a, b) = Math.exp(log_gamma(a) + log_gamma(b) - log_gamma(a + b))
corpus/04-numeric/special_functions.rb	(104,79)-(104,82):wrong type of arguments	V1	block-param-shadow	interface-nominal	puts format("  x=%5.1f lgamma=%.12f log(gamma)=%.12f", x, log_gamma(x), Math.log(gamma(x)))
corpus/04-numeric/time_series.rb	(26,33)-(26,34):failed to resolve overloads	residual	-	unclassified	prev = prev.nil? ? x : alpha * x + (1.0 - alpha) * prev
corpus/04-numeric/time_series.rb	(26,53)-(26,54):failed to resolve overloads	residual	-	unclassified	prev = prev.nil? ? x : alpha * x + (1.0 - alpha) * prev
corpus/04-numeric/time_series.rb	(33,9)-(33,13):wrong type of arguments	V11	-	empty-arg	Math.sqrt(win.map { |x| (x - m) ** 2 }.sum / (w - 1))
corpus/04-numeric/time_series.rb	(38,9)-(38,13):undefined method: nil#sort	V9	-	lib-nilable-return	s = xs.sort
corpus/04-numeric/time_series.rb	(52,24)-(52,27):undefined method: nil#map	V9	-	lib-nilable-return	mad = median_of(win.map { |v| (v - med).abs })
corpus/04-numeric/time_series.rb	(53,34)-(53,35):failed to resolve overloads	residual	-	unclassified	if (x - med).abs > k * 1.4826 * mad
corpus/04-numeric/time_series.rb	(109,71)-(109,72):undefined method: nil#+	V9	-	lib-nilable-return	puts format("biggest day-to-day change: day %d -> %d (%+.2f)", biggest + 1, biggest + 2, diffs[biggest])
corpus/04-numeric/time_series.rb	(109,84)-(109,85):undefined method: nil#+	V9	-	lib-nilable-return	puts format("biggest day-to-day change: day %d -> %d (%+.2f)", biggest + 1, biggest + 2, diffs[biggest])
corpus/04-numeric/vector_geometry.rb	(15,20)-(15,23):wrong type of arguments	V11	-	empty-arg	def <=>(b) = norm <=> b.norm
corpus/04-numeric/vector_geometry.rb	(23,18)-(23,22):wrong type of arguments	V1	-	interface-nominal	def norm = Math.sqrt(dot(self))
corpus/04-numeric/vector_geometry.rb	(32,9)-(32,14):wrong type of arguments	V1	-	interface-nominal	Math.atan2(cross(b).norm, dot(b)) * 180.0 / Math::PI
corpus/04-numeric/vector_geometry.rb	(109,25)-(109,29):undefined method: nil#name	V9	-	lib-nilable-return	puts "largest: #{biggest.name}"
corpus/14-errors/bank_transfers.rb	(52,16)-(52,17):wrong type of arguments	residual	-	unclassified	if @balance < amount
corpus/14-errors/bank_transfers.rb	(53,66)-(53,67):undefined method: nil#-	residual	-	unclassified	raise InsufficientFunds.new("#{@owner} is short by #{amount - @balance}", @id, amount - @balance)
corpus/14-errors/bank_transfers.rb	(53,92)-(53,93):undefined method: nil#-	residual	-	unclassified	raise InsufficientFunds.new("#{@owner} is short by #{amount - @balance}", @id, amount - @balance)
corpus/14-errors/bank_transfers.rb	(55,13)-(55,15):failed to resolve overloads	residual	-	unclassified	@balance -= amount
corpus/14-errors/bank_transfers.rb	(60,13)-(60,15):failed to resolve overloads	residual	-	unclear	@balance += amount
corpus/14-errors/bank_transfers.rb	(79,61)-(79,63):undefined method: nil#<=	residual	-	unclassified	raise ArgumentError, "amount must be positive" if amount <= 0
corpus/14-errors/bank_transfers.rb	(80,95)-(80,96):undefined method: nil#>	residual	-	unclassified	raise LimitExceeded.new("#{amount} exceeds limit #{@daily_limit}", @daily_limit) if amount > @daily_limit
corpus/14-errors/bank_transfers.rb	(90,18)-(90,20):failed to resolve overloads	residual	-	unclassified	src.balance += amount if withdrawn
corpus/14-errors/bank_transfers.rb	(126,20)-(126,25):undefined method: nil#split	residual	-	unclassified	failures[reason.split(" ").first] += 1
corpus/14-errors/bank_transfers.rb	(126,20)-(126,25):undefined method: nil#split	residual	-	unclassified	failures[reason.split(" ").first] += 1
corpus/14-errors/card_validation.rb	(41,31)-(41,32):undefined method: nil#<	V9	-	lib-nilable-return	if ([year, month] <=> today) < 0
corpus/14-errors/config_loader.rb	(77,69)-(77,77):undefined method: nil#between?	V9	-	lib-nilable-return	raise SchemaError.new("#{n} outside #{lo}..#{hi}", key) unless n.between?(lo, hi)
corpus/14-errors/config_loader.rb	(81,69)-(81,77):undefined method: nil#between?	V9	-	lib-nilable-return	raise SchemaError.new("#{f} outside #{lo}..#{hi}", key) unless f.between?(lo, hi)
corpus/14-errors/contracts.rb	(14,70)-(14,78):undefined method: Contract#describe	residual	-	unclassified	raise ContractViolation.new("precondition failed: #{what}", :pre, describe) unless cond
corpus/14-errors/contracts.rb	(18,72)-(18,80):undefined method: Contract#describe	residual	-	unclassified	raise ContractViolation.new("postcondition failed: #{what}", :post, describe) unless cond
corpus/14-errors/contracts.rb	(22,14)-(22,31):undefined method: Contract#invariant_problem	residual	-	unclassified	problem = invariant_problem
corpus/14-errors/contracts.rb	(23,76)-(23,84):undefined method: Contract#describe	residual	-	unclassified	raise ContractViolation.new("invariant broken: #{problem}", :invariant, describe) if problem
corpus/07-trees/merkle_sync.rb	(53,21)-(53,25):undefined method: MLeaf#left	residual	-	while-cond-no-narrow	if index <= node.left.hi
corpus/07-trees/merkle_sync.rb	(54,29)-(54,34):undefined method: MLeaf#right	residual	-	unclassified	steps << [:right, node.right.hash]
corpus/07-trees/merkle_sync.rb	(55,18)-(55,22):undefined method: MLeaf#left	residual	-	unclassified	node = node.left
corpus/07-trees/merkle_sync.rb	(57,28)-(57,32):undefined method: MLeaf#left	residual	-	unclassified	steps << [:left, node.left.hash]
corpus/07-trees/merkle_sync.rb	(58,18)-(58,23):undefined method: MLeaf#right	residual	-	unclassified	node = node.right
corpus/07-trees/merkle_sync.rb	(105,59)-(105,62):failed to resolve overloads	residual	nested-destructure-param	nested-destructure-param	replica = edits.reduce(original) { |text, (from, to)| text.sub(from, to) }
corpus/07-trees/org_chart.rb	(16,38)-(16,39):failed to resolve overloads	V11	-	empty-arg	def headcount = reports.sum { |r| 1 + r.headcount }
corpus/07-trees/org_chart.rb	(18,37)-(18,38):failed to resolve overloads	V11	-	empty-arg	def depth = reports.empty? ? 0 : 1 + reports.map(&:depth).max
corpus/07-trees/org_chart.rb	(34,24)-(34,28):undefined method: Array[untyped]#to_i	V3	-	masgn-from-Array	e = Employee.new(id.to_i, name, title, mgr == "-" ? nil : mgr.to_i, salary.to_i)
corpus/07-trees/org_chart.rb	(58,25)-(58,35):undefined method: nil#manager_id	V9	-	lib-nilable-return	while (mid = path.last.manager_id)
corpus/07-trees/org_chart.rb	(59,55)-(59,59):undefined method: nil#name	V9	-	lib-nilable-return	raise OrgError.new("reporting cycle at #{path.last.name}", mid) if seen.include?(mid)
corpus/07-trees/org_chart.rb	(80,45)-(80,47):undefined method: nil#id	V9	-	lib-nilable-return	chain(staff, b).find { |e| up_a.include?(e.id) }
corpus/07-trees/org_chart.rb	(108,56)-(108,60):undefined method: nil#name	V9	-	lib-nilable-return	puts "managers: #{managers.size}, widest span: #{widest.name} (#{widest.reports.size})"
corpus/07-trees/org_chart.rb	(108,72)-(108,79):undefined method: nil#reports	V9	-	lib-nilable-return	puts "managers: #{managers.size}, widest span: #{widest.name} (#{widest.reports.size})"
corpus/07-trees/quadtree.rb	(57,44)-(57,50):undefined method: nil#insert	V9	-	lib-nilable-return	kids.find { |k| k.bounds.contains?(p) }.insert(p)
corpus/07-trees/quadtree.rb	(68,26)-(68,27):failed to resolve overloads	V11	-	empty-arg	def count = points.size + kids.sum(&:count)
corpus/07-trees/quadtree.rb	(69,16)-(69,17):failed to resolve overloads	V11	-	empty-arg	def nodes = 1 + kids.sum(&:nodes)
corpus/07-trees/quadtree.rb	(70,35)-(70,36):failed to resolve overloads	V11	-	empty-arg	def height = kids.empty? ? 1 : 1 + kids.map(&:height).max
corpus/07-trees/rope_editor.rb	(24,25)-(24,29):undefined method: nil#size	V9	-	lib-nilable-return	when RLeaf then r.text.size
corpus/07-trees/rope_editor.rb	(33,33)-(33,34):undefined method: nil#+	residual	-	unclassified	RNode.new(a, b, len(a), len(a) + len(b))
corpus/07-trees/rope_editor.rb	(37,27)-(37,31):undefined method: nil#size	V9	-	lib-nilable-return	return RLeaf.new(s) if s.size <= CHUNK
corpus/07-trees/rope_editor.rb	(38,10)-(38,14):undefined method: nil#size	V9	-	lib-nilable-return	mid = s.size / 2
corpus/07-trees/rope_editor.rb	(39,22)-(39,31):undefined method: nil#[]	V9	-	lib-nilable-return	concat(from_string(s[0...mid]), from_string(s[mid..]))
corpus/07-trees/rope_editor.rb	(39,47)-(39,54):undefined method: nil#[]	V9	-	lib-nilable-return	concat(from_string(s[0...mid]), from_string(s[mid..]))
corpus/07-trees/rope_editor.rb	(43,71)-(43,72):undefined method: nil#<	residual	-	unclassified	raise IndexError, "index #{i} outside rope of length #{len(r)}" if i < 0 || i >= len(r)
corpus/07-trees/rope_editor.rb	(43,80)-(43,82):undefined method: nil#>=	residual	-	unclassified	raise IndexError, "index #{i} outside rope of length #{len(r)}" if i < 0 || i >= len(r)
corpus/07-trees/rope_editor.rb	(45,9)-(45,10):undefined method: nil#<	residual	-	nil-cascade-other	if i < r.weight
corpus/07-trees/rope_editor.rb	(45,13)-(45,19):undefined method: RLeaf#weight	residual	-	while-cond-no-narrow	if i < r.weight
corpus/07-trees/rope_editor.rb	(45,13)-(45,19):undefined method: nil#weight	residual	-	unclassified	if i < r.weight
corpus/07-trees/rope_editor.rb	(46,12)-(46,16):undefined method: RLeaf#left	residual	-	unclassified	r = r.left
corpus/07-trees/rope_editor.rb	(46,12)-(46,16):undefined method: nil#left	residual	-	unclassified	r = r.left
corpus/07-trees/rope_editor.rb	(48,8)-(48,10):undefined method: nil#-	residual	-	unclassified	i -= r.weight
corpus/07-trees/rope_editor.rb	(48,13)-(48,19):undefined method: RLeaf#weight	residual	-	unclassified	i -= r.weight
corpus/07-trees/rope_editor.rb	(48,13)-(48,19):undefined method: nil#weight	residual	-	nil-cascade-other	i -= r.weight
corpus/07-trees/rope_editor.rb	(49,12)-(49,17):undefined method: RLeaf#right	residual	-	unclassified	r = r.right
corpus/07-trees/rope_editor.rb	(49,12)-(49,17):undefined method: nil#right	residual	-	unclassified	r = r.right
corpus/07-trees/rope_editor.rb	(52,8)-(52,11):undefined method: nil#[]	V9	-	lib-nilable-return	r.text[i]
corpus/07-trees/rope_editor.rb	(52,4)-(52,8):undefined method: RNode#text	residual	-	unclassified	r.text[i]
corpus/07-trees/rope_editor.rb	(52,4)-(52,8):undefined method: nil#text	residual	-	unclassified	r.text[i]
corpus/07-trees/rope_editor.rb	(61,25)-(61,27):undefined method: nil#>=	V7	-	nil?-no-narrow	return [r, nil] if i >= t.size
corpus/07-trees/rope_editor.rb	(61,30)-(61,34):undefined method: nil#size	V9	-	lib-nilable-return	return [r, nil] if i >= t.size
corpus/07-trees/rope_editor.rb	(62,25)-(62,27):undefined method: nil#<=	V7	-	nil?-no-narrow	return [nil, r] if i <= 0
corpus/07-trees/rope_editor.rb	(63,16)-(63,23):undefined method: nil#[]	V9	-	lib-nilable-return	[RLeaf.new(t[0...i]), RLeaf.new(t[i..])]
corpus/07-trees/rope_editor.rb	(63,37)-(63,42):undefined method: nil#[]	V9	-	lib-nilable-return	[RLeaf.new(t[0...i]), RLeaf.new(t[i..])]
corpus/07-trees/rope_editor.rb	(65,9)-(65,10):undefined method: nil#<	V7	-	nil?-no-narrow	if i < r.weight
corpus/07-trees/rope_editor.rb	(69,30)-(69,31):undefined method: nil#-	V7	-	nil?-no-narrow	a, b = split(r.right, i - r.weight)
corpus/07-trees/rope_editor.rb	(69,30)-(69,31):undefined method: String#-	residual	-	unclassified	a, b = split(r.right, i - r.weight)
corpus/07-trees/rope_editor.rb	(138,41)-(138,42):undefined method: nil#-	residual	-	unclassified	6.times { |i| doc = insert(doc, len(doc) - 1, " #{i}") }
corpus/07-trees/rope_editor.rb	(143,34)-(143,35):undefined method: nil#-	residual	-	unclassified	puts "chars: #{[0, 3, 7, len(doc) - 1].map { |i| "#{i}=#{char_at(doc, i)}" }.join(" ")}"
corpus/11-simulation/ecosystem_patches.rb	(99,19)-(99,23):wrong type of arguments	V1	-	interface-nominal	patches.each { |p| puts p }
corpus/11-simulation/elevator_scan.rb	(20,8)-(20,9):undefined method: nil#>	V9	-	lib-nilable-return	if to > from
corpus/11-simulation/elevator_scan.rb	(22,11)-(22,12):undefined method: nil#<	V9	-	lib-nilable-return	elsif to < from
corpus/11-simulation/elevator_scan.rb	(91,30)-(91,34):undefined method: String#cost	V4	-	sig-vertex-sharing	best = cars.min_by { |c| [c.cost(rider.from, dir), c.id] }
corpus/11-simulation/elevator_scan.rb	(91,30)-(91,34):undefined method: Integer#cost	V4	-	sig-vertex-sharing	best = cars.min_by { |c| [c.cost(rider.from, dir), c.id] }
corpus/11-simulation/elevator_scan.rb	(91,55)-(91,57):undefined method: String#id	V4	-	sig-vertex-sharing	best = cars.min_by { |c| [c.cost(rider.from, dir), c.id] }
corpus/11-simulation/elevator_scan.rb	(91,55)-(91,57):undefined method: Integer#id	V4	-	sig-vertex-sharing	best = cars.min_by { |c| [c.cost(rider.from, dir), c.id] }
corpus/11-simulation/elevator_scan.rb	(92,7)-(92,12):undefined method: nil#stops	V9	-	lib-nilable-return	best.stops << rider.from
corpus/11-simulation/elevator_scan.rb	(92,7)-(92,12):undefined method: String#stops	V4	-	sig-vertex-sharing	best.stops << rider.from
corpus/11-simulation/elevator_scan.rb	(92,7)-(92,12):undefined method: Integer#stops	V4	-	sig-vertex-sharing	best.stops << rider.from
corpus/11-simulation/elevator_scan.rb	(113,65)-(113,67):undefined method: nil#id	V9	-	lib-nilable-return	puts "t=#{tick} #{r.name} calls at #{r.from}, assigned #{car.id}"
corpus/11-simulation/elevator_scan.rb	(113,65)-(113,67):undefined method: String#id	V4	-	sig-vertex-sharing	puts "t=#{tick} #{r.name} calls at #{r.from}, assigned #{car.id}"
corpus/11-simulation/elevator_scan.rb	(113,65)-(113,67):undefined method: Integer#id	V4	-	sig-vertex-sharing	puts "t=#{tick} #{r.name} calls at #{r.from}, assigned #{car.id}"
corpus/11-simulation/elevator_scan.rb	(121,16)-(121,20):wrong type of arguments	V1	-	interface-nominal	cars.each { |c| puts c }
corpus/11-simulation/elevator_scan.rb	(125,22)-(125,23):undefined method: nil#-	V10	-	user-nil	wait = r.boarded_at - r.called_at
corpus/11-simulation/elevator_scan.rb	(126,22)-(126,23):undefined method: nil#-	V10	-	user-nil	ride = r.arrived_at - r.boarded_at
corpus/11-simulation/hotel_bookings.rb	(46,42)-(46,43):undefined method: nil#+	V6	-	block-param-shadow	wanted = (0...nights).map { |i| first + i * DAY_SECS }
corpus/11-simulation/hotel_bookings.rb	(46,46)-(46,47):undefined method: nil#*	V6	-	block-param-shadow	wanted = (0...nights).map { |i| first + i * DAY_SECS }
corpus/11-simulation/hotel_bookings.rb	(75,9)-(75,14):undefined method: nil#stays	V7	-	nil?-no-narrow	room.stays << stay
corpus/11-simulation/hotel_bookings.rb	(77,33)-(77,39):undefined method: nil#number	V7	-	nil?-no-narrow	"#{ref} #{guest} room #{room.number} #{first.strftime("%b %d")} x#{nights} = #{stay.rate_total}"
corpus/11-simulation/hotel_bookings.rb	(104,28)-(104,32):undefined method: nil#kind	V7	-	nil?-no-narrow	promoted = promote(room.kind)
corpus/07-trees/spanning_tree.rb	(14,36)-(14,42):failed to resolve overloads	failed@V11	-	counterfactual-run-failed	root = parent[root] while parent[root] != root
corpus/07-trees/spanning_tree.rb	(14,17)-(14,23):failed to resolve overloads	failed@V11	-	counterfactual-run-failed	root = parent[root] while parent[root] != root
corpus/07-trees/spanning_tree.rb	(15,16)-(15,19):failed to resolve overloads	failed@V11	-	counterfactual-run-failed	while parent[x] != root
corpus/07-trees/spanning_tree.rb	(16,18)-(16,21):failed to resolve overloads	failed@V11	-	counterfactual-run-failed	nxt = parent[x]
corpus/07-trees/spanning_tree.rb	(17,12)-(17,15):failed to resolve overloads	failed@V11	-	counterfactual-run-failed	parent[x] = root
corpus/07-trees/spanning_tree.rb	(27,27)-(27,31):failed to resolve overloads	failed@V11	-	counterfactual-run-failed	ra, rb = rb, ra if rank[ra] < rank[rb]
corpus/07-trees/spanning_tree.rb	(27,38)-(27,42):failed to resolve overloads	failed@V11	-	counterfactual-run-failed	ra, rb = rb, ra if rank[ra] < rank[rb]
corpus/07-trees/spanning_tree.rb	(28,10)-(28,14):failed to resolve overloads	failed@V11	-	counterfactual-run-failed	parent[rb] = ra
corpus/07-trees/spanning_tree.rb	(29,25)-(29,29):failed to resolve overloads	failed@V11	-	counterfactual-run-failed	rank[ra] += 1 if rank[ra] == rank[rb]
corpus/07-trees/spanning_tree.rb	(29,37)-(29,41):failed to resolve overloads	failed@V11	-	counterfactual-run-failed	rank[ra] += 1 if rank[ra] == rank[rb]
corpus/07-trees/spanning_tree.rb	(29,4)-(29,17):failed to resolve overloads	failed@V11	-	counterfactual-run-failed	rank[ra] += 1 if rank[ra] == rank[rb]
corpus/07-trees/spanning_tree.rb	(29,4)-(29,17):failed to resolve overloads	failed@V11	-	counterfactual-run-failed	rank[ra] += 1 if rank[ra] == rank[rb]
corpus/07-trees/spanning_tree.rb	(54,7)-(54,12):failed to resolve overloads	failed@V11	-	counterfactual-run-failed	adj[e.a] << [e.b, e.km]
corpus/07-trees/spanning_tree.rb	(55,7)-(55,12):failed to resolve overloads	failed@V11	-	counterfactual-run-failed	adj[e.b] << [e.a, e.km]
corpus/07-trees/spanning_tree.rb	(69,7)-(69,10):failed to resolve overloads	failed@V11	-	counterfactual-run-failed	adj[u].sort_by(&:first).each do |v, km|
corpus/07-trees/spanning_tree.rb	(71,12)-(71,15):failed to resolve overloads	failed@V11	-	counterfactual-run-failed	parent[v] = u
corpus/07-trees/spanning_tree.rb	(72,11)-(72,14):failed to resolve overloads	failed@V11	-	counterfactual-run-failed	up_km[v] = km
corpus/07-trees/spanning_tree.rb	(73,11)-(73,14):failed to resolve overloads	failed@V11	-	counterfactual-run-failed	depth[v] = depth[u] + 1
corpus/07-trees/spanning_tree.rb	(73,22)-(73,25):failed to resolve overloads	failed@V11	-	counterfactual-run-failed	depth[v] = depth[u] + 1
corpus/07-trees/spanning_tree.rb	(88,16)-(88,19):failed to resolve overloads	failed@V11	-	counterfactual-run-failed	a = parent[a]
corpus/07-trees/spanning_tree.rb	(92,16)-(92,19):failed to resolve overloads	failed@V11	-	counterfactual-run-failed	b = parent[b]
corpus/07-trees/spanning_tree.rb	(102,16)-(102,19):failed to resolve overloads	failed@V11	-	counterfactual-run-failed	label = parent[u] == -1 ? names[u] : "#{names[u]} (#{rooted[:up_km][u]} km)"
corpus/07-trees/spanning_tree.rb	(102,69)-(102,72):failed to resolve overloads	failed@V11	-	counterfactual-run-failed	label = parent[u] == -1 ? names[u] : "#{names[u]} (#{rooted[:up_km][u]} km)"
corpus/07-trees/spanning_tree.rb	(104,17)-(104,20):failed to resolve overloads	failed@V11	-	counterfactual-run-failed	kids = adj_tree[u].map(&:first).select { |v| parent[v] == u }
corpus/07-trees/spanning_tree.rb	(104,53)-(104,56):failed to resolve overloads	failed@V11	-	counterfactual-run-failed	kids = adj_tree[u].map(&:first).select { |v| parent[v] == u }
corpus/07-trees/taxonomy_lca.rb	(54,9)-(54,12):undefined method: nil#[]	residual	-	unclassified	up[0][a]
corpus/07-trees/taxonomy_lca.rb	(75,32)-(75,40):expected: Comparable | Array[...]; actual: nil	V6	-	block-param-shadow	children[v].sort_by { |c| names[c] }.reverse_each do |c|
corpus/07-trees/traversals.rb	(21,14)-(21,19):undefined method: nil#label	V7	-	nil?-no-narrow	out << node.label if order == :pre
corpus/07-trees/traversals.rb	(22,17)-(22,21):undefined method: nil#left	V7	-	nil?-no-narrow	recursive(node.left, order, out)
corpus/07-trees/traversals.rb	(23,14)-(23,19):undefined method: nil#label	V7	-	nil?-no-narrow	out << node.label if order == :in
corpus/07-trees/traversals.rb	(24,17)-(24,22):undefined method: nil#right	V7	-	nil?-no-narrow	recursive(node.right, order, out)
corpus/07-trees/traversals.rb	(25,14)-(25,19):undefined method: nil#label	V7	-	nil?-no-narrow	out << node.label if order == :post
corpus/07-trees/traversals.rb	(35,13)-(35,18):undefined method: nil#label	V7	-	nil?-no-narrow	out << n.label
corpus/07-trees/traversals.rb	(36,17)-(36,22):undefined method: nil#right	V7	-	nil?-no-narrow	stack.push(n.right, n.left)
corpus/07-trees/traversals.rb	(36,26)-(36,30):undefined method: nil#left	V7	-	nil?-no-narrow	stack.push(n.right, n.left)
corpus/07-trees/traversals.rb	(51,13)-(51,18):undefined method: nil#label	V9	-	lib-nilable-return	out << n.label
corpus/07-trees/traversals.rb	(52,12)-(52,17):undefined method: nil#right	V9	-	lib-nilable-return	cur = n.right
corpus/07-trees/traversals.rb	(63,18)-(63,23):undefined method: nil#label	V7	-	nil?-no-narrow	out.unshift(n.label)
corpus/07-trees/traversals.rb	(64,17)-(64,21):undefined method: nil#left	V7	-	nil?-no-narrow	stack.push(n.left, n.right)
corpus/07-trees/traversals.rb	(64,25)-(64,30):undefined method: nil#right	V7	-	nil?-no-narrow	stack.push(n.left, n.right)
corpus/07-trees/traversals.rb	(74,36)-(74,40):undefined method: nil#left	V10	-	user-nil	level = level.flat_map { |n| [n.left, n.right] }.compact
corpus/07-trees/traversals.rb	(74,44)-(74,49):undefined method: nil#right	V10	-	user-nil	level = level.flat_map { |n| [n.left, n.right] }.compact
corpus/07-trees/traversals.rb	(85,19)-(85,24):undefined method: nil#label	V7	-	nil?-no-narrow	cols[col] << n.label
corpus/07-trees/traversals.rb	(86,18)-(86,22):undefined method: nil#left	V7	-	nil?-no-narrow	queue.push([n.left, col - 1], [n.right, col + 1])
corpus/07-trees/traversals.rb	(86,37)-(86,42):undefined method: nil#right	V7	-	nil?-no-narrow	queue.push([n.left, col - 1], [n.right, col + 1])
corpus/07-trees/traversals.rb	(93,15)-(93,20):undefined method: nil#label	V7	-	nil?-no-narrow	path << node.label
corpus/07-trees/traversals.rb	(94,22)-(94,27):undefined method: nil#label	V7	-	nil?-no-narrow	return true if node.label == label
corpus/07-trees/traversals.rb	(95,30)-(95,34):undefined method: nil#left	V7	-	nil?-no-narrow	return true if path_to(node.left, label, path) || path_to(node.right, label, path)
corpus/07-trees/traversals.rb	(95,65)-(95,70):undefined method: nil#right	V7	-	nil?-no-narrow	return true if path_to(node.left, label, path) || path_to(node.right, label, path)
corpus/07-trees/traversals.rb	(102,8)-(102,12):undefined method: nil#left	V7	-	nil?-no-narrow	[node.left, node.right].compact.each do |c|
corpus/07-trees/traversals.rb	(102,19)-(102,24):undefined method: nil#right	V7	-	nil?-no-narrow	[node.left, node.right].compact.each do |c|
corpus/07-trees/traversals.rb	(103,10)-(103,15):undefined method: nil#label	V10	-	user-nil	map[c.label] = node
corpus/07-trees/traversals.rb	(111,22)-(111,27):undefined method: nil#label	V7	-	nil?-no-narrow	return node if node.label == label
corpus/07-trees/traversals.rb	(112,12)-(112,16):undefined method: nil#left	V7	-	nil?-no-narrow	find(node.left, label) || find(node.right, label)
corpus/07-trees/traversals.rb	(112,38)-(112,43):undefined method: nil#right	V7	-	nil?-no-narrow	find(node.left, label) || find(node.right, label)
corpus/07-trees/traversals.rb	(122,42)-(122,46):undefined method: nil#left	V10	-	user-nil	frontier = frontier.flat_map { |n| [n.left, n.right, up[n.label]] }
corpus/07-trees/traversals.rb	(122,50)-(122,55):undefined method: nil#right	V10	-	user-nil	frontier = frontier.flat_map { |n| [n.left, n.right, up[n.label]] }
corpus/07-trees/traversals.rb	(122,62)-(122,67):undefined method: nil#label	V10	-	user-nil	frontier = frontier.flat_map { |n| [n.left, n.right, up[n.label]] }
corpus/07-trees/traversals.rb	(124,49)-(124,54):undefined method: nil#label	V10	-	user-nil	.select { |m| seen.add?(m.label) }
corpus/07-trees/tree_codec.rb	(36,9)-(36,13):undefined method: nil#left=	V7	-	nil?-no-narrow	node.left = make_node(toks.shift)
corpus/07-trees/tree_codec.rb	(37,18)-(37,22):undefined method: nil#left	V7	-	nil?-no-narrow	queue << node.left
corpus/07-trees/tree_codec.rb	(39,9)-(39,14):undefined method: nil#right=	V7	-	nil?-no-narrow	node.right = make_node(toks.shift)
corpus/07-trees/tree_codec.rb	(40,18)-(40,23):undefined method: nil#right	V7	-	nil?-no-narrow	queue << node.right
corpus/07-trees/tree_codec.rb	(53,18)-(53,21):undefined method: nil#val	V7	-	nil?-no-narrow	out << node.val.to_s
corpus/07-trees/tree_codec.rb	(54,22)-(54,26):undefined method: nil#left	V7	-	nil?-no-narrow	queue.push(node.left, node.right)
corpus/07-trees/tree_codec.rb	(54,33)-(54,38):undefined method: nil#right	V7	-	nil?-no-narrow	queue.push(node.left, node.right)
corpus/07-trees/tree_codec.rb	(65,16)-(65,19):undefined method: nil#val	V7	-	nil?-no-narrow	out << node.val.to_s
corpus/07-trees/tree_codec.rb	(66,21)-(66,25):undefined method: nil#left	V7	-	nil?-no-narrow	to_preorder(node.left, out)
corpus/07-trees/tree_codec.rb	(67,21)-(67,26):undefined method: nil#right	V7	-	nil?-no-narrow	to_preorder(node.right, out)
corpus/07-trees/tree_codec.rb	(77,7)-(77,11):undefined method: nil#left=	V7	-	nil?-no-narrow	node.left = from_preorder(toks)
corpus/07-trees/tree_codec.rb	(78,7)-(78,12):undefined method: nil#right=	V7	-	nil?-no-narrow	node.right = from_preorder(toks)
corpus/07-trees/tree_codec.rb	(91,4)-(91,7):undefined method: nil#val	V7	-	nil?-no-narrow	a.val == b.val && same?(a.left, b.left) && same?(a.right, b.right)
corpus/07-trees/tree_codec.rb	(91,13)-(91,16):undefined method: nil#val	V7	-	nil?-no-narrow	a.val == b.val && same?(a.left, b.left) && same?(a.right, b.right)
corpus/07-trees/tree_codec.rb	(91,28)-(91,32):undefined method: nil#left	V7	-	nil?-no-narrow	a.val == b.val && same?(a.left, b.left) && same?(a.right, b.right)
corpus/07-trees/tree_codec.rb	(91,36)-(91,40):undefined method: nil#left	V7	-	nil?-no-narrow	a.val == b.val && same?(a.left, b.left) && same?(a.right, b.right)
corpus/07-trees/tree_codec.rb	(91,53)-(91,58):undefined method: nil#right	V7	-	nil?-no-narrow	a.val == b.val && same?(a.left, b.left) && same?(a.right, b.right)
corpus/07-trees/tree_codec.rb	(91,62)-(91,67):undefined method: nil#right	V7	-	nil?-no-narrow	a.val == b.val && same?(a.left, b.left) && same?(a.right, b.right)
corpus/07-trees/tree_codec.rb	(96,17)-(96,20):undefined method: nil#val	V7	-	nil?-no-narrow	TNode.new(node.val, mirror(node.right), mirror(node.left))
corpus/07-trees/tree_codec.rb	(96,34)-(96,39):undefined method: nil#right	V7	-	nil?-no-narrow	TNode.new(node.val, mirror(node.right), mirror(node.left))
corpus/07-trees/tree_codec.rb	(96,54)-(96,58):undefined method: nil#left	V7	-	nil?-no-narrow	TNode.new(node.val, mirror(node.right), mirror(node.left))
corpus/07-trees/tree_codec.rb	(99,47)-(99,51):undefined method: nil#left	V7	-	nil?-no-narrow	def symmetric?(root) = root.nil? || same?(root.left, mirror(root.right))
corpus/07-trees/tree_codec.rb	(99,65)-(99,70):undefined method: nil#right	V7	-	nil?-no-narrow	def symmetric?(root) = root.nil? || same?(root.left, mirror(root.right))
corpus/07-trees/tree_codec.rb	(104,38)-(104,42):undefined method: nil#left	V7	-	nil?-no-narrow	lh, ld, ldown, lbest = measure(node.left)
corpus/07-trees/tree_codec.rb	(105,38)-(105,43):undefined method: nil#right	V7	-	nil?-no-narrow	rh, rd, rdown, rbest = measure(node.right)
corpus/07-trees/tree_codec.rb	(108,29)-(108,32):undefined method: nil#val	V7	-	nil?-no-narrow	best = [lbest, rbest, node.val + gl + gr].compact.max
corpus/07-trees/tree_codec.rb	(109,49)-(109,52):undefined method: nil#val	V7	-	nil?-no-narrow	[1 + [lh, rh].max, [ld, rd, lh + rh].max, node.val + [gl, gr].max, best]
corpus/07-trees/trie_autocomplete.rb	(50,23)-(50,31):undefined method: nil#terminal	V7	-	nil?-no-narrow	!node.nil? && node.terminal
corpus/07-trees/trie_autocomplete.rb	(99,39)-(99,47):undefined method: nil#terminal	V7	-	nil?-no-narrow	out << [prefix, node.freq] if node.terminal
corpus/07-trees/trie_autocomplete.rb	(99,25)-(99,29):undefined method: nil#freq	V7	-	nil?-no-narrow	out << [prefix, node.freq] if node.terminal
corpus/07-trees/trie_autocomplete.rb	(100,9)-(100,17):undefined method: nil#children	V7	-	nil?-no-narrow	node.children.keys.sort.each { |c| collect(node.children[c], prefix + c, out) }
corpus/07-trees/trie_autocomplete.rb	(100,52)-(100,60):undefined method: nil#children	V7	-	nil?-no-narrow	node.children.keys.sort.each { |c| collect(node.children[c], prefix + c, out) }
corpus/12-parsers/lisp_interp.rb	(65,26)-(65,30):undefined method: Array[String?]#to_i	V9	-	lib-nilable-return	when /\A-?\d+\z/ then t.to_i
corpus/12-parsers/lisp_interp.rb	(68,9)-(68,15):undefined method: Array[String?]#to_sym	V9	-	lib-nilable-return	else t.to_sym
corpus/12-parsers/lisp_interp.rb	(110,11)-(110,15):undefined method: nil#each	residual	-	heterogeneous-container	x[1].each { |(name, expr)| inner.define(name, lisp_eval(expr, env)) }
corpus/12-parsers/lisp_interp.rb	(110,11)-(110,15):undefined method: true#each	residual	-	unclassified	x[1].each { |(name, expr)| inner.define(name, lisp_eval(expr, env)) }
corpus/12-parsers/lisp_interp.rb	(110,11)-(110,15):undefined method: false#each	residual	-	unclassified	x[1].each { |(name, expr)| inner.define(name, lisp_eval(expr, env)) }
corpus/12-parsers/lisp_interp.rb	(110,11)-(110,15):... and other 2 errors	residual	-	unclassified	x[1].each { |(name, expr)| inner.define(name, lisp_eval(expr, env)) }
corpus/12-parsers/lisp_interp.rb	(115,21)-(115,24):undefined method: true#[]	residual	-	unclassified	test = clause[0]
corpus/12-parsers/lisp_interp.rb	(115,21)-(115,24):undefined method: false#[]	residual	-	unclassified	test = clause[0]
corpus/12-parsers/lisp_interp.rb	(116,32)-(116,36):undefined method: true#drop	residual	-	unclassified	return eval_body(clause.drop(1), env) if test == :else || truthy?(lisp_eval(test, env))
corpus/12-parsers/lisp_interp.rb	(116,32)-(116,36):undefined method: false#drop	residual	-	unclassified	return eval_body(clause.drop(1), env) if test == :else || truthy?(lisp_eval(test, env))
corpus/12-parsers/lisp_interp.rb	(116,32)-(116,36):undefined method: :quote#drop	residual	-	unclassified	return eval_body(clause.drop(1), env) if test == :else || truthy?(lisp_eval(test, env))
corpus/12-parsers/lisp_interp.rb	(116,32)-(116,36):... and other 2 errors	residual	-	unclassified	return eval_body(clause.drop(1), env) if test == :else || truthy?(lisp_eval(test, env))
corpus/12-parsers/lisp_interp.rb	(135,16)-(135,20):undefined method: nil#size	residual	-	heterogeneous-container	if f.params.size != args.size
corpus/12-parsers/lisp_interp.rb	(135,16)-(135,20):undefined method: true#size	residual	-	unclassified	if f.params.size != args.size
corpus/12-parsers/lisp_interp.rb	(135,16)-(135,20):undefined method: false#size	residual	-	unclassified	if f.params.size != args.size
corpus/12-parsers/lisp_interp.rb	(136,54)-(136,58):undefined method: nil#size	residual	-	unclassified	raise LispError, "#{show(f)} expects #{f.params.size} args, got #{args.size}"
corpus/12-parsers/lisp_interp.rb	(136,54)-(136,58):undefined method: true#size	residual	-	unclassified	raise LispError, "#{show(f)} expects #{f.params.size} args, got #{args.size}"
corpus/12-parsers/lisp_interp.rb	(136,54)-(136,58):undefined method: false#size	residual	-	unclassified	raise LispError, "#{show(f)} expects #{f.params.size} args, got #{args.size}"
corpus/12-parsers/lisp_interp.rb	(139,13)-(139,16):undefined method: nil#zip	residual	-	unclassified	f.params.zip(args).each { |p, a| env.define(p, a) }
corpus/12-parsers/lisp_interp.rb	(139,13)-(139,16):undefined method: true#zip	residual	-	unclassified	f.params.zip(args).each { |p, a| env.define(p, a) }
corpus/12-parsers/lisp_interp.rb	(139,13)-(139,16):undefined method: false#zip	residual	-	unclassified	f.params.zip(args).each { |p, a| env.define(p, a) }
corpus/12-parsers/lisp_interp.rb	(139,13)-(139,16):... and other 2 errors	residual	-	unclassified	f.params.zip(args).each { |p, a| env.define(p, a) }
corpus/12-parsers/markdown.rb	(11,23)-(11,27):undefined method: nil#gsub	V9	-	lib-nilable-return	def escape_html(s) = s.gsub("&", "&amp;").gsub("<", "&lt;").gsub(">", "&gt;")
corpus/12-parsers/markdown.rb	(16,14)-(16,18):undefined method: nil#size	residual	-	unclassified	while i < s.size
corpus/12-parsers/markdown.rb	(17,9)-(17,12):undefined method: nil#[]	residual	-	unclassified	c = s[i]
corpus/12-parsers/markdown.rb	(19,20)-(19,25):undefined method: nil#index	residual	-	unclassified	if (close = s.index("`", i + 1))
corpus/12-parsers/markdown.rb	(20,37)-(20,54):undefined method: nil#[]	residual	-	nil-cascade-other	out << "<code>#{escape_html(s[(i + 1)...close])}</code>"
corpus/12-parsers/markdown.rb	(21,18)-(21,19):undefined method: nil#+	V8	-	assign-in-cond-no-narrow	i = close + 1
corpus/12-parsers/markdown.rb	(24,23)-(24,30):undefined method: nil#[]	residual	-	unclassified	elsif c == "*" && s[i + 1] == "*"
corpus/12-parsers/markdown.rb	(25,20)-(25,25):undefined method: nil#index	residual	-	unclassified	if (close = s.index("**", i + 2))
corpus/12-parsers/markdown.rb	(26,34)-(26,51):undefined method: nil#[]	residual	-	unclassified	out << "<strong>#{inline(s[(i + 2)...close])}</strong>"
corpus/12-parsers/markdown.rb	(27,18)-(27,19):undefined method: nil#+	V8	-	assign-in-cond-no-narrow	i = close + 2
corpus/12-parsers/markdown.rb	(31,20)-(31,25):undefined method: nil#index	residual	-	unclassified	if (close = s.index("*", i + 1))
corpus/12-parsers/markdown.rb	(32,30)-(32,47):undefined method: nil#[]	residual	-	unclassified	out << "<em>#{inline(s[(i + 1)...close])}</em>"
corpus/12-parsers/markdown.rb	(33,18)-(33,19):undefined method: nil#+	V8	-	assign-in-cond-no-narrow	i = close + 1
corpus/12-parsers/markdown.rb	(37,14)-(37,19):undefined method: nil#index	residual	-	unclassified	mid = s.index("](", i + 1)
corpus/12-parsers/markdown.rb	(38,23)-(38,28):undefined method: nil#index	residual	-	unclassified	close = mid && s.index(")", mid + 2)
corpus/12-parsers/markdown.rb	(40,29)-(40,48):undefined method: nil#[]	residual	-	unclassified	out << "<a href=\"#{s[(mid + 2)...close]}\">#{inline(s[(i + 1)...mid])}</a>"
corpus/12-parsers/markdown.rb	(40,35)-(40,36):undefined method: nil#+	V9	-	lib-nilable-return	out << "<a href=\"#{s[(mid + 2)...close]}\">#{inline(s[(i + 1)...mid])}</a>"
corpus/12-parsers/markdown.rb	(40,62)-(40,77):undefined method: nil#[]	residual	-	unclassified	out << "<a href=\"#{s[(mid + 2)...close]}\">#{inline(s[(i + 1)...mid])}</a>"
corpus/12-parsers/markdown.rb	(75,38)-(75,41):undefined method: nil#[]	V8	-	assign-in-cond-no-narrow	blocks << Block.new(:heading, [m[2]], m[1].size)
corpus/12-parsers/markdown.rb	(75,49)-(75,53):undefined method: nil#size	V9	-	lib-nilable-return	blocks << Block.new(:heading, [m[2]], m[1].size)
corpus/12-parsers/markdown.rb	(75,45)-(75,48):undefined method: nil#[]	V8	-	assign-in-cond-no-narrow	blocks << Block.new(:heading, [m[2]], m[1].size)
corpus/12-parsers/markdown.rb	(80,17)-(80,20):undefined method: nil#[]	V8	-	assign-in-cond-no-narrow	content = m[1]
corpus/12-parsers/markdown.rb	(83,17)-(83,20):undefined method: nil#[]	V8	-	assign-in-cond-no-narrow	content = m[1]
corpus/12-parsers/markdown.rb	(86,17)-(86,20):undefined method: nil#[]	V8	-	assign-in-cond-no-narrow	content = m[1]
corpus/12-parsers/markdown.rb	(91,14)-(91,19):undefined method: nil#lines	V10	-	user-nil	current.lines << content
corpus/12-parsers/markdown.rb	(93,24)-(93,26):undefined method: nil#+	residual	-	unclassified	current.lines[-1] += " " + content.strip
corpus/12-parsers/markdown.rb	(93,41)-(93,46):undefined method: nil#strip	V9	-	lib-nilable-return	current.lines[-1] += " " + content.strip
corpus/12-parsers/pratt_parser.rb	(68,41)-(68,45):undefined method: Array[String?]#to_i	V9	-	lib-nilable-return	when /\A\d+\z/ then Node.new(:num, t.to_i, [])
corpus/12-parsers/pratt_parser.rb	(134,16)-(134,17):failed to resolve overloads	V11	-	empty-arg	def size(n) = 1 + n.kids.sum { |k| size(k) }
corpus/12-parsers/pratt_parser.rb	(152,12)-(152,16):wrong number of arguments (0 for 1)	residual	-	is_a?-no-narrow-on-call	args[0].size
corpus/12-parsers/pratt_parser.rb	(155,12)-(155,15):undefined method: nil#sum	residual	-	is_a?-no-narrow-on-call	args[0].sum { |x| int!(x, "sum") }
corpus/12-parsers/pratt_parser.rb	(155,12)-(155,15):undefined method: true#sum	residual	-	unclassified	args[0].sum { |x| int!(x, "sum") }
corpus/12-parsers/pratt_parser.rb	(155,12)-(155,15):undefined method: false#sum	residual	-	unclassified	args[0].sum { |x| int!(x, "sum") }
corpus/12-parsers/pratt_parser.rb	(155,12)-(155,15):block is not expected	residual	-	unclassified	args[0].sum { |x| int!(x, "sum") }
corpus/12-parsers/pratt_parser.rb	(155,12)-(155,15):... and other 2 errors	residual	-	unclassified	args[0].sum { |x| int!(x, "sum") }
corpus/12-parsers/pratt_parser.rb	(161,11)-(161,15):undefined method: nil#kids	residual	-	unclassified	kids = n.kids
corpus/12-parsers/pratt_parser.rb	(162,9)-(162,13):undefined method: nil#kind	residual	-	unclassified	case n.kind
corpus/12-parsers/pratt_parser.rb	(163,26)-(163,31):undefined method: nil#value	residual	-	nil-cascade-other	when :num, :bool then n.value
corpus/12-parsers/pratt_parser.rb	(165,71)-(165,76):undefined method: nil#value	residual	-	unclassified	raise EvalError, "undefined variable #{n.value}" unless env.key?(n.value)
corpus/12-parsers/pratt_parser.rb	(165,45)-(165,50):undefined method: nil#value	residual	-	unclassified	raise EvalError, "undefined variable #{n.value}" unless env.key?(n.value)
corpus/12-parsers/pratt_parser.rb	(166,10)-(166,15):undefined method: nil#value	residual	-	unclassified	env[n.value]
corpus/12-parsers/pratt_parser.rb	(179,67)-(179,71):undefined method: nil#kind	residual	-	unclassified	raise EvalError, "only named functions can be called" unless f.kind == :var
corpus/12-parsers/pratt_parser.rb	(180,19)-(180,24):undefined method: nil#value	residual	-	unclassified	call_builtin(f.value, kids.drop(1).map { |k| evaluate(k, env) })
corpus/12-parsers/pratt_parser.rb	(182,11)-(182,16):undefined method: nil#value	residual	-	unclassified	op = n.value
corpus/12-parsers/query_engine.rb	(64,40)-(64,46):undefined method: Array[String?]#upcase	V9	-	lib-nilable-return	def keyword?(kw) = !peek.nil? && peek.upcase == kw
corpus/12-parsers/query_engine.rb	(80,25)-(80,31):undefined method: Array[String?]#match?	V9	-	lib-nilable-return	return tok.to_i if tok.match?(/\A\d+\z/)
corpus/12-parsers/query_engine.rb	(80,13)-(80,17):undefined method: Array[String?]#to_i	V9	-	lib-nilable-return	return tok.to_i if tok.match?(/\A\d+\z/)
corpus/12-parsers/query_engine.rb	(81,28)-(81,39):undefined method: Array[String?]#start_with?	V9	-	lib-nilable-return	return tok[1...-1] if tok.start_with?("'")
corpus/12-parsers/query_engine.rb	(87,12)-(87,18):undefined method: Array[String?]#upcase	V9	-	lib-nilable-return	up = name.upcase
corpus/12-parsers/query_engine.rb	(99,17)-(99,23):undefined method: Array[String?]#upcase	V9	-	lib-nilable-return	op = c.next!.upcase
corpus/12-parsers/query_engine.rb	(163,60)-(163,64):failed to resolve overloads	V1	-	interface-nominal	raise QueryError, "#{agg.fn} needs numbers" unless values.all?(Integer)
corpus/12-parsers/query_engine.rb	(177,27)-(177,31):failed to resolve overloads	V1	-	interface-nominal	if q.group_by || columns.any?(Agg)
corpus/12-parsers/query_engine.rb	(180,28)-(180,33):wrong number of arguments (1 for 0)	residual	-	unclassified	columns.to_h { |col| [label(col), col.is_a?(Agg) ? aggregate(col, members) : field(members.first, col)] }
corpus/12-parsers/query_engine.rb	(189,28)-(189,33):wrong number of arguments (1 for 0)	residual	-	self-call-other-class	columns.to_h { |col| [label(col), col == "*" ? r : field(r, col)] }
corpus/12-parsers/regex_matcher.rb	(16,28)-(16,36):undefined method: nil#include?	V9	-	lib-nilable-return	when :class then @chars.include?(c) != @negate
corpus/12-parsers/regex_matcher.rb	(29,9)-(29,10):undefined method: nil#+	residual	-	unclassified	body + suffix
corpus/12-parsers/regex_matcher.rb	(42,28)-(42,31):undefined method: nil#ord	V9	-	lib-nilable-return	def expand_range(a, b) = (a.ord..b.ord).map(&:chr).join
corpus/12-parsers/regex_matcher.rb	(42,35)-(42,38):undefined method: nil#ord	V9	-	lib-nilable-return	def expand_range(a, b) = (a.ord..b.ord).map(&:chr).join
corpus/06-linked/lfu_cache_buckets.rb	(39,9)-(39,13):undefined method: nil#prev	V10	-	user-nil	item.prev ? item.prev.next = item.next : @head = item.next
corpus/06-linked/lfu_cache_buckets.rb	(39,26)-(39,30):undefined method: nil#next=	V10	-	user-nil	item.prev ? item.prev.next = item.next : @head = item.next
corpus/06-linked/lfu_cache_buckets.rb	(39,21)-(39,25):undefined method: nil#prev	V10	-	user-nil	item.prev ? item.prev.next = item.next : @head = item.next
corpus/06-linked/lfu_cache_buckets.rb	(39,38)-(39,42):undefined method: nil#next	V10	-	user-nil	item.prev ? item.prev.next = item.next : @head = item.next
corpus/06-linked/lfu_cache_buckets.rb	(39,58)-(39,62):undefined method: nil#next	V10	-	user-nil	item.prev ? item.prev.next = item.next : @head = item.next
corpus/06-linked/lfu_cache_buckets.rb	(40,9)-(40,13):undefined method: nil#next	V10	-	user-nil	item.next ? item.next.prev = item.prev : @tail = item.prev
corpus/06-linked/lfu_cache_buckets.rb	(40,26)-(40,30):undefined method: nil#prev=	V10	-	user-nil	item.next ? item.next.prev = item.prev : @tail = item.prev
corpus/06-linked/lfu_cache_buckets.rb	(40,21)-(40,25):undefined method: nil#next	V10	-	user-nil	item.next ? item.next.prev = item.prev : @tail = item.prev
corpus/06-linked/lfu_cache_buckets.rb	(40,38)-(40,42):undefined method: nil#prev	V10	-	user-nil	item.next ? item.next.prev = item.prev : @tail = item.prev
corpus/06-linked/lfu_cache_buckets.rb	(40,58)-(40,62):undefined method: nil#prev	V10	-	user-nil	item.next ? item.next.prev = item.prev : @tail = item.prev
corpus/06-linked/lfu_cache_buckets.rb	(79,19)-(79,23):undefined method: nil#head	V10	-	user-nil	victim = low.head
corpus/06-linked/lfu_cache_buckets.rb	(80,10)-(80,16):undefined method: nil#remove	V10	-	user-nil	low.remove(victim)
corpus/06-linked/lfu_cache_buckets.rb	(81,27)-(81,30):undefined method: nil#key	V10	-	user-nil	@items.delete(victim.key)
corpus/06-linked/lfu_cache_buckets.rb	(82,30)-(82,33):undefined method: nil#key	V10	-	user-nil	@log << "evict #{victim.key} (freq #{low.freq})"
corpus/06-linked/lfu_cache_buckets.rb	(82,47)-(82,51):undefined method: nil#freq	V10	-	user-nil	@log << "evict #{victim.key} (freq #{low.freq})"
corpus/06-linked/lfu_cache_buckets.rb	(83,30)-(83,36):undefined method: nil#empty?	V10	-	user-nil	drop_bucket(low) if low.empty?
corpus/06-linked/lfu_cache_buckets.rb	(86,27)-(86,31):undefined method: nil#freq	V7	-	nil?-no-narrow	if first.nil? || first.freq != 1
corpus/06-linked/lfu_cache_buckets.rb	(88,17)-(88,21):undefined method: nil#prev=	V10	-	user-nil	first.next.prev = first if first.next
corpus/06-linked/lfu_cache_buckets.rb	(92,10)-(92,16):undefined method: nil#append	V7	-	nil?-no-narrow	first.append(item)
corpus/06-linked/lfu_cache_buckets.rb	(109,6)-(109,10):undefined method: nil#prev	V10	-	user-nil	b.prev ? b.prev.next = b.next : @lowest = b.next
corpus/06-linked/lfu_cache_buckets.rb	(109,20)-(109,24):undefined method: nil#next=	V10	-	user-nil	b.prev ? b.prev.next = b.next : @lowest = b.next
corpus/06-linked/lfu_cache_buckets.rb	(109,15)-(109,19):undefined method: nil#prev	V10	-	user-nil	b.prev ? b.prev.next = b.next : @lowest = b.next
corpus/06-linked/lfu_cache_buckets.rb	(109,29)-(109,33):undefined method: nil#next	V10	-	user-nil	b.prev ? b.prev.next = b.next : @lowest = b.next
corpus/06-linked/lfu_cache_buckets.rb	(109,48)-(109,52):undefined method: nil#next	V10	-	user-nil	b.prev ? b.prev.next = b.next : @lowest = b.next
corpus/06-linked/lfu_cache_buckets.rb	(110,30)-(110,34):undefined method: nil#next	V10	-	user-nil	b.next.prev = b.prev if b.next
corpus/06-linked/lfu_cache_buckets.rb	(110,11)-(110,15):undefined method: nil#prev=	V10	-	user-nil	b.next.prev = b.prev if b.next
corpus/06-linked/lfu_cache_buckets.rb	(110,6)-(110,10):undefined method: nil#next	V10	-	user-nil	b.next.prev = b.prev if b.next
corpus/06-linked/lfu_cache_buckets.rb	(110,20)-(110,24):undefined method: nil#prev	V10	-	user-nil	b.next.prev = b.prev if b.next
corpus/06-linked/lfu_cache_buckets.rb	(115,15)-(115,19):undefined method: nil#next	V7	-	nil?-no-narrow	target = b.next
corpus/06-linked/lfu_cache_buckets.rb	(116,29)-(116,33):undefined method: nil#freq	V7	-	nil?-no-narrow	if target.nil? || target.freq != b.freq + 1
corpus/06-linked/lfu_cache_buckets.rb	(116,39)-(116,43):undefined method: nil#freq	V7	-	nil?-no-narrow	if target.nil? || target.freq != b.freq + 1
corpus/06-linked/lfu_cache_buckets.rb	(117,28)-(117,32):undefined method: nil#freq	V7	-	nil?-no-narrow	target = Bucket.new(b.freq + 1, nil, nil, b, target)
corpus/06-linked/lfu_cache_buckets.rb	(118,18)-(118,22):undefined method: nil#prev=	V10	-	user-nil	target.next.prev = target if target.next
corpus/06-linked/lfu_cache_buckets.rb	(119,8)-(119,12):undefined method: nil#next=	V7	-	nil?-no-narrow	b.next = target
corpus/06-linked/lfu_cache_buckets.rb	(121,6)-(121,12):undefined method: nil#remove	V7	-	nil?-no-narrow	b.remove(item)
corpus/06-linked/lfu_cache_buckets.rb	(122,11)-(122,17):undefined method: nil#append	V7	-	nil?-no-narrow	target.append(item)
corpus/06-linked/lfu_cache_buckets.rb	(123,24)-(123,30):undefined method: nil#empty?	V7	-	nil?-no-narrow	drop_bucket(b) if b.empty?
corpus/06-linked/lfu_cache_buckets.rb	(150,16)-(150,17):undefined method: nil#+	V8	-	assign-in-cond-no-narrow	wc.put(w, n + 1)
corpus/06-linked/list_toolkit.rb	(58,13)-(58,17):undefined method: nil#tail=	V10	-	user-nil	prev.tail = node.tail
corpus/06-linked/list_toolkit.rb	(121,7)-(121,8):failed to resolve overloads	V5	-	module_function	(n - k % n - 1).times { cut = cut.tail }
corpus/06-linked/list_toolkit.rb	(144,9)-(144,13):undefined method: singleton(L)#from	V5	module_function	module_function	nums = L.from([4, 8, 4, 1, 9, 8, 2, 7, 1, 3])
corpus/06-linked/list_toolkit.rb	(145,21)-(145,25):undefined method: singleton(L)#show	V5	module_function	module_function	puts "nums       #{L.show(nums)} length #{L.length(nums)}"
corpus/06-linked/list_toolkit.rb	(145,44)-(145,50):undefined method: singleton(L)#length	V5	module_function	module_function	puts "nums       #{L.show(nums)} length #{L.length(nums)}"
corpus/06-linked/list_toolkit.rb	(146,21)-(146,33):undefined method: singleton(L)#kth_from_end	V5	module_function	module_function	puts "3rd last   #{L.kth_from_end(nums, 3)}; 11th last #{L.kth_from_end(nums, 11).inspect}"
corpus/06-linked/list_toolkit.rb	(146,59)-(146,71):undefined method: singleton(L)#kth_from_end	V5	module_function	module_function	puts "3rd last   #{L.kth_from_end(nums, 3)}; 11th last #{L.kth_from_end(nums, 11).inspect}"
corpus/06-linked/list_toolkit.rb	(147,2)-(147,9):undefined method: singleton(L)#dedupe!	V5	module_function	module_function	L.dedupe!(nums)
corpus/06-linked/list_toolkit.rb	(148,21)-(148,25):undefined method: singleton(L)#show	V5	module_function	module_function	puts "deduped    #{L.show(nums)}"
corpus/06-linked/list_toolkit.rb	(149,14)-(149,23):undefined method: singleton(L)#partition	V5	module_function	module_function	low, high = L.partition(nums, 5)
corpus/06-linked/list_toolkit.rb	(150,21)-(150,25):undefined method: singleton(L)#show	V5	module_function	module_function	puts "< 5        #{L.show(low)}"
corpus/06-linked/list_toolkit.rb	(151,21)-(151,25):undefined method: singleton(L)#show	V5	module_function	module_function	puts ">= 5       #{L.show(high)}"
corpus/06-linked/list_toolkit.rb	(152,21)-(152,25):undefined method: singleton(L)#fold	V5	module_function	module_function	puts "sum/max    #{L.fold(low, 0) { |a, x| a + x }} / #{L.fold(high, 0) { |a, x| [a, x].max }}"
corpus/06-linked/list_toolkit.rb	(152,58)-(152,62):undefined method: singleton(L)#fold	V5	module_function	module_function	puts "sum/max    #{L.fold(low, 0) { |a, x| a + x }} / #{L.fold(high, 0) { |a, x| [a, x].max }}"
corpus/06-linked/list_toolkit.rb	(153,11)-(153,21):undefined method: singleton(L)#interleave	V5	module_function	module_function	joined = L.interleave(low, high)
corpus/06-linked/list_toolkit.rb	(154,21)-(154,25):undefined method: singleton(L)#show	V5	module_function	module_function	puts "interleave #{L.show(joined)}"
corpus/06-linked/list_toolkit.rb	(156,13)-(156,25):undefined method: singleton(L)#rotate_right	V5	module_function	module_function	joined = L.rotate_right(joined, k)
corpus/06-linked/list_toolkit.rb	(157,26)-(157,30):undefined method: singleton(L)#show	V5	module_function	module_function	puts "rotate #{k}   #{L.show(joined)}"
corpus/06-linked/list_toolkit.rb	(159,21)-(159,25):undefined method: singleton(L)#show	V5	module_function	module_function	puts "reversed   #{L.show(L.reverse(joined))}"
corpus/06-linked/list_toolkit.rb	(159,28)-(159,35):undefined method: singleton(L)#reverse	V5	module_function	module_function	puts "reversed   #{L.show(L.reverse(joined))}"
corpus/06-linked/list_toolkit.rb	(162,12)-(162,16):undefined method: singleton(L)#from	V5	module_function	module_function	chars = L.from(w.chars)
corpus/06-linked/list_toolkit.rb	(163,13)-(163,24):undefined method: singleton(L)#palindrome?	V5	module_function	module_function	result = L.palindrome?(chars)
corpus/06-linked/list_toolkit.rb	(164,70)-(164,74):undefined method: singleton(L)#to_a	V5	module_function	module_function	puts format("%-10s palindrome=%-5s intact=%s", w.inspect, result, L.to_a(chars).join == w)
corpus/06-linked/list_toolkit.rb	(167,10)-(167,14):undefined method: singleton(L)#from	V5	module_function	module_function	words = L.from("pear apple pear fig apple kiwi fig plum".split(" "))
corpus/06-linked/list_toolkit.rb	(168,2)-(168,9):undefined method: singleton(L)#dedupe!	V5	module_function	module_function	L.dedupe!(words)
corpus/06-linked/list_toolkit.rb	(169,16)-(169,25):undefined method: singleton(L)#partition	V5	module_function	module_function	short, long = L.partition(words, "g")
corpus/06-linked/list_toolkit.rb	(170,21)-(170,25):undefined method: singleton(L)#show	V5	module_function	module_function	puts "words      #{L.show(words)}"
corpus/06-linked/list_toolkit.rb	(171,21)-(171,25):undefined method: singleton(L)#show	V5	module_function	module_function	puts "before g   #{L.show(short)}, from g #{L.show(long)}"
corpus/06-linked/list_toolkit.rb	(171,46)-(171,50):undefined method: singleton(L)#show	V5	module_function	module_function	puts "before g   #{L.show(short)}, from g #{L.show(long)}"
corpus/06-linked/list_toolkit.rb	(172,21)-(172,25):undefined method: singleton(L)#fold	V5	module_function	module_function	puts "lengths    #{L.fold(L.interleave(short, long), "") { |acc, w| acc + w.size.to_s }}"
corpus/06-linked/list_toolkit.rb	(172,28)-(172,38):undefined method: singleton(L)#interleave	V5	module_function	module_function	puts "lengths    #{L.fold(L.interleave(short, long), "") { |acc, w| acc + w.size.to_s }}"
corpus/06-linked/list_toolkit.rb	(173,21)-(173,25):undefined method: singleton(L)#show	V5	module_function	module_function	puts "empty      #{L.show(L.rotate_right(nil, 3))} #{L.palindrome?(nil)} #{L.kth_from_end(nil, 1).inspect}"
corpus/06-linked/list_toolkit.rb	(173,28)-(173,40):undefined method: singleton(L)#rotate_right	V5	module_function	module_function	puts "empty      #{L.show(L.rotate_right(nil, 3))} #{L.palindrome?(nil)} #{L.kth_from_end(nil, 1).inspect}"
corpus/06-linked/list_toolkit.rb	(173,55)-(173,66):undefined method: singleton(L)#palindrome?	V5	module_function	module_function	puts "empty      #{L.show(L.rotate_right(nil, 3))} #{L.palindrome?(nil)} #{L.kth_from_end(nil, 1).inspect}"
corpus/06-linked/list_toolkit.rb	(173,77)-(173,89):undefined method: singleton(L)#kth_from_end	V5	module_function	module_function	puts "empty      #{L.show(L.rotate_right(nil, 3))} #{L.palindrome?(nil)} #{L.kth_from_end(nil, 1).inspect}"
corpus/06-linked/lru_cache.rb	(46,27)-(46,30):undefined method: nil#key	V10	-	user-nil	@index.delete(victim.key)
corpus/06-linked/lru_cache.rb	(47,25)-(47,28):undefined method: nil#key	V10	-	user-nil	@evicted << victim.key
corpus/06-linked/lru_cache.rb	(73,9)-(73,13):undefined method: nil#prev	V10	-	user-nil	if e.prev
corpus/06-linked/lru_cache.rb	(74,13)-(74,17):undefined method: nil#next=	V10	-	user-nil	e.prev.next = e.next
corpus/06-linked/lru_cache.rb	(74,8)-(74,12):undefined method: nil#prev	V10	-	user-nil	e.prev.next = e.next
corpus/06-linked/lru_cache.rb	(74,22)-(74,26):undefined method: nil#next	V10	-	user-nil	e.prev.next = e.next
corpus/06-linked/lru_cache.rb	(76,18)-(76,22):undefined method: nil#next	V10	-	user-nil	@newest = e.next
corpus/06-linked/lru_cache.rb	(78,9)-(78,13):undefined method: nil#next	V10	-	user-nil	if e.next
corpus/06-linked/lru_cache.rb	(79,13)-(79,17):undefined method: nil#prev=	V10	-	user-nil	e.next.prev = e.prev
corpus/06-linked/lru_cache.rb	(79,8)-(79,12):undefined method: nil#next	V10	-	user-nil	e.next.prev = e.prev
corpus/06-linked/lru_cache.rb	(79,22)-(79,26):undefined method: nil#prev	V10	-	user-nil	e.next.prev = e.prev
corpus/06-linked/lru_cache.rb	(81,18)-(81,22):undefined method: nil#prev	V10	-	user-nil	@oldest = e.prev
corpus/06-linked/lru_cache.rb	(83,6)-(83,10):undefined method: nil#prev=	V10	-	user-nil	e.prev = nil
corpus/06-linked/lru_cache.rb	(84,6)-(84,10):undefined method: nil#next=	V10	-	user-nil	e.next = nil
corpus/06-linked/markup_tag_checker.rb	(44,27)-(44,32):undefined method: nil#match	V9	-	lib-nilable-return	while (m = line[pos..].match(TAG))
corpus/06-linked/markup_tag_checker.rb	(45,20)-(45,25):undefined method: nil#begin	V9	-	lib-nilable-return	col = pos + m.begin(0) + 1
corpus/06-linked/markup_tag_checker.rb	(46,17)-(46,20):undefined method: nil#[]	V9	-	lib-nilable-return	closing = m[1] == "/"
corpus/06-linked/markup_tag_checker.rb	(47,14)-(47,17):undefined method: nil#[]	V9	-	lib-nilable-return	name = m[2]
corpus/06-linked/markup_tag_checker.rb	(48,22)-(48,25):undefined method: nil#[]	V9	-	lib-nilable-return	self_closing = m[3] == "/" || VOID_TAGS.include?(name)
corpus/06-linked/markup_tag_checker.rb	(52,18)-(52,22):undefined method: nil#name	V7	-	nil?-no-narrow	elsif top.name == name
corpus/06-linked/markup_tag_checker.rb	(53,20)-(53,26):undefined method: nil#parent	V7	-	nil?-no-narrow	top = top.parent
corpus/06-linked/markup_tag_checker.rb	(57,24)-(57,30):undefined method: nil#parent	V10	-	user-nil	found = found.parent while found && found.name != name
corpus/06-linked/markup_tag_checker.rb	(60,38)-(60,42):undefined method: nil#line	V10	-	user-nil	issues << Issue.new(top.line, top.col, "<#{top.name}> not closed before </#{name}>")
corpus/06-linked/markup_tag_checker.rb	(60,48)-(60,51):undefined method: nil#col	V10	-	user-nil	issues << Issue.new(top.line, top.col, "<#{top.name}> not closed before </#{name}>")
corpus/06-linked/markup_tag_checker.rb	(60,61)-(60,65):undefined method: nil#name	V10	-	user-nil	issues << Issue.new(top.line, top.col, "<#{top.name}> not closed before </#{name}>")
corpus/06-linked/markup_tag_checker.rb	(61,24)-(61,30):undefined method: nil#parent	V10	-	user-nil	top = top.parent
corpus/06-linked/markup_tag_checker.rb	(67,79)-(67,83):undefined method: nil#name	V7	-	nil?-no-narrow	issues << Issue.new(li + 1, col, "</#{name}> does not match <#{top.name}>")
corpus/06-linked/markup_tag_checker.rb	(75,15)-(75,18):undefined method: nil#end	V9	-	lib-nilable-return	pos += m.end(0)
corpus/06-linked/markup_tag_checker.rb	(100,28)-(100,32):undefined method: Integer#line	V4	-	sig-vertex-sharing	issues.sort_by { |i| [i.line, i.col] }.each { |i| puts "  #{i.line}:#{i.col} #{i.text}" }
corpus/06-linked/markup_tag_checker.rb	(100,36)-(100,39):undefined method: Integer#col	V4	-	sig-vertex-sharing	issues.sort_by { |i| [i.line, i.col] }.each { |i| puts "  #{i.line}:#{i.col} #{i.text}" }
corpus/06-linked/markup_tag_checker.rb	(100,66)-(100,70):undefined method: Integer#line	V4	-	sig-vertex-sharing	issues.sort_by { |i| [i.line, i.col] }.each { |i| puts "  #{i.line}:#{i.col} #{i.text}" }
corpus/06-linked/markup_tag_checker.rb	(100,76)-(100,79):undefined method: Integer#col	V4	-	sig-vertex-sharing	issues.sort_by { |i| [i.line, i.col] }.each { |i| puts "  #{i.line}:#{i.col} #{i.text}" }
corpus/06-linked/markup_tag_checker.rb	(100,85)-(100,89):undefined method: Integer#text	V4	-	sig-vertex-sharing	issues.sort_by { |i| [i.line, i.col] }.each { |i| puts "  #{i.line}:#{i.col} #{i.text}" }
corpus/06-linked/merge_log_streams.rb	(56,9)-(56,11):undefined method: nil#<=	V10	-	user-nil	if a <= b
corpus/06-linked/merge_log_streams.rb	(58,12)-(58,16):undefined method: nil#next	V10	-	user-nil	a = a.next
corpus/06-linked/merge_log_streams.rb	(61,12)-(61,16):undefined method: nil#next	V10	-	user-nil	b = b.next
corpus/06-linked/merge_log_streams.rb	(72,7)-(72,11):undefined method: nil#next=	V7	-	nil?-no-narrow	tail.next = rest
corpus/06-linked/merge_log_streams.rb	(78,14)-(78,18):undefined method: nil#next	V7	-	nil?-no-narrow	fast = list.next
corpus/06-linked/merge_log_streams.rb	(80,16)-(80,20):undefined method: nil#next	V10	-	user-nil	slow = slow.next
corpus/06-linked/merge_log_streams.rb	(81,21)-(81,25):undefined method: nil#next	V10	-	user-nil	fast = fast.next.next
corpus/06-linked/merge_log_streams.rb	(81,16)-(81,20):undefined method: nil#next	V10	-	user-nil	fast = fast.next.next
corpus/06-linked/merge_log_streams.rb	(83,16)-(83,20):undefined method: nil#next	V10	-	user-nil	second = slow.next
corpus/06-linked/merge_log_streams.rb	(84,7)-(84,11):undefined method: nil#next=	V10	-	user-nil	slow.next = nil
corpus/06-linked/merge_log_streams.rb	(89,35)-(89,39):undefined method: nil#next	V7	-	nil?-no-narrow	return list if list.nil? || list.next.nil?
corpus/06-linked/merge_log_streams.rb	(122,2)-(122,6):wrong type of arguments	V1	-	interface-nominal	puts l
corpus/16-dates/activity_heatmap.rb	(13,4)-(13,6):undefined method: nil#+	failed@V6	-	counterfactual-run-failed	z += 719468
corpus/16-dates/activity_heatmap.rb	(23,17)-(23,18):undefined method: nil#+	failed@V6	-	counterfactual-run-failed	def wday(z) = (z + 4) % 7
corpus/16-dates/activity_heatmap.rb	(27,9)-(27,10):undefined method: nil#*	failed@V6	-	counterfactual-run-failed	h = (z * 2654435761) % 4294967296
corpus/16-dates/activity_heatmap.rb	(87,42)-(87,43):undefined method: nil#-	failed@V6	-	counterfactual-run-failed	_sy, sm, sd = civil_from_days(longest_end - longest + 1)
corpus/16-dates/activity_heatmap.rb	(92,52)-(92,54):failed to resolve overloads	failed@V6	block-param-shadow	counterfactual-run-failed	counts.each { |z, n| monthly[civil_from_days(z)[1]] += n }
corpus/16-dates/activity_heatmap.rb	(96,38)-(96,40):failed to resolve overloads	failed@V6	block-param-shadow	counterfactual-run-failed	counts.each { |z, n| by_wday[wday(z)] += n }
corpus/16-dates/activity_heatmap.rb	(100,35)-(100,36):expected: Comparable | Array[...]; actual: nil	failed@V6	block-param-shadow	counterfactual-run-failed	best_day = counts.max_by { |_z, n| n }
corpus/16-dates/age_calculator.rb	(79,22)-(79,23):undefined method: nil#+	V9	-	lib-nilable-return	ZODIAC_CUTOFFS[(i + 1) % 12][2]
corpus/16-dates/billing_cycles.rb	(51,13)-(51,14):failed to resolve overloads	V11	-	empty-arg	doy = (153 * ((m + 9) % 12) + 2) / 5 + d - 1
corpus/16-dates/billing_cycles.rb	(55,18)-(55,19):undefined method: Array[untyped]#%	V3	-	masgn-from-Array	def leap?(y) = (y % 4 == 0 && y % 100 != 0) || y % 400 == 0
corpus/16-dates/billing_cycles.rb	(55,18)-(55,19):undefined method: Array[untyped]#%	V3	-	masgn-from-Array	def leap?(y) = (y % 4 == 0 && y % 100 != 0) || y % 400 == 0
corpus/16-dates/billing_cycles.rb	(55,32)-(55,33):undefined method: Array[untyped]#%	V3	-	masgn-from-Array	def leap?(y) = (y % 4 == 0 && y % 100 != 0) || y % 400 == 0
corpus/16-dates/billing_cycles.rb	(55,32)-(55,33):undefined method: Array[untyped]#%	V3	-	masgn-from-Array	def leap?(y) = (y % 4 == 0 && y % 100 != 0) || y % 400 == 0
corpus/16-dates/billing_cycles.rb	(55,49)-(55,50):undefined method: Array[untyped]#%	V3	-	masgn-from-Array	def leap?(y) = (y % 4 == 0 && y % 100 != 0) || y % 400 == 0
corpus/16-dates/billing_cycles.rb	(55,49)-(55,50):undefined method: Array[untyped]#%	V3	-	masgn-from-Array	def leap?(y) = (y % 4 == 0 && y % 100 != 0) || y % 400 == 0
corpus/16-dates/billing_cycles.rb	(60,8)-(60,13):undefined method: nil#match	residual	-	unclassified	m = s.match(/\A(\d{4})-(\d{2})-(\d{2})\z/)
corpus/16-dates/billing_cycles.rb	(62,4)-(62,12):undefined method: nil#captures	V7	-	nil?-no-narrow	m.captures.map(&:to_i)
corpus/16-dates/billing_cycles.rb	(73,9)-(73,10):wrong type of arguments	V3	-	masgn-from-Array	ny = y + total / 12
corpus/16-dates/billing_cycles.rb	(87,51)-(87,52):failed to resolve overloads	V11	-	empty-arg	def prorate(cents, days_used, days_total) = (cents * days_used * 2 + days_total) / (days_total * 2)
corpus/16-dates/calendar_systems.rb	(9,12)-(9,18):undefined method: CalendarDate#to_jdn	residual	-	unclassified	def jdn = to_jdn
corpus/16-dates/calendar_systems.rb	(10,25)-(10,31):undefined method: CalendarDate#to_jdn	residual	-	unclassified	def weekday = WEEKDAYS[to_jdn % 7]
corpus/16-dates/calendar_systems.rb	(11,42)-(11,48):undefined method: CalendarDate#to_jdn	residual	-	unclassified	def days_until(other_jdn) = other_jdn - to_jdn
corpus/16-dates/calendar_systems.rb	(12,45)-(12,51):undefined method: CalendarDate#to_jdn	residual	-	unclassified	def describe = "#{to_s} (#{weekday}, JDN #{to_jdn})"
corpus/16-dates/calendar_systems.rb	(115,37)-(115,38):undefined method: Numeric#*	V2	-	numeric-catchall-overload	def to_jdn = CORRELATION + @baktun * 144000 + @katun * 7200 + @tun * 360 + @uinal * 20 + @kin
corpus/16-dates/calendar_systems.rb	(115,55)-(115,56):undefined method: Numeric#*	V2	-	numeric-catchall-overload	def to_jdn = CORRELATION + @baktun * 144000 + @katun * 7200 + @tun * 360 + @uinal * 20 + @kin
corpus/16-dates/calendar_systems.rb	(115,69)-(115,70):undefined method: Numeric#*	V2	-	numeric-catchall-overload	def to_jdn = CORRELATION + @baktun * 144000 + @katun * 7200 + @tun * 360 + @uinal * 20 + @kin
corpus/16-dates/calendar_systems.rb	(115,84)-(115,85):undefined method: Numeric#*	V2	-	numeric-catchall-overload	def to_jdn = CORRELATION + @baktun * 144000 + @katun * 7200 + @tun * 360 + @uinal * 20 + @kin
corpus/11-simulation/bank_ledger.rb	(149,34)-(149,38):wrong type of arguments	V1	-	interface-nominal	bank.accounts.each_value { |acct| puts acct }
corpus/11-simulation/car_rental.rb	(90,26)-(90,27):undefined method: nil#*	V9	-	lib-nilable-return	b.price = days.size * wanted.daily + fee
corpus/11-simulation/checkout_lanes.rb	(16,61)-(16,63):undefined method: nil#<=	residual	-	unclassified	def accepts?(items) = @open && (@kind != :express || items <= 10)
corpus/11-simulation/checkout_lanes.rb	(18,38)-(18,39):failed to resolve overloads	V11	-	empty-arg	def service_time(items) = @overhead + items * @secs_per_item
corpus/11-simulation/checkout_lanes.rb	(18,46)-(18,47):undefined method: nil#*	residual	-	unclassified	def service_time(items) = @overhead + items * @secs_per_item
corpus/11-simulation/checkout_lanes.rb	(23,9)-(23,10):failed to resolve overloads	V11	-	empty-arg	rest + pending
corpus/11-simulation/checkout_lanes.rb	(30,22)-(30,23):failed to resolve overloads	V11	-	empty-arg	@busy_until = now + service_time(c[:items])
corpus/11-simulation/checkout_lanes.rb	(32,32)-(32,33):failed to resolve overloads	residual	-	unclassified	waits[c[:id]] = [@name, now - c[:arrive], @busy_until]
corpus/11-simulation/checkout_lanes.rb	(54,9)-(54,13):undefined method: String#open=	residual	-	unclassified	lane.open = false if lane && now == close_at
corpus/11-simulation/checkout_lanes.rb	(59,27)-(59,40):undefined method: nil#expected_wait	V7	-	nil?-no-narrow	if best.nil? || best.expected_wait(now) > balk_limit
corpus/11-simulation/checkout_lanes.rb	(62,13)-(62,18):undefined method: nil#queue	V7	-	nil?-no-narrow	best.queue << c
corpus/11-simulation/checkout_lanes.rb	(66,17)-(66,18):wrong type of arguments	residual	-	unclassified	break if now > last_arrival && lanes.all? { |l| l.idle?(now) }
corpus/11-simulation/checkout_lanes.rb	(87,86)-(87,88):undefined method: nil#>=	residual	nested-destructure-param	nested-destructure-param	puts format("  #%-2d %-2s waited %3ds done at %4d", id, lane, wait, done) if wait >= 150
corpus/02-analytics/language_guess.rb	(63,37)-(63,38):wrong type of arguments	V1	-	interface-nominal	shared = profiles[a].keys.to_set & profiles[b].keys.to_set
corpus/02-analytics/log_summary.rb	(39,33)-(39,37):undefined method: nil#gsub	failed@V6	-	counterfactual-run-failed	def normalize(message) = message.gsub(/\d+/, "N")
corpus/02-analytics/log_summary.rb	(43,28)-(43,36):undefined method: :level#call	failed@V6	-	counterfactual-run-failed	entries.each { |e| counts[yield(e)] += 1 }
corpus/02-analytics/log_summary.rb	(43,28)-(43,36):undefined method: :level#call	failed@V6	-	counterfactual-run-failed	entries.each { |e| counts[yield(e)] += 1 }
corpus/02-analytics/log_summary.rb	(43,28)-(43,36):undefined method: :component#call	failed@V6	-	counterfactual-run-failed	entries.each { |e| counts[yield(e)] += 1 }
corpus/02-analytics/log_summary.rb	(43,28)-(43,36):undefined method: :component#call	failed@V6	-	counterfactual-run-failed	entries.each { |e| counts[yield(e)] += 1 }
corpus/02-analytics/log_summary.rb	(43,28)-(43,36):undefined method: :hour#call	failed@V6	-	counterfactual-run-failed	entries.each { |e| counts[yield(e)] += 1 }
corpus/02-analytics/log_summary.rb	(43,28)-(43,36):undefined method: :hour#call	failed@V6	-	counterfactual-run-failed	entries.each { |e| counts[yield(e)] += 1 }
corpus/02-analytics/log_summary.rb	(89,61)-(89,62):wrong type of arguments	failed@V6	block-param-shadow	counterfactual-run-failed	per_hour.each { |h, n| puts format("  %02d:00 %s %d", h, "#" * n, n) }
corpus/02-analytics/log_summary.rb	(93,16)-(93,21):undefined method: nil#match	failed@V6	block-param-shadow	counterfactual-run-failed	m = e.message.match(/user (\d+)/)
corpus/02-analytics/log_summary.rb	(96,31)-(96,32):expected: Comparable | Array[...]; actual: nil	failed@V6	block-param-shadow	counterfactual-run-failed	active = users.max_by { |_, n| n }
corpus/02-analytics/log_summary.rb	(103,16)-(103,21):undefined method: nil#match	failed@V6	block-param-shadow	counterfactual-run-failed	m = e.message.match(/took (\d+) ms/)
corpus/02-analytics/near_duplicates.rb	(23,13)-(23,14):wrong type of arguments	V1	-	interface-nominal	union = (a | b).size
corpus/02-analytics/near_duplicates.rb	(23,13)-(23,14):wrong type of arguments	V1	-	interface-nominal	union = (a | b).size
corpus/02-analytics/near_duplicates.rb	(25,5)-(25,6):wrong type of arguments	V1	-	interface-nominal	(a & b).size * 1.0 / union
corpus/02-analytics/near_duplicates.rb	(25,5)-(25,6):wrong type of arguments	V1	-	interface-nominal	(a & b).size * 1.0 / union
corpus/02-analytics/near_duplicates.rb	(30,27)-(30,28):undefined method: Numeric#*	V2	-	numeric-catchall-overload	s.each_byte { |b| h = (h * 31 + b) % 1000003 }
corpus/04-numeric/bezier_curves.rb	(1,38)-(1,39):undefined method: nil#+	residual	nested-destructure-param	nested-destructure-param	def lerp((px, py), (qx, qy), t) = [px + (qx - px) * t, py + (qy - py) * t]
corpus/04-numeric/bezier_curves.rb	(1,44)-(1,45):undefined method: nil#-	residual	nested-destructure-param	nested-destructure-param	def lerp((px, py), (qx, qy), t) = [px + (qx - px) * t, py + (qy - py) * t]
corpus/04-numeric/bezier_curves.rb	(1,58)-(1,59):undefined method: nil#+	residual	nested-destructure-param	nested-destructure-param	def lerp((px, py), (qx, qy), t) = [px + (qx - px) * t, py + (qy - py) * t]
corpus/04-numeric/bezier_curves.rb	(1,64)-(1,65):undefined method: nil#-	residual	nested-destructure-param	nested-destructure-param	def lerp((px, py), (qx, qy), t) = [px + (qx - px) * t, py + (qy - py) * t]
corpus/04-numeric/bezier_curves.rb	(3,36)-(3,41):wrong type of arguments	V11	nested-destructure-param	empty-arg	def dist((px, py), (qx, qy)) = Math.hypot(qx - px, qy - py)
corpus/04-numeric/bezier_curves.rb	(3,45)-(3,46):undefined method: nil#-	residual	nested-destructure-param	nested-destructure-param	def dist((px, py), (qx, qy)) = Math.hypot(qx - px, qy - py)
corpus/04-numeric/bezier_curves.rb	(3,54)-(3,55):undefined method: nil#-	residual	nested-destructure-param	nested-destructure-param	def dist((px, py), (qx, qy)) = Math.hypot(qx - px, qy - py)
corpus/04-numeric/bezier_curves.rb	(22,6)-(22,8):failed to resolve overloads	V11	nested-destructure-param	empty-arg	x += b * px
corpus/04-numeric/bezier_curves.rb	(22,11)-(22,12):failed to resolve overloads	residual	nested-destructure-param	nested-destructure-param	x += b * px
corpus/04-numeric/bezier_curves.rb	(23,6)-(23,8):failed to resolve overloads	V11	nested-destructure-param	empty-arg	y += b * py
corpus/04-numeric/bezier_curves.rb	(23,11)-(23,12):failed to resolve overloads	residual	nested-destructure-param	nested-destructure-param	y += b * py
corpus/04-numeric/bezier_curves.rb	(68,19)-(68,20):undefined method: nil#-	V9	-	lib-nilable-return	lo = [0.0, (best - 1) / 20.0].max
corpus/04-numeric/bezier_curves.rb	(69,19)-(69,20):undefined method: nil#+	V9	-	lib-nilable-return	hi = [1.0, (best + 1) / 20.0].min
corpus/04-numeric/correlation_matrix.rb	(23,11)-(23,12):failed to resolve overloads	V11	-	empty-arg	dx = x - mx
corpus/04-numeric/correlation_matrix.rb	(24,15)-(24,16):failed to resolve overloads	V11	-	empty-arg	dy = ys[i] - my
corpus/04-numeric/correlation_matrix.rb	(25,8)-(25,10):failed to resolve overloads	V11	-	empty-arg	sxy += dx * dy
corpus/04-numeric/correlation_matrix.rb	(26,8)-(26,10):failed to resolve overloads	V11	-	empty-arg	sxx += dx * dx
corpus/04-numeric/correlation_matrix.rb	(27,8)-(27,10):failed to resolve overloads	V11	-	empty-arg	syy += dy * dy
corpus/04-numeric/correlation_matrix.rb	(30,13)-(30,17):wrong type of arguments	V1	-	interface-nominal	sxy / Math.sqrt(sxx * syy)
corpus/04-numeric/correlation_matrix.rb	(35,40)-(35,43):failed to resolve overloads	V6	block-param-shadow	block-param-shadow	order = (0...xs.size).sort_by { |i| xs[i] }
corpus/04-numeric/correlation_matrix.rb	(35,40)-(35,43):failed to resolve overloads	V6	block-param-shadow	block-param-shadow	order = (0...xs.size).sort_by { |i| xs[i] }
corpus/04-numeric/correlation_matrix.rb	(80,49)-(80,52):undefined method: nil#abs	V7	-	nil?-no-narrow	strongest = [a, b, r] if strongest.nil? || r.abs > strongest[2].abs
corpus/04-numeric/correlation_matrix.rb	(80,68)-(80,71):undefined method: nil#abs	V7	-	nil?-no-narrow	strongest = [a, b, r] if strongest.nil? || r.abs > strongest[2].abs
corpus/04-numeric/correlation_matrix.rb	(80,64)-(80,67):undefined method: nil#[]	V7	-	nil?-no-narrow	strongest = [a, b, r] if strongest.nil? || r.abs > strongest[2].abs
corpus/04-numeric/correlation_matrix.rb	(93,40)-(93,44):wrong type of arguments	V1	-	interface-nominal	partial = (r_hs - r_hc * r_sc) / Math.sqrt((1.0 - r_hc ** 2) * (1.0 - r_sc ** 2))
corpus/04-numeric/correlation_matrix.rb	(100,15)-(100,18):wrong type of arguments	V1	-	interface-nominal	z = 0.5 * Math.log((1.0 + r_hs) / (1.0 - r_hs))
corpus/04-numeric/correlation_matrix.rb	(101,16)-(101,20):wrong type of arguments	V1	-	interface-nominal	se = 1.0 / Math.sqrt(n - 3)
corpus/04-numeric/correlation_matrix.rb	(104,16)-(104,19):wrong type of arguments	V1	-	interface-nominal	back_lo = (Math.exp(2.0 * lo) - 1.0) / (Math.exp(2.0 * lo) + 1.0)
corpus/04-numeric/correlation_matrix.rb	(104,45)-(104,48):wrong type of arguments	V1	-	interface-nominal	back_lo = (Math.exp(2.0 * lo) - 1.0) / (Math.exp(2.0 * lo) + 1.0)
corpus/04-numeric/correlation_matrix.rb	(105,16)-(105,19):wrong type of arguments	V1	-	interface-nominal	back_hi = (Math.exp(2.0 * hi) - 1.0) / (Math.exp(2.0 * hi) + 1.0)
corpus/04-numeric/correlation_matrix.rb	(105,45)-(105,48):wrong type of arguments	V1	-	interface-nominal	back_hi = (Math.exp(2.0 * hi) - 1.0) / (Math.exp(2.0 * hi) + 1.0)
corpus/04-numeric/curve_fitting.rb	(11,52)-(11,53):undefined method: nil#-	V9	-	lib-nilable-return	def residuals(xs, ys) = xs.zip(ys).map { |x, y| y - predict(x) }
corpus/04-numeric/curve_fitting.rb	(11,54)-(11,61):undefined method: Model#predict	residual	-	unclassified	def residuals(xs, ys) = xs.zip(ys).map { |x, y| y - predict(x) }
corpus/04-numeric/curve_fitting.rb	(12,26)-(12,30):wrong type of arguments	V11	-	empty-arg	def rmse(xs, ys) = Math.sqrt(residuals(xs, ys).map { |r| r * r }.sum / xs.size)
corpus/04-numeric/curve_fitting.rb	(17,13)-(17,16):wrong type of arguments	V11	-	empty-arg	n * Math.log(sse / n) + 2.0 * nparams
corpus/04-numeric/curve_fitting.rb	(17,34)-(17,41):undefined method: Model#nparams	residual	-	abstract-method-in-base	n * Math.log(sse / n) + 2.0 * nparams
corpus/04-numeric/curve_fitting.rb	(29,66)-(29,67):failed to resolve overloads	residual	-	unclassified	def predict(x) = @coeffs.reverse.reduce(0.0) { |acc, c| acc * x + c }
corpus/04-numeric/curve_fitting.rb	(43,29)-(43,32):wrong type of arguments	residual	-	unclassified	def predict(x) = @a * Math.exp(@k * x)
corpus/04-numeric/curve_fitting.rb	(57,23)-(57,27):wrong type of arguments	V1	-	interface-nominal	l[i][i] = Math.sqrt(s)
corpus/04-numeric/curve_fitting.rb	(71,34)-(71,35):failed to resolve overloads	residual	-	unclassified	i.times { |k| y[i] -= l[i][k] * y[k] }
corpus/04-numeric/curve_fitting.rb	(75,45)-(75,46):failed to resolve overloads	residual	-	shared-field-union	((i + 1)...n).each { |k| y[i] -= l[k][i] * y[k] }
corpus/04-numeric/curve_fitting.rb	(84,52)-(84,53):undefined method: nil#*	V9	-	lib-nilable-return	aty = (0...m).map { |i| xs.zip(ys).map { |x, y| y * x ** i }.sum }
corpus/04-numeric/curve_fitting.rb	(90,37)-(90,40):wrong type of arguments	V1	-	interface-nominal	c = fit_poly(xs, ys.map { |y| Math.log(y) }, 1).coeffs
corpus/04-numeric/curve_fitting.rb	(91,20)-(91,23):wrong type of arguments	residual	-	unclassified	ExpModel.new(Math.exp(c[0]), c[1])
corpus/04-numeric/curve_fitting.rb	(116,30)-(116,38):undefined method: nil#describe	V9	-	lib-nilable-return	puts "  best by AIC: #{best.describe}"
corpus/04-numeric/curve_fitting.rb	(117,50)-(117,57):undefined method: nil#predict	V9	-	lib-nilable-return	puts format("  prediction at x=6.0: %.3f", best.predict(6.0))
corpus/04-numeric/curve_fitting.rb	(118,23)-(118,32):undefined method: nil#residuals	V9	-	lib-nilable-return	wx, wr = xs.zip(best.residuals(xs, ys)).max_by { |x, r| r.abs }
corpus/04-numeric/curve_fitting.rb	(118,60)-(118,63):undefined method: nil#abs	V9	-	lib-nilable-return	wx, wr = xs.zip(best.residuals(xs, ys)).max_by { |x, r| r.abs }
corpus/14-errors/csv_import.rb	(15,28)-(15,29):undefined method: Array[untyped]#%	V3	-	masgn-from-Array	return 29 if m == 2 && (y % 4 == 0 && (y % 100 != 0 || y % 400 == 0))
corpus/14-errors/csv_import.rb	(15,43)-(15,44):undefined method: Array[untyped]#%	V3	-	masgn-from-Array	return 29 if m == 2 && (y % 4 == 0 && (y % 100 != 0 || y % 400 == 0))
corpus/14-errors/csv_import.rb	(15,59)-(15,60):undefined method: Array[untyped]#%	V3	-	masgn-from-Array	return 29 if m == 2 && (y % 4 == 0 && (y % 100 != 0 || y % 400 == 0))
corpus/14-errors/csv_import.rb	(30,27)-(30,28):undefined method: nil#<	V7	-	nil?-no-narrow	return "negative" if n < 0
corpus/14-errors/csv_import.rb	(72,26)-(72,27):undefined method: nil#*	V9	-	lib-nilable-return	value = Float(cells[2]) * Integer(cells[3])
corpus/20-business/invoice_generator.rb	(51,18)-(51,19):undefined method: nil#*	V9	-	lib-nilable-return	def cents(r) = (r * 100).round
corpus/20-business/invoice_generator.rb	(61,7)-(61,10):failed to resolve overloads	residual	-	unclassified	Time.new(*s.split("-").map(&:to_i))
corpus/20-business/invoice_generator.rb	(61,14)-(61,19):undefined method: nil#split	V9	-	lib-nilable-return	Time.new(*s.split("-").map(&:to_i))
corpus/20-business/invoice_generator.rb	(94,24)-(94,25):undefined method: nil#+	V9	-	lib-nilable-return	text = text[0...37] + "..." if text.size > 40
corpus/20-business/invoice_generator.rb	(132,24)-(132,27):undefined method: nil#[]	V9	-	lib-nilable-return	Entry.new(parse_date(m[1]), m[2], m[3], m[4].to_r, m[5])
corpus/20-business/invoice_generator.rb	(132,31)-(132,34):undefined method: nil#[]	V9	-	lib-nilable-return	Entry.new(parse_date(m[1]), m[2], m[3], m[4].to_r, m[5])
corpus/20-business/invoice_generator.rb	(132,37)-(132,40):undefined method: nil#[]	V9	-	lib-nilable-return	Entry.new(parse_date(m[1]), m[2], m[3], m[4].to_r, m[5])
corpus/20-business/invoice_generator.rb	(132,43)-(132,46):undefined method: nil#[]	V9	-	lib-nilable-return	Entry.new(parse_date(m[1]), m[2], m[3], m[4].to_r, m[5])
corpus/20-business/invoice_generator.rb	(132,54)-(132,57):undefined method: nil#[]	V9	-	lib-nilable-return	Entry.new(parse_date(m[1]), m[2], m[3], m[4].to_r, m[5])
corpus/20-business/invoice_generator.rb	(162,13)-(162,17):undefined method: nil#date	V9	-	lib-nilable-return	span = (last.date - first.date) / 86400
corpus/20-business/invoice_generator.rb	(162,26)-(162,30):undefined method: nil#date	V9	-	lib-nilable-return	span = (last.date - first.date) / 86400
corpus/20-business/invoice_generator.rb	(163,27)-(163,31):undefined method: nil#date	V9	-	lib-nilable-return	puts "Work period: #{first.date.strftime("%b %-d")} - #{last.date.strftime("%b %-d")} (#{span.to_i + 1} days)"
corpus/20-business/invoice_generator.rb	(163,61)-(163,65):undefined method: nil#date	V9	-	lib-nilable-return	puts "Work period: #{first.date.strftime("%b %-d")} - #{last.date.strftime("%b %-d")} (#{span.to_i + 1} days)"
corpus/20-business/parking_garage.rb	(44,9)-(44,10):wrong type of arguments	V3	-	masgn-from-Array	h * 60 + m
corpus/20-business/parking_garage.rb	(49,18)-(49,20):undefined method: Array[untyped]#<=	V3	-	masgn-from-Array	billable = mins <= 30 ? 0 : mins.ceildiv(60)
corpus/20-business/parking_garage.rb	(49,35)-(49,42):undefined method: Array[untyped]#ceildiv	V3	-	masgn-from-Array	billable = mins <= 30 ? 0 : mins.ceildiv(60)
corpus/20-business/parking_garage.rb	(72,42)-(72,46):undefined method: nil#size	V4	-	sig-vertex-sharing	spot = fits.min_by { |s| [SIZE_RANK[s.size], s.level, @spots.index(s)] }
corpus/20-business/parking_garage.rb	(72,51)-(72,56):undefined method: Integer#level	V4	-	sig-vertex-sharing	spot = fits.min_by { |s| [SIZE_RANK[s.size], s.level, @spots.index(s)] }
corpus/20-business/parking_garage.rb	(72,51)-(72,56):undefined method: nil#level	V4	-	sig-vertex-sharing	spot = fits.min_by { |s| [SIZE_RANK[s.size], s.level, @spots.index(s)] }
corpus/20-business/parking_garage.rb	(73,9)-(73,14):undefined method: nil#plate=	V9	-	lib-nilable-return	spot.plate = plate
corpus/20-business/parking_garage.rb	(73,9)-(73,14):undefined method: Integer#plate=	V4	-	sig-vertex-sharing	spot.plate = plate
corpus/20-business/parking_garage.rb	(75,37)-(75,39):undefined method: nil#id	V9	-	lib-nilable-return	t = Ticket.new(@seq, plate, spot.id, minutes(at), 0.0)
corpus/20-business/parking_garage.rb	(75,37)-(75,39):undefined method: Integer#id	V4	-	sig-vertex-sharing	t = Ticket.new(@seq, plate, spot.id, minutes(at), 0.0)
corpus/20-business/parking_garage.rb	(90,9)-(90,14):undefined method: nil#plate=	V9	-	lib-nilable-return	spot.plate = nil
corpus/20-business/parking_garage.rb	(125,77)-(125,78):undefined method: Array[untyped]#/	V3	-	masgn-from-Array	puts format("%s %s leaves after %dh%02dm, pays $%.2f%s", at, plate, mins / 60, mins % 60, cents / 100.0, number ? "" : " (lost ticket)")
corpus/20-business/parking_garage.rb	(125,88)-(125,89):undefined method: Array[untyped]#%	V3	-	masgn-from-Array	puts format("%s %s leaves after %dh%02dm, pays $%.2f%s", at, plate, mins / 60, mins % 60, cents / 100.0, number ? "" : " (lost ticket)")
corpus/20-business/rental_fleet.rb	(49,15)-(49,16):undefined method: Numeric#*	V2	-	numeric-catchall-overload	base = weeks * 6 * DAILY_RATE.fetch(klass) + [rest, 6].min * DAILY_RATE.fetch(klass)
corpus/20-business/rental_fleet.rb	(49,61)-(49,62):undefined method: Numeric#*	V2	-	numeric-catchall-overload	base = weeks * 6 * DAILY_RATE.fetch(klass) + [rest, 6].min * DAILY_RATE.fetch(klass)
corpus/20-business/rental_fleet.rb	(74,45)-(74,46):undefined method: nil#>	V9	-	lib-nilable-return	next if k != klass && CLASSES.index(k) > start + 1
corpus/20-business/rental_fleet.rb	(74,53)-(74,54):undefined method: nil#+	V9	-	lib-nilable-return	next if k != klass && CLASSES.index(k) > start + 1
corpus/20-business/rental_fleet.rb	(87,58)-(87,59):undefined method: nil#-	V9	-	lib-nilable-return	klass = r.upgraded ? CLASSES[CLASSES.index(car.klass) - 1] : car.klass
corpus/07-trees/interval_bookings.rb	(36,4)-(36,8):undefined method: Array[String]#to_i	V3	-	masgn-from-Array	h.to_i * 60 + m.to_i
corpus/07-trees/interval_bookings.rb	(43,20)-(43,27):undefined method: nil#booking	V7	-	nil?-no-narrow	if b.start < node.booking.start
corpus/07-trees/interval_bookings.rb	(44,9)-(44,13):undefined method: nil#left=	V7	-	nil?-no-narrow	node.left = insert(node.left, b)
corpus/07-trees/interval_bookings.rb	(44,28)-(44,32):undefined method: nil#left	V7	-	nil?-no-narrow	node.left = insert(node.left, b)
corpus/07-trees/interval_bookings.rb	(46,9)-(46,14):undefined method: nil#right=	V7	-	nil?-no-narrow	node.right = insert(node.right, b)
corpus/07-trees/interval_bookings.rb	(46,29)-(46,34):undefined method: nil#right	V7	-	nil?-no-narrow	node.right = insert(node.right, b)
corpus/07-trees/interval_bookings.rb	(48,45)-(48,52):undefined method: nil#max_end	V7	-	nil?-no-narrow	node.max_end = b.finish if b.finish > node.max_end
corpus/07-trees/interval_bookings.rb	(48,7)-(48,14):undefined method: nil#max_end=	V7	-	nil?-no-narrow	node.max_end = b.finish if b.finish > node.max_end
corpus/07-trees/interval_bookings.rb	(55,34)-(55,41):undefined method: nil#max_end	V10	-	user-nil	node = node.left && node.left.max_end > s ? node.left : node.right
corpus/07-trees/interval_bookings.rb	(61,34)-(61,41):undefined method: nil#max_end	V7	-	nil?-no-narrow	return out if node.nil? || node.max_end <= s
corpus/07-trees/interval_bookings.rb	(62,20)-(62,24):undefined method: nil#left	V7	-	nil?-no-narrow	all_overlaps(node.left, s, f, out)
corpus/07-trees/interval_bookings.rb	(63,30)-(63,37):undefined method: nil#booking	V7	-	nil?-no-narrow	out << node.booking if node.booking.overlaps?(s, f)
corpus/07-trees/interval_bookings.rb	(63,14)-(63,21):undefined method: nil#booking	V7	-	nil?-no-narrow	out << node.booking if node.booking.overlaps?(s, f)
corpus/07-trees/interval_bookings.rb	(64,46)-(64,53):undefined method: nil#booking	V7	-	nil?-no-narrow	all_overlaps(node.right, s, f, out) if node.booking.start < f
corpus/07-trees/interval_bookings.rb	(64,20)-(64,25):undefined method: nil#right	V7	-	nil?-no-narrow	all_overlaps(node.right, s, f, out) if node.booking.start < f
corpus/07-trees/interval_bookings.rb	(70,16)-(70,20):undefined method: nil#left	V7	-	nil?-no-narrow	in_order(node.left, out)
corpus/07-trees/interval_bookings.rb	(71,14)-(71,21):undefined method: nil#booking	V7	-	nil?-no-narrow	out << node.booking
corpus/07-trees/interval_bookings.rb	(72,16)-(72,21):undefined method: nil#right	V7	-	nil?-no-narrow	in_order(node.right, out)
corpus/07-trees/ip_route_trie.rb	(34,15)-(34,20):undefined method: Array[String]#split	V3	-	masgn-from-Array	parts = text.split(".")
corpus/07-trees/ip_route_trie.rb	(46,48)-(46,50):wrong type of arguments	V3	-	masgn-from-Array	def mask(len) = len == 0 ? 0 : ((1 << len) - 1) << (32 - len)
corpus/07-trees/ip_route_trie.rb	(46,35)-(46,37):wrong type of arguments	V3	-	masgn-from-Array	def mask(len) = len == 0 ? 0 : ((1 << len) - 1) << (32 - len)
corpus/07-trees/ip_route_trie.rb	(46,55)-(46,56):failed to resolve overloads	V3	-	masgn-from-Array	def mask(len) = len == 0 ? 0 : ((1 << len) - 1) << (32 - len)
corpus/07-trees/ip_route_trie.rb	(57,21)-(57,26):undefined method: Array[String]#split	V3	-	masgn-from-Array	addr, len = cidr.split("/")
corpus/07-trees/ip_route_trie.rb	(64,20)-(64,24):undefined method: nil#zero=	V10	-	user-nil	node.zero ||= BitNode.new
corpus/07-trees/ip_route_trie.rb	(64,20)-(64,24):undefined method: nil#zero	V10	-	user-nil	node.zero ||= BitNode.new
corpus/07-trees/ip_route_trie.rb	(66,20)-(66,23):undefined method: nil#one=	V10	-	user-nil	node.one ||= BitNode.new
corpus/07-trees/ip_route_trie.rb	(66,20)-(66,23):undefined method: nil#one	V10	-	user-nil	node.one ||= BitNode.new
corpus/07-trees/ip_route_trie.rb	(69,15)-(69,20):undefined method: nil#route	V10	-	user-nil	old = node.route
corpus/07-trees/ip_route_trie.rb	(70,34)-(70,40):undefined method: nil#metric	V7	-	nil?-no-narrow	return unless old.nil? || old.metric > metric
corpus/07-trees/ip_route_trie.rb	(72,9)-(72,14):undefined method: nil#route=	V10	-	user-nil	node.route = Route.new(prefix, len, iface, metric)
corpus/07-trees/ip_route_trie.rb	(81,42)-(81,46):undefined method: nil#zero	V10	-	user-nil	node = bit(addr, depth) == 0 ? node.zero : node.one
corpus/07-trees/ip_route_trie.rb	(81,54)-(81,57):undefined method: nil#one	V10	-	user-nil	node = bit(addr, depth) == 0 ? node.zero : node.one
corpus/07-trees/ip_route_trie.rb	(83,18)-(83,23):undefined method: nil#route	V10	-	user-nil	best = node.route if node&.route
corpus/07-trees/ip_route_trie.rb	(94,40)-(94,44):undefined method: nil#zero	V7	-	nil?-no-narrow	node = bit(prefix, i) == 0 ? node.zero : node.one
corpus/07-trees/ip_route_trie.rb	(94,52)-(94,55):undefined method: nil#one	V7	-	nil?-no-narrow	node = bit(prefix, i) == 0 ? node.zero : node.one
corpus/07-trees/ip_route_trie.rb	(97,25)-(97,30):undefined method: nil#route	V7	-	nil?-no-narrow	return false if node.route.nil?
corpus/07-trees/ip_route_trie.rb	(98,9)-(98,14):undefined method: nil#route=	V7	-	nil?-no-narrow	node.route = nil
corpus/07-trees/ip_route_trie.rb	(111,29)-(111,34):undefined method: nil#route	V7	-	nil?-no-narrow	yield node.route if node.route
corpus/07-trees/ip_route_trie.rb	(111,15)-(111,20):undefined method: nil#route	V7	-	nil?-no-narrow	yield node.route if node.route
corpus/07-trees/ip_route_trie.rb	(112,14)-(112,18):undefined method: nil#zero	V7	-	nil?-no-narrow	walk(node.zero, &block)
corpus/07-trees/ip_route_trie.rb	(113,14)-(113,17):undefined method: nil#one	V7	-	nil?-no-narrow	walk(node.one, &block)
corpus/07-trees/ip_route_trie.rb	(116,51)-(116,55):undefined method: nil#zero	V7	-	nil?-no-narrow	def count(node) = node.nil? ? 0 : 1 + count(node.zero) + count(node.one)
corpus/07-trees/ip_route_trie.rb	(116,70)-(116,73):undefined method: nil#one	V7	-	nil?-no-narrow	def count(node) = node.nil? ? 0 : 1 + count(node.zero) + count(node.one)
corpus/07-trees/ip_route_trie.rb	(147,47)-(147,52):undefined method: nil#iface	V10	-	user-nil	puts format("  %-15s -> %-8s (%s/%d)", ip, r.iface, ip_to_s(r.prefix), r.len)
corpus/07-trees/ip_route_trie.rb	(147,64)-(147,70):undefined method: nil#prefix	V10	-	user-nil	puts format("  %-15s -> %-8s (%s/%d)", ip, r.iface, ip_to_s(r.prefix), r.len)
corpus/07-trees/ip_route_trie.rb	(147,75)-(147,78):undefined method: nil#len	V10	-	user-nil	puts format("  %-15s -> %-8s (%s/%d)", ip, r.iface, ip_to_s(r.prefix), r.len)
corpus/07-trees/ip_route_trie.rb	(156,48)-(156,53):undefined method: nil#iface	V7	-	nil?-no-narrow	puts "  #{ip} -> #{r.nil? ? "unreachable" : r.iface}"
corpus/07-trees/kd_tree.rb	(46,11)-(46,16):undefined method: nil#place	V7	-	nil?-no-narrow	p = node.place
corpus/07-trees/kd_tree.rb	(52,34)-(52,35):failed to resolve overloads	V3	-	masgn-from-Array	diff = (node.axis == 0 ? x : y) - p.coord(node.axis)
corpus/07-trees/kd_tree.rb	(52,15)-(52,19):undefined method: nil#axis	V7	-	nil?-no-narrow	diff = (node.axis == 0 ? x : y) - p.coord(node.axis)
corpus/07-trees/kd_tree.rb	(52,49)-(52,53):undefined method: nil#axis	V7	-	nil?-no-narrow	diff = (node.axis == 0 ? x : y) - p.coord(node.axis)
corpus/07-trees/kd_tree.rb	(53,31)-(53,35):undefined method: nil#left	V7	-	nil?-no-narrow	near, far = diff < 0 ? [node.left, node.right] : [node.right, node.left]
corpus/07-trees/kd_tree.rb	(53,42)-(53,47):undefined method: nil#right	V7	-	nil?-no-narrow	near, far = diff < 0 ? [node.left, node.right] : [node.right, node.left]
corpus/07-trees/kd_tree.rb	(53,57)-(53,62):undefined method: nil#right	V7	-	nil?-no-narrow	near, far = diff < 0 ? [node.left, node.right] : [node.right, node.left]
corpus/07-trees/kd_tree.rb	(53,69)-(53,73):undefined method: nil#left	V7	-	nil?-no-narrow	near, far = diff < 0 ? [node.left, node.right] : [node.right, node.left]
corpus/07-trees/kd_tree.rb	(60,11)-(60,16):undefined method: nil#place	V7	-	nil?-no-narrow	p = node.place
corpus/07-trees/kd_tree.rb	(69,34)-(69,35):failed to resolve overloads	V3	-	masgn-from-Array	diff = (node.axis == 0 ? x : y) - p.coord(node.axis)
corpus/07-trees/kd_tree.rb	(69,15)-(69,19):undefined method: nil#axis	V7	-	nil?-no-narrow	diff = (node.axis == 0 ? x : y) - p.coord(node.axis)
corpus/07-trees/kd_tree.rb	(69,49)-(69,53):undefined method: nil#axis	V7	-	nil?-no-narrow	diff = (node.axis == 0 ? x : y) - p.coord(node.axis)
corpus/07-trees/kd_tree.rb	(70,31)-(70,35):undefined method: nil#left	V7	-	nil?-no-narrow	near, far = diff < 0 ? [node.left, node.right] : [node.right, node.left]
corpus/07-trees/kd_tree.rb	(70,42)-(70,47):undefined method: nil#right	V7	-	nil?-no-narrow	near, far = diff < 0 ? [node.left, node.right] : [node.right, node.left]
corpus/07-trees/kd_tree.rb	(70,57)-(70,62):undefined method: nil#right	V7	-	nil?-no-narrow	near, far = diff < 0 ? [node.left, node.right] : [node.right, node.left]
corpus/07-trees/kd_tree.rb	(70,69)-(70,73):undefined method: nil#left	V7	-	nil?-no-narrow	near, far = diff < 0 ? [node.left, node.right] : [node.right, node.left]
corpus/07-trees/kd_tree.rb	(79,11)-(79,16):undefined method: nil#place	V7	-	nil?-no-narrow	p = node.place
corpus/07-trees/kd_tree.rb	(81,19)-(81,23):undefined method: nil#axis	V7	-	nil?-no-narrow	c = p.coord(node.axis)
corpus/07-trees/kd_tree.rb	(82,16)-(82,20):undefined method: nil#axis	V7	-	nil?-no-narrow	lo, hi = node.axis == 0 ? [x0, x1] : [y0, y1]
corpus/07-trees/kd_tree.rb	(83,47)-(83,49):wrong type of arguments	V3	-	masgn-from-Array	in_box(node.left, x0, y0, x1, y1, out) if lo <= c
corpus/07-trees/kd_tree.rb	(83,14)-(83,18):undefined method: nil#left	V7	-	nil?-no-narrow	in_box(node.left, x0, y0, x1, y1, out) if lo <= c
corpus/07-trees/kd_tree.rb	(84,48)-(84,50):wrong type of arguments	V3	-	masgn-from-Array	in_box(node.right, x0, y0, x1, y1, out) if hi >= c
corpus/07-trees/kd_tree.rb	(84,14)-(84,19):undefined method: nil#right	V7	-	nil?-no-narrow	in_box(node.right, x0, y0, x1, y1, out) if hi >= c
corpus/07-trees/kd_tree.rb	(88,52)-(88,56):undefined method: nil#left	V7	-	nil?-no-narrow	def height(node) = node.nil? ? 0 : 1 + [height(node.left), height(node.right)].max
corpus/07-trees/kd_tree.rb	(88,71)-(88,76):undefined method: nil#right	V7	-	nil?-no-narrow	def height(node) = node.nil? ? 0 : 1 + [height(node.left), height(node.right)].max
corpus/07-trees/kd_tree.rb	(115,70)-(115,75):undefined method: nil#place	V10	-	user-nil	puts "#{places.size} places, tree height #{height(tree)}, root #{tree.place.name}"
corpus/07-trees/kd_tree.rb	(122,15)-(122,19):undefined method: nil#name	V10	-	user-nil	ok = st.best.name == brute.name ? "agrees" : "DIFFERS"
corpus/07-trees/kd_tree.rb	(122,29)-(122,33):undefined method: nil#name	V9	-	lib-nilable-return	ok = st.best.name == brute.name ? "agrees" : "DIFFERS"
corpus/07-trees/kd_tree.rb	(124,28)-(124,32):undefined method: nil#name	V10	-	user-nil	name, st.best.name, Math.sqrt(st.best_d2), st.visited, places.size, ok)
corpus/07-trees/kd_tree.rb	(124,39)-(124,43):wrong type of arguments	V1	-	interface-nominal	name, st.best.name, Math.sqrt(st.best_d2), st.visited, places.size, ok)
corpus/07-trees/kd_tree.rb	(129,43)-(129,47):wrong type of arguments	V3	-	masgn-from-Array	puts format("  %-10s %.2f", p.name, Math.sqrt(d2))
corpus/07-trees/lazy_seat_inventory.rb	(28,36)-(28,37):undefined method: nil#<	V10	-	user-nil	(from..to).find { |d| min(d, d) < need }
corpus/07-trees/lazy_seat_inventory.rb	(107,13)-(107,14):undefined method: nil#<	V10	-	user-nil	if avail < count
corpus/01-text/template_render.rb	(27,29)-(27,34):wrong type of arguments	V11	-	empty-arg	when "pad" then value.to_s.ljust(arg.to_i)
corpus/01-text/template_render.rb	(34,7)-(34,12):undefined method: Array[untyped]#split	V3	-	masgn-from-Array	path.split(".").reduce(context) do |value, key|
corpus/01-text/text_box.rb	(56,52)-(56,53):wrong type of arguments	V11	-	empty-arg	inner = title.size + 2 if title && title.size + 2 > inner
corpus/01-text/text_box.rb	(92,33)-(92,37):wrong type of arguments	V11	-	empty-arg	side_by_side(a, b, 3).each { |l| puts l }
corpus/01-text/text_stats.rb	(16,23)-(16,31):undefined method: nil#downcase	V9	-	lib-nilable-return	def words(text) = text.downcase.scan(/[a-z']+/)
corpus/01-text/text_stats.rb	(19,11)-(19,14):undefined method: Array[String?]#sub	V9	-	lib-nilable-return	w = word.sub(/e\z/, "")
corpus/01-text/text_stats.rb	(25,55)-(25,56):failed to resolve overloads	V11	-	empty-arg	206.835 - 1.015 * (word_count.to_f / sentence_count) - 84.6 * (syllable_count.to_f / word_count)
corpus/01-text/text_stats.rb	(25,62)-(25,63):failed to resolve overloads	V11	-	empty-arg	206.835 - 1.015 * (word_count.to_f / sentence_count) - 84.6 * (syllable_count.to_f / word_count)
corpus/01-text/text_stats.rb	(66,43)-(66,48):undefined method: Array[String?]#ljust	V9	-	lib-nilable-return	top_words(ws, 6).each { |w, c| puts "  #{w.ljust(10)} #{c}" }
corpus/01-text/whitespace_tidy.rb	(23,25)-(23,29):undefined method: nil#size	V9	-	lib-nilable-return	def leading(line) = line.size - line.lstrip.size
corpus/01-text/whitespace_tidy.rb	(23,37)-(23,43):undefined method: nil#lstrip	V9	-	lib-nilable-return	def leading(line) = line.size - line.lstrip.size
corpus/01-text/whitespace_tidy.rb	(25,24)-(25,29):undefined method: nil#strip	V9	-	lib-nilable-return	def blank?(line) = line.strip.empty?
corpus/01-text/whitespace_tidy.rb	(42,51)-(42,54):undefined method: nil#[]	V9	-	lib-nilable-return	steps.max_by { |step, count| count * 100 - step }[0]
corpus/01-text/whitespace_tidy.rb	(49,17)-(49,18):undefined method: Numeric#*	V2	-	numeric-catchall-overload	" " * (level * to_unit + extra) + l.lstrip
corpus/01-text/whitespace_tidy.rb	(49,40)-(49,46):undefined method: nil#lstrip	V9	-	lib-nilable-return	" " * (level * to_unit + extra) + l.lstrip
corpus/01-text/whitespace_tidy.rb	(56,14)-(56,20):undefined method: nil#empty?	V9	-	lib-nilable-return	next if l.empty? && (out.empty? || out.last == "")
corpus/01-text/word_wrap.rb	(32,34)-(32,40):undefined method: nil#lstrip	V9	-	lib-nilable-return	body = bullet ? stripped[2..].lstrip : stripped
corpus/01-text/word_wrap.rb	(37,12)-(37,17):undefined method: nil#words	V7	-	nil?-no-narrow	current.words.concat(body.split(" "))
corpus/01-text/word_wrap.rb	(45,13)-(45,17):undefined method: nil#size	V9	-	lib-nilable-return	while rest.size > width
corpus/01-text/word_wrap.rb	(46,18)-(46,29):undefined method: nil#[]	V9	-	lib-nilable-return	pieces << rest[0...width]
corpus/01-text/word_wrap.rb	(47,15)-(47,24):undefined method: nil#[]	V9	-	lib-nilable-return	rest = rest[width..]
corpus/01-text/word_wrap.rb	(49,29)-(49,35):undefined method: nil#empty?	V9	-	lib-nilable-return	pieces << rest unless rest.empty?
corpus/01-text/word_wrap.rb	(58,14)-(58,20):undefined method: nil#empty?	V9	-	lib-nilable-return	if line.empty?
corpus/01-text/word_wrap.rb	(60,17)-(60,21):undefined method: nil#size	V9	-	lib-nilable-return	elsif line.size + 1 + piece.size <= width
corpus/01-text/word_wrap.rb	(60,34)-(60,38):undefined method: nil#size	V9	-	lib-nilable-return	elsif line.size + 1 + piece.size <= width
corpus/01-text/word_wrap.rb	(61,20)-(61,21):undefined method: nil#+	V9	-	lib-nilable-return	line = line + " " + piece
corpus/01-text/word_wrap.rb	(68,28)-(68,34):undefined method: nil#empty?	V9	-	lib-nilable-return	lines << line unless line.empty?
corpus/15-data/fulfillment_report.rb	(122,15)-(122,20):undefined method: nil#price	residual	-	unclassified	amount = p.price * l.qty
corpus/15-data/fulfillment_report.rb	(124,16)-(124,24):undefined method: nil#weight_g	residual	-	unclassified	weight += p.weight_g * l.qty
corpus/15-data/fulfillment_report.rb	(125,21)-(125,29):undefined method: nil#category	residual	-	unclassified	revenue_by_cat[p.category] += amount
corpus/15-data/fulfillment_report.rb	(125,21)-(125,29):undefined method: nil#category	residual	-	unclassified	revenue_by_cat[p.category] += amount
corpus/15-data/fulfillment_report.rb	(154,59)-(154,60):failed to resolve overloads	V11	-	empty-arg	puts format("  %-10s %10s %5.1f%%", c, yen(v), v * 100.0 / cat_total)
corpus/15-data/fx_conversion.rb	(51,28)-(51,30):undefined method: Array[String]#<=	V3	-	masgn-from-Array	rates.keys.select { |d| d <= date }.sort.reverse.each do |d|
corpus/15-data/fx_conversion.rb	(67,28)-(67,29):undefined method: nil#*	V9	-	lib-nilable-return	converted << [t, amount * rate, rate]
corpus/15-data/fx_conversion.rb	(90,52)-(90,53):failed to resolve overloads	residual	nested-destructure-param	nested-destructure-param	exact = converted.reduce(0r) { |acc, (t, v, r)| acc + v }
corpus/15-data/grade_book.rb	(67,7)-(67,11):wrong type of arguments	V11	-	empty-arg	Math.sqrt(xs.sum { |x| (x - m) ** 2 } / xs.size)
corpus/15-data/grade_book.rb	(67,28)-(67,29):failed to resolve overloads	V11	-	empty-arg	Math.sqrt(xs.sum { |x| (x - m) ** 2 } / xs.size)
corpus/15-data/grade_book.rb	(76,35)-(76,40):undefined method: nil#round	residual	nested-destructure-param	nested-destructure-param	rank = i + 1 if prev.nil? || s.round(1) != prev.round(1)
corpus/15-data/grade_book.rb	(76,52)-(76,57):undefined method: nil#round	V7	-	nil?-no-narrow	rank = i + 1 if prev.nil? || s.round(1) != prev.round(1)
corpus/08-graphs/critical_path.rb	(33,23)-(33,28):undefined method: nil#split	V9	-	lib-nilable-return	deps = m[4] ? m[4].split(",") : []
corpus/08-graphs/critical_path.rb	(97,30)-(97,35):undefined method: nil#title	V9	-	lib-nilable-return	puts "most flexible: #{flex.title} (#{flex.slack} days)"
corpus/08-graphs/critical_path.rb	(97,45)-(97,50):undefined method: nil#slack	V9	-	lib-nilable-return	puts "most flexible: #{flex.title} (#{flex.slack} days)"
corpus/08-graphs/currency_paths.rb	(37,25)-(37,26):undefined method: nil#*	V9	-	lib-nilable-return	stack << [nb, rate * r, path + [nb]]
corpus/08-graphs/currency_paths.rb	(48,20)-(48,21):undefined method: nil#<	V9	-	lib-nilable-return	next unless a < b
corpus/08-graphs/currency_paths.rb	(50,22)-(50,23):undefined method: nil#<	V9	-	lib-nilable-return	next unless b < c
corpus/08-graphs/currency_paths.rb	(53,32)-(53,33):undefined method: nil#*	V9	-	lib-nilable-return	loop_rate = r_ab * r_bc * r_ca
corpus/08-graphs/currency_paths.rb	(53,25)-(53,26):undefined method: nil#*	V9	-	lib-nilable-return	loop_rate = r_ab * r_bc * r_ca
corpus/08-graphs/dot_stats.rb	(40,11)-(40,14):undefined method: nil#[]	V8	-	assign-in-cond-no-narrow	w = m[3] ? m[3].to_i : 1
corpus/08-graphs/dot_stats.rb	(40,18)-(40,21):undefined method: nil#[]	V8	-	assign-in-cond-no-narrow	w = m[3] ? m[3].to_i : 1
corpus/08-graphs/dot_stats.rb	(41,26)-(41,29):undefined method: nil#[]	V8	-	assign-in-cond-no-narrow	g.edges << { from: m[1], to: m[2], weight: w }
corpus/08-graphs/dot_stats.rb	(41,36)-(41,39):undefined method: nil#[]	V8	-	assign-in-cond-no-narrow	g.edges << { from: m[1], to: m[2], weight: w }
corpus/08-graphs/dot_stats.rb	(42,18)-(42,21):undefined method: nil#[]	V8	-	assign-in-cond-no-narrow	g.add_node(m[1])
corpus/08-graphs/dot_stats.rb	(43,18)-(43,21):undefined method: nil#[]	V8	-	assign-in-cond-no-narrow	g.add_node(m[2])
corpus/08-graphs/dot_stats.rb	(45,18)-(45,21):undefined method: nil#[]	V8	-	assign-in-cond-no-narrow	g.add_node(m[1])
corpus/08-graphs/dot_stats.rb	(71,40)-(71,41):undefined method: nil#<	residual	nested-destructure-param	nested-destructure-param	mutual: pairs.count { |(a, b), c| a < b && pairs.key?([b, a]) },
corpus/20-business/expense_tracker.rb	(99,66)-(99,71):undefined method: nil#rjust	V9	-	lib-nilable-return	def row(label, cells) = format("%-9s", label) + cells.map { |c| c.rjust(10) }.join
corpus/20-business/expense_tracker.rb	(134,12)-(134,13):undefined method: nil#-	V9	-	lib-nilable-return	kind = hi - lo < 0.01 ? "fixed" : format("varies %.2f-%.2f", lo, hi)
corpus/20-business/expense_tracker.rb	(141,27)-(141,28):undefined method: nil#<	V7	-	nil?-no-narrow	txns.select { |t| t.amount < 0 }.each { |t| puts format("Refund %s %s %.2f", t.date, t.merchant, t.amount) }
corpus/20-business/expense_tracker.rb	(143,43)-(143,47):undefined method: nil#date	V9	-	lib-nilable-return	puts format("Largest: %s %s %.2f", biggest.date, biggest.merchant, biggest.amount)
corpus/20-business/expense_tracker.rb	(143,57)-(143,65):undefined method: nil#merchant	V9	-	lib-nilable-return	puts format("Largest: %s %s %.2f", biggest.date, biggest.merchant, biggest.amount)
corpus/20-business/expense_tracker.rb	(143,75)-(143,81):undefined method: nil#amount	V9	-	lib-nilable-return	puts format("Largest: %s %s %.2f", biggest.date, biggest.merchant, biggest.amount)
corpus/20-business/gym_membership.rb	(54,21)-(54,25):undefined method: Array[String]#to_i	V3	-	masgn-from-Array	m.check_in(day_s.to_i)
corpus/20-business/gym_membership.rb	(65,22)-(65,23):failed to resolve overloads	V3	-	masgn-from-Array	idle = last ? today - last : today
corpus/20-business/gym_membership.rb	(66,70)-(66,71):undefined method: nil#*	residual	block-param-shadow	block-param-shadow	per_visit = m.visits.empty? ? "-" : format("%.2f", plan_fee(m.plan) * 1.0 / m.visits.size)
corpus/20-business/inventory_reorder.rb	(61,7)-(61,11):wrong type of arguments	V11	-	empty-arg	Math.sqrt(xs.map { |x| (x - m)**2 }.sum / (xs.size - 1))
corpus/20-business/inventory_reorder.rb	(61,28)-(61,29):failed to resolve overloads	V11	-	empty-arg	Math.sqrt(xs.map { |x| (x - m)**2 }.sum / (xs.size - 1))
corpus/20-business/inventory_reorder.rb	(113,46)-(113,50):wrong type of arguments	V1	-	interface-nominal	safety = (SERVICE_Z * stdev(history) * Math.sqrt(lead)).ceil
corpus/20-business/inventory_reorder.rb	(117,13)-(117,17):wrong type of arguments	V11	-	empty-arg	eoq = Math.sqrt(2 * annual * ORDER_COST / holding).round
corpus/20-business/inventory_reorder.rb	(117,20)-(117,21):failed to resolve overloads	V11	-	empty-arg	eoq = Math.sqrt(2 * annual * ORDER_COST / holding).round
corpus/20-business/inventory_reorder.rb	(120,15)-(120,16):wrong type of arguments	V11	-	empty-arg	next if have > rop
corpus/19-statemachines/dfa_minimize.rb	(16,9)-(16,18):undefined method: Array[Array[untyped] | String]#each_char	V11	-	empty-arg	word.each_char { |c| s = step(s, c) }
corpus/19-statemachines/dfa_minimize.rb	(72,60)-(72,61):wrong type of arguments	V11	-	empty-arg	frontier = frontier.flat_map { |w| alphabet.map { |c| w + c } }
corpus/19-statemachines/elevator.rb	(33,16)-(33,17):undefined method: nil#>	V9	-	lib-nilable-return	nearest > @floor ? :up : :down
corpus/19-statemachines/elevator.rb	(107,52)-(107,54):wrong type of arguments	residual	nested-destructure-param	nested-destructure-param	served = e.served.find { |st, f| f == floor && st >= at }
corpus/19-statemachines/elevator.rb	(109,67)-(109,68):failed to resolve overloads	residual	nested-destructure-param	nested-destructure-param	puts format("  %-4s floor %d waited %d", who, floor, served[0] - at)
corpus/19-statemachines/enemy_ai.rb	(9,28)-(9,29):undefined method: nil#+	residual	-	unclassified	def +(other) = Vec.new(@x + other.x, @y + other.y)
corpus/19-statemachines/enemy_ai.rb	(9,42)-(9,43):undefined method: nil#+	residual	-	unclassified	def +(other) = Vec.new(@x + other.x, @y + other.y)
corpus/19-statemachines/enemy_ai.rb	(10,28)-(10,29):undefined method: nil#-	residual	-	unclassified	def -(other) = Vec.new(@x - other.x, @y - other.y)
corpus/19-statemachines/enemy_ai.rb	(10,42)-(10,43):undefined method: nil#-	residual	-	unclassified	def -(other) = Vec.new(@x - other.x, @y - other.y)
corpus/19-statemachines/enemy_ai.rb	(12,21)-(12,24):undefined method: nil#abs	residual	-	unclassified	def manhattan = @x.abs + @y.abs
corpus/19-statemachines/enemy_ai.rb	(12,30)-(12,33):undefined method: nil#abs	residual	-	nil-cascade-other	def manhattan = @x.abs + @y.abs
corpus/19-statemachines/enemy_ai.rb	(13,24)-(13,29):undefined method: nil#clamp	residual	-	unclassified	def sign = Vec.new(@x.clamp(-1, 1), @y.clamp(-1, 1))
corpus/19-statemachines/enemy_ai.rb	(13,41)-(13,46):undefined method: nil#clamp	residual	-	unclassified	def sign = Vec.new(@x.clamp(-1, 1), @y.clamp(-1, 1))
corpus/19-statemachines/event_sourcing.rb	(84,12)-(84,19):undefined method: Transferred#account	residual	case-in-no-narrow	case-in-no-narrow	id = ev.account
corpus/19-statemachines/event_sourcing.rb	(86,35)-(86,40):undefined method: Deposited#owner	residual	case-in-no-narrow	case-in-no-narrow	state[id] = Account.new(id, ev.owner, 0, :open)
corpus/19-statemachines/event_sourcing.rb	(86,35)-(86,40):undefined method: Withdrawn#owner	residual	case-in-no-narrow	case-in-no-narrow	state[id] = Account.new(id, ev.owner, 0, :open)
corpus/19-statemachines/event_sourcing.rb	(86,35)-(86,40):undefined method: Transferred#owner	residual	case-in-no-narrow	case-in-no-narrow	state[id] = Account.new(id, ev.owner, 0, :open)
corpus/19-statemachines/event_sourcing.rb	(86,35)-(86,40):... and other 1 errors	residual	case-in-no-narrow	case-in-no-narrow	state[id] = Account.new(id, ev.owner, 0, :open)
corpus/19-statemachines/event_sourcing.rb	(88,34)-(88,41):undefined method: Transferred#account	residual	case-in-no-narrow	case-in-no-narrow	acct = open_account(state, ev.account, seq)
corpus/19-statemachines/event_sourcing.rb	(89,23)-(89,29):undefined method: Opened#amount	residual	case-in-no-narrow	case-in-no-narrow	acct.balance += ev.amount
corpus/19-statemachines/event_sourcing.rb	(89,23)-(89,29):undefined method: Closed#amount	residual	case-in-no-narrow	case-in-no-narrow	acct.balance += ev.amount
corpus/19-statemachines/event_sourcing.rb	(91,34)-(91,41):undefined method: Transferred#account	residual	case-in-no-narrow	case-in-no-narrow	acct = open_account(state, ev.account, seq)
corpus/19-statemachines/event_sourcing.rb	(92,85)-(92,91):undefined method: Opened#amount	residual	case-in-no-narrow	case-in-no-narrow	raise Rejected.new("insufficient funds in #{acct.id}", seq) if acct.balance < ev.amount
corpus/19-statemachines/event_sourcing.rb	(92,85)-(92,91):undefined method: Closed#amount	residual	case-in-no-narrow	case-in-no-narrow	raise Rejected.new("insufficient funds in #{acct.id}", seq) if acct.balance < ev.amount
corpus/19-statemachines/event_sourcing.rb	(93,23)-(93,29):undefined method: Opened#amount	residual	case-in-no-narrow	case-in-no-narrow	acct.balance -= ev.amount
corpus/19-statemachines/event_sourcing.rb	(93,23)-(93,29):undefined method: Closed#amount	residual	case-in-no-narrow	case-in-no-narrow	acct.balance -= ev.amount
corpus/19-statemachines/event_sourcing.rb	(95,33)-(95,37):undefined method: Opened#from	residual	case-in-no-narrow	case-in-no-narrow	src = open_account(state, ev.from, seq)
corpus/19-statemachines/event_sourcing.rb	(95,33)-(95,37):undefined method: Deposited#from	residual	case-in-no-narrow	case-in-no-narrow	src = open_account(state, ev.from, seq)
corpus/19-statemachines/event_sourcing.rb	(95,33)-(95,37):undefined method: Withdrawn#from	residual	case-in-no-narrow	case-in-no-narrow	src = open_account(state, ev.from, seq)
corpus/19-statemachines/event_sourcing.rb	(95,33)-(95,37):... and other 1 errors	residual	case-in-no-narrow	case-in-no-narrow	src = open_account(state, ev.from, seq)
corpus/19-statemachines/event_sourcing.rb	(96,33)-(96,35):undefined method: Opened#to	residual	case-in-no-narrow	case-in-no-narrow	dst = open_account(state, ev.to, seq)
corpus/19-statemachines/event_sourcing.rb	(96,33)-(96,35):undefined method: Deposited#to	residual	case-in-no-narrow	case-in-no-narrow	dst = open_account(state, ev.to, seq)
corpus/19-statemachines/event_sourcing.rb	(96,33)-(96,35):undefined method: Withdrawn#to	residual	case-in-no-narrow	case-in-no-narrow	dst = open_account(state, ev.to, seq)
corpus/19-statemachines/event_sourcing.rb	(96,33)-(96,35):... and other 1 errors	residual	case-in-no-narrow	case-in-no-narrow	dst = open_account(state, ev.to, seq)
corpus/19-statemachines/event_sourcing.rb	(97,83)-(97,89):undefined method: Opened#amount	residual	case-in-no-narrow	case-in-no-narrow	raise Rejected.new("insufficient funds in #{src.id}", seq) if src.balance < ev.amount
corpus/19-statemachines/event_sourcing.rb	(97,83)-(97,89):undefined method: Closed#amount	residual	case-in-no-narrow	case-in-no-narrow	raise Rejected.new("insufficient funds in #{src.id}", seq) if src.balance < ev.amount
corpus/19-statemachines/event_sourcing.rb	(98,22)-(98,28):undefined method: Opened#amount	residual	case-in-no-narrow	case-in-no-narrow	src.balance -= ev.amount
corpus/19-statemachines/event_sourcing.rb	(98,22)-(98,28):undefined method: Closed#amount	residual	case-in-no-narrow	case-in-no-narrow	src.balance -= ev.amount
corpus/19-statemachines/event_sourcing.rb	(99,22)-(99,28):undefined method: Opened#amount	residual	case-in-no-narrow	case-in-no-narrow	dst.balance += ev.amount
corpus/19-statemachines/event_sourcing.rb	(99,22)-(99,28):undefined method: Closed#amount	residual	case-in-no-narrow	case-in-no-narrow	dst.balance += ev.amount
corpus/19-statemachines/event_sourcing.rb	(101,34)-(101,41):undefined method: Transferred#account	residual	case-in-no-narrow	case-in-no-narrow	acct = open_account(state, ev.account, seq)
corpus/10-grids/battleship.rb	(35,16)-(35,17):failed to resolve overloads	V5	-	module_function	"#{("A".ord + r).chr}#{c + 1}"
corpus/10-grids/battleship.rb	(65,17)-(65,22):undefined method: singleton(Coord)#parse	V5	module_function	module_function	r, c = Coord.parse(start, @size)
corpus/10-grids/battleship.rb	(70,62)-(70,66):wrong type of arguments	V5	-	module_function	raise PlacementError.new("runs off the board at #{Coord.name(cell)}", name) if cr >= @size || cc >= @size
corpus/10-grids/battleship.rb	(72,66)-(72,70):wrong type of arguments	V5	-	module_function	raise PlacementError.new("overlaps #{clash.name} at #{Coord.name(cell)}", name) if clash
corpus/10-grids/battleship.rb	(78,16)-(78,21):undefined method: singleton(Coord)#parse	V5	module_function	module_function	pos = Coord.parse(text, @size)
corpus/10-grids/battleship.rb	(133,0)-(133,4):wrong type of arguments	V1	-	interface-nominal	puts ocean
corpus/10-grids/battleship.rb	(142,33)-(142,38):undefined method: singleton(Coord)#parse	V5	module_function	module_function	sunk = ocean.ship_at(Coord.parse(shot, ocean.size))
corpus/10-grids/battleship.rb	(156,0)-(156,4):wrong type of arguments	V1	-	interface-nominal	puts ocean
corpus/10-grids/chess_attacks.rb	(44,39)-(44,40):failed to resolve overloads	residual	nested-destructure-param	nested-destructure-param	def square_name((rank, file)) = "#{(97 + file).chr}#{rank + 1}"
corpus/10-grids/chess_attacks.rb	(44,58)-(44,59):undefined method: nil#+	residual	nested-destructure-param	nested-destructure-param	def square_name((rank, file)) = "#{(97 + file).chr}#{rank + 1}"
corpus/10-grids/chess_attacks.rb	(120,13)-(120,14):undefined method: Piece#+	residual	-	shared-field-union	r = kr + dr
corpus/10-grids/chess_attacks.rb	(125,51)-(125,52):undefined method: Piece#+	residual	-	unclassified	names = escapes.map { |dr, df| square_name([kr + dr, kf + df]) }
corpus/10-grids/connect_four.rb	(27,51)-(27,52):undefined method: nil#<	V9	-	lib-nilable-return	raise ArgumentError, "no column #{col}" if col < 0 || col >= COLS
corpus/10-grids/connect_four.rb	(27,62)-(27,64):undefined method: nil#>=	V9	-	lib-nilable-return	raise ArgumentError, "no column #{col}" if col < 0 || col >= COLS
corpus/10-grids/connect_four.rb	(38,11)-(38,12):undefined method: nil#+	residual	-	unclassified	rr = r + dr
corpus/10-grids/connect_four.rb	(39,11)-(39,12):undefined method: nil#+	V9	-	lib-nilable-return	cc = c + dc
corpus/10-grids/connect_four.rb	(109,2)-(109,6):wrong type of arguments	V1	-	interface-nominal	puts b
corpus/10-grids/crossword.rb	(128,0)-(128,4):wrong type of arguments	V1	-	interface-nominal	puts cw
corpus/10-grids/falling_sand.rb	(66,2)-(66,6):wrong type of arguments	V1	-	interface-nominal	puts w
corpus/10-grids/falling_sand.rb	(76,6)-(76,10):wrong type of arguments	V1	-	interface-nominal	puts w
corpus/10-grids/falling_sand.rb	(80,2)-(80,6):wrong type of arguments	V1	-	interface-nominal	puts w
corpus/11-simulation/inventory_reorder.rb	(63,10)-(63,17):undefined method: nil#on_hand=	V9	-	lib-nilable-return	itm.on_hand += po.qty
corpus/11-simulation/inventory_reorder.rb	(63,10)-(63,17):undefined method: nil#on_hand	V9	-	lib-nilable-return	itm.on_hand += po.qty
corpus/11-simulation/inventory_reorder.rb	(64,52)-(64,56):undefined method: nil#name	V9	-	lib-nilable-return	@log << "day #{day}: received #{po.qty} #{itm.name}"
corpus/11-simulation/inventory_reorder.rb	(74,17)-(74,24):undefined method: nil#on_hand	V9	-	lib-nilable-return	have = itm.on_hand
corpus/11-simulation/inventory_reorder.rb	(77,10)-(77,17):undefined method: nil#on_hand=	V9	-	lib-nilable-return	itm.on_hand = have - give
corpus/11-simulation/inventory_reorder.rb	(79,35)-(79,44):undefined method: nil#unit_cost	V9	-	lib-nilable-return	@revenue += give * price(itm.unit_cost)
corpus/11-simulation/inventory_reorder.rb	(80,67)-(80,71):undefined method: nil#name	V9	-	lib-nilable-return	@log << "day #{day}: backorder #{bo.customer} +#{give} #{itm.name}"
corpus/11-simulation/inventory_reorder.rb	(91,15)-(91,22):undefined method: nil#on_hand	V7	-	nil?-no-narrow	have = itm.on_hand
corpus/11-simulation/inventory_reorder.rb	(93,8)-(93,15):undefined method: nil#on_hand=	V7	-	nil?-no-narrow	itm.on_hand = have - sold
corpus/11-simulation/inventory_reorder.rb	(94,33)-(94,42):undefined method: nil#unit_cost	V7	-	nil?-no-narrow	@revenue += sold * price(itm.unit_cost)
corpus/11-simulation/inventory_reorder.rb	(101,54)-(101,58):undefined method: nil#name	V7	-	nil?-no-narrow	@log << "day #{day}: lost sale #{short} #{itm.name} to #{customer}"
corpus/11-simulation/inventory_reorder.rb	(108,29)-(108,30):failed to resolve overloads	V11	-	empty-arg	position = itm.on_hand + on_order(itm.sku)
corpus/11-simulation/library_loans.rb	(78,80)-(78,81):undefined method: nil#+	V9	-	lib-nilable-return	note(day, "#{m.name} placed hold on #{t.name} (position #{holds.index(id) + 1})")
corpus/11-simulation/library_loans.rb	(94,31)-(94,39):undefined method: nil#renewals	V7	-	nil?-no-narrow	if !t.holds.empty? || loan.renewals >= 2
corpus/11-simulation/library_loans.rb	(97,11)-(97,19):undefined method: nil#renewals=	V7	-	nil?-no-narrow	loan.renewals += 1
corpus/11-simulation/library_loans.rb	(97,11)-(97,19):undefined method: nil#renewals	V7	-	nil?-no-narrow	loan.renewals += 1
corpus/11-simulation/library_loans.rb	(98,11)-(98,18):undefined method: nil#due_day=	V7	-	nil?-no-narrow	loan.due_day += 7
corpus/11-simulation/library_loans.rb	(98,11)-(98,18):undefined method: nil#due_day	V7	-	nil?-no-narrow	loan.due_day += 7
corpus/11-simulation/library_loans.rb	(99,56)-(99,63):undefined method: nil#due_day	V7	-	nil?-no-narrow	note(day, "#{m.name} renewed #{t.name} to d#{loan.due_day}")
corpus/11-simulation/life_torus.rb	(49,43)-(49,44):undefined method: Numeric#*	V2	-	numeric-catchall-overload	cells = @alive.to_a.sort_by { |x, y| y * @width + x }
corpus/11-simulation/order_book.rb	(45,48)-(45,49):undefined method: nil#>	V10	-	user-nil	def better?(side, p1, p2) = side == :buy ? p1 > p2 : p1 < p2
corpus/11-simulation/order_book.rb	(45,58)-(45,59):undefined method: nil#<	V10	-	user-nil	def better?(side, p1, p2) = side == :buy ? p1 > p2 : p1 < p2
corpus/11-simulation/order_book.rb	(59,29)-(59,31):undefined method: nil#>=	V10	-	user-nil	o.side == :buy ? o.price >= best.price : o.price <= best.price
corpus/11-simulation/order_book.rb	(59,53)-(59,55):undefined method: nil#<=	V10	-	user-nil	o.side == :buy ? o.price >= best.price : o.price <= best.price
corpus/11-simulation/order_book.rb	(107,14)-(107,15):undefined method: nil#-	V10	-	user-nil	ask.price - bid.price
corpus/11-simulation/order_book.rb	(111,57)-(111,58):undefined method: nil#/	V7	-	nil?-no-narrow	def show_price(p) = p.nil? ? "MKT" : format("%d.%02d", p / 100, p % 100)
corpus/11-simulation/order_book.rb	(111,66)-(111,67):undefined method: nil#%	V7	-	nil?-no-narrow	def show_price(p) = p.nil? ? "MKT" : format("%d.%02d", p / 100, p % 100)
corpus/07-trees/dom_tree.rb	(34,6)-(34,10):undefined method: nil#scan	V9	-	lib-nilable-return	src.scan(/([a-z-]+)="([^"]*)"/).to_h
corpus/07-trees/dom_tree.rb	(44,25)-(44,30):undefined method: nil#strip	V9	-	lib-nilable-return	text = html[pos..].strip
corpus/07-trees/dom_tree.rb	(45,14)-(45,22):undefined method: nil#children	V10	-	user-nil	current.children << Text.new(text) unless text.empty?
corpus/07-trees/dom_tree.rb	(48,15)-(48,24):undefined method: nil#pre_match	V9	-	lib-nilable-return	before = m.pre_match.strip
corpus/07-trees/dom_tree.rb	(49,12)-(49,20):undefined method: nil#children	V10	-	user-nil	current.children << Text.new(before) unless before.empty?
corpus/07-trees/dom_tree.rb	(50,11)-(50,14):undefined method: nil#[]	V9	-	lib-nilable-return	tag = m[2]
corpus/07-trees/dom_tree.rb	(51,8)-(51,11):undefined method: nil#[]	V9	-	lib-nilable-return	if m[1] == "/"
corpus/07-trees/dom_tree.rb	(52,17)-(52,20):undefined method: nil#tag	V10	-	user-nil	if current.tag != tag
corpus/07-trees/dom_tree.rb	(53,67)-(53,70):undefined method: nil#tag	V10	-	user-nil	raise MarkupError.new("</#{tag}> does not close <#{current.tag}>", pos + m.begin(0))
corpus/07-trees/dom_tree.rb	(53,83)-(53,88):undefined method: nil#begin	V9	-	lib-nilable-return	raise MarkupError.new("</#{tag}> does not close <#{current.tag}>", pos + m.begin(0))
corpus/07-trees/dom_tree.rb	(55,24)-(55,30):undefined method: nil#parent	V10	-	user-nil	current = current.parent
corpus/07-trees/dom_tree.rb	(57,41)-(57,44):undefined method: nil#[]	V9	-	lib-nilable-return	el = Element.new(tag, parse_attrs(m[3]), [], current)
corpus/07-trees/dom_tree.rb	(58,14)-(58,22):undefined method: nil#children	V10	-	user-nil	current.children << el
corpus/07-trees/dom_tree.rb	(59,49)-(59,58):undefined method: nil#end_with?	V9	-	lib-nilable-return	current = el unless void_tag?(tag) || m[3].end_with?("/")
corpus/07-trees/dom_tree.rb	(59,45)-(59,48):undefined method: nil#[]	V9	-	lib-nilable-return	current = el unless void_tag?(tag) || m[3].end_with?("/")
corpus/07-trees/dom_tree.rb	(61,13)-(61,16):undefined method: nil#end	V9	-	lib-nilable-return	pos += m.end(0)
corpus/07-trees/dom_tree.rb	(63,45)-(63,48):undefined method: nil#tag	V10	-	user-nil	raise MarkupError.new("unclosed <#{current.tag}>", html.size) if current != root
corpus/07-trees/dom_tree.rb	(73,13)-(73,18):undefined method: Array[String]#match	V3	-	masgn-from-Array	m = simple.match(/\A([a-z0-9]*)(?:\.([a-z-]+))?(?:#([a-z-]+))?\z/)
corpus/07-trees/dom_tree.rb	(75,21)-(75,29):undefined method: nil#captures	V7	-	nil?-no-narrow	tag, klass, id = m.captures
corpus/07-trees/dom_tree.rb	(107,17)-(107,23):undefined method: nil#parent	V10	-	user-nil	p = anchor.parent
corpus/07-trees/dom_tree.rb	(108,12)-(108,18):undefined method: nil#parent	V10	-	user-nil	p = p.parent while p && !matches?(p, part)
corpus/07-trees/expression_tree.rb	(109,12)-(109,18):undefined method: Array[String?]#match?	V9	-	lib-nilable-return	elsif t.match?(/\A\d/)
corpus/07-trees/expression_tree.rb	(110,34)-(110,38):undefined method: Array[String?]#to_f	V9	-	lib-nilable-return	t.include?(".") ? Num.new(t.to_f) : Num.new(t.to_i)
corpus/07-trees/expression_tree.rb	(110,52)-(110,56):undefined method: Array[String?]#to_i	V9	-	lib-nilable-return	t.include?(".") ? Num.new(t.to_f) : Num.new(t.to_i)
corpus/07-trees/expression_tree.rb	(111,12)-(111,18):undefined method: Array[String?]#match?	V9	-	lib-nilable-return	elsif t.match?(/\A[a-z]/)
corpus/07-trees/expression_tree.rb	(130,20)-(130,21):undefined method: nil#+	residual	-	implicit-nil-branch	when "+" then a + b
corpus/07-trees/expression_tree.rb	(131,20)-(131,21):undefined method: nil#-	residual	-	unclassified	when "-" then a - b
corpus/07-trees/expression_tree.rb	(132,20)-(132,21):undefined method: nil#*	residual	-	unclassified	when "*" then a * b
corpus/07-trees/expression_tree.rb	(132,20)-(132,21):undefined method: Numeric#*	residual	-	unclassified	when "*" then a * b
corpus/07-trees/expression_tree.rb	(133,20)-(133,21):undefined method: nil#/	residual	-	unclassified	when "/" then a / b
corpus/07-trees/expression_tree.rb	(133,20)-(133,21):undefined method: Numeric#/	residual	-	unclassified	when "/" then a / b
corpus/07-trees/expression_tree.rb	(134,10)-(134,12):undefined method: nil#**	residual	-	unclassified	else a**b
corpus/07-trees/expression_tree.rb	(134,10)-(134,12):undefined method: Numeric#**	residual	-	integer-pow-numeric	else a**b
corpus/07-trees/expression_tree.rb	(198,73)-(198,74):undefined method: nil#-	residual	-	unclassified	BinOp.new("*", BinOp.new("*", v, BinOp.new("^", u, Num.new(v.value - 1))), du)
corpus/07-trees/fenwick_ranks.rb	(64,56)-(64,61):undefined method: Integer#count	residual	-	unclassified	values.each_with_index.sum { |a, i| values[(i + 1)..].count { |b| a > b } }
corpus/07-trees/fenwick_ranks.rb	(64,70)-(64,71):wrong type of arguments	V11	-	empty-arg	values.each_with_index.sum { |a, i| values[(i + 1)..].count { |b| a > b } }
corpus/07-trees/filesystem_du.rb	(4,6)-(4,16):wrong number of arguments (1 for 2)	residual	-	unclassified	def initialize(name, parent)
corpus/07-trees/filesystem_du.rb	(18,59)-(18,62):wrong type of arguments	residual	-	unclassified	parts.reduce(self) { |d, name| d.subdirs[name] ||= Dir.new(name, d) }
corpus/07-trees/filesystem_du.rb	(100,11)-(100,14):wrong type of arguments	residual	-	unclassified	root = Dir.new("", nil)
corpus/07-trees/filesystem_du.rb	(104,22)-(104,27):undefined method: Array[String]#split	V3	-	masgn-from-Array	*parts, name = path.split("/").drop(1)
corpus/07-trees/filesystem_du.rb	(126,14)-(126,16):failed to resolve overloads	V3	block-param-shadow	masgn-from-Array	by_ext[ext] += f.size
corpus/07-trees/heap_scheduler.rb	(56,28)-(56,29):undefined method: nil#<	V6	-	block-param-shadow	break unless items[i] < items[parent]
corpus/07-trees/heap_scheduler.rb	(68,40)-(68,41):undefined method: nil#<	V6	-	block-param-shadow	smallest = l if l < n && items[l] < items[smallest]
corpus/07-trees/heap_scheduler.rb	(69,40)-(69,41):undefined method: nil#<	V6	-	block-param-shadow	smallest = r if r < n && items[r] < items[smallest]
corpus/07-trees/heap_scheduler.rb	(87,25)-(87,30):undefined method: Array[String]#strip	V3	-	masgn-from-Array	jobs << Job.new(name.strip, pri.to_i, jobs.size, arr.to_i, dur.to_i)
corpus/07-trees/heap_scheduler.rb	(118,12)-(118,16):undefined method: nil#name	failed@V11	-	counterfactual-run-failed	waits[job.name] = clock - job.arrival
corpus/07-trees/heap_scheduler.rb	(118,26)-(118,27):failed to resolve overloads	failed@V11	-	counterfactual-run-failed	waits[job.name] = clock - job.arrival
corpus/07-trees/heap_scheduler.rb	(118,32)-(118,39):undefined method: nil#arrival	failed@V11	-	counterfactual-run-failed	waits[job.name] = clock - job.arrival
corpus/07-trees/heap_scheduler.rb	(119,74)-(119,82):undefined method: nil#duration	failed@V11	-	counterfactual-run-failed	log << format("t=%2d run %-12s for %d (queue %d)", clock, job.to_s, job.duration, heap.size)
corpus/07-trees/heap_scheduler.rb	(120,8)-(120,10):failed to resolve overloads	failed@V11	-	counterfactual-run-failed	clock += job.duration
corpus/07-trees/heap_scheduler.rb	(120,15)-(120,23):undefined method: nil#duration	failed@V11	-	counterfactual-run-failed	clock += job.duration
corpus/07-trees/heap_scheduler.rb	(125,27)-(125,30):undefined method: nil#[]	V9	-	lib-nilable-return	puts "longest wait: #{worst[0]} (#{worst[1]})"
corpus/07-trees/heap_scheduler.rb	(125,40)-(125,43):undefined method: nil#[]	V9	-	lib-nilable-return	puts "longest wait: #{worst[0]} (#{worst[1]})"
corpus/18-collections/range_set.rb	(102,38)-(102,43):undefined method: nil#begin	V9	-	lib-nilable-return	puts "largest unsold block: #{largest.begin}-#{largest.end}"
corpus/18-collections/range_set.rb	(102,55)-(102,58):undefined method: nil#end	V9	-	lib-nilable-return	puts "largest unsold block: #{largest.begin}-#{largest.end}"
corpus/18-collections/role_permissions.rb	(61,10)-(61,15):wrong type of arguments	V1	-	interface-nominal	perms.merge(effective(roles, inc, path + [name]))
corpus/18-collections/role_permissions.rb	(61,10)-(61,15):wrong type of arguments	V1	-	interface-nominal	perms.merge(effective(roles, inc, path + [name]))
corpus/18-collections/role_permissions.rb	(61,10)-(61,15):wrong type of arguments	V1	-	interface-nominal	perms.merge(effective(roles, inc, path + [name]))
corpus/18-collections/role_permissions.rb	(67,48)-(67,49):wrong type of arguments	V1	-	interface-nominal	all = user.roles.reduce(Set[]) { |acc, r| acc | effective(roles, r, []) }
corpus/18-collections/role_permissions.rb	(68,6)-(68,7):wrong type of arguments	V1	-	interface-nominal	all - user.denied
corpus/18-collections/role_permissions.rb	(76,20)-(76,21):wrong type of arguments	V1	-	interface-nominal	inherited = perms - own
corpus/18-collections/role_permissions.rb	(76,20)-(76,21):wrong type of arguments	V1	-	interface-nominal	inherited = perms - own
corpus/18-collections/role_permissions.rb	(76,20)-(76,21):wrong type of arguments	V1	-	interface-nominal	inherited = perms - own
corpus/18-collections/role_permissions.rb	(100,21)-(100,22):wrong type of arguments	V1	-	interface-nominal	puts "bob only: #{(a - b).sort.join(" ")}"
corpus/18-collections/role_permissions.rb	(101,21)-(101,22):wrong type of arguments	V1	-	interface-nominal	puts "dan only: #{(b - a).sort.join(" ")}"
corpus/18-collections/role_permissions.rb	(107,44)-(107,53):wrong type of arguments	V11	-	empty-arg	unused = roles.values.select { |r| r.grants.disjoint?(everything) }
corpus/18-collections/role_permissions.rb	(107,44)-(107,53):wrong type of arguments	V11	-	empty-arg	unused = roles.values.select { |r| r.grants.disjoint?(everything) }
corpus/18-collections/role_permissions.rb	(107,44)-(107,53):wrong type of arguments	V11	-	empty-arg	unused = roles.values.select { |r| r.grants.disjoint?(everything) }
corpus/18-collections/sales_pivot.rb	(78,73)-(78,81):undefined method: nil#[]	failed@V6	nested-destructure-param	counterfactual-run-failed	puts format("%d. %-7s units=%3d revenue=%7.2f avg=%.3f", i + 1, name, s[:units], s[:revenue], s[:avg_price])
corpus/18-collections/sales_pivot.rb	(78,84)-(78,94):undefined method: nil#[]	failed@V6	nested-destructure-param	counterfactual-run-failed	puts format("%d. %-7s units=%3d revenue=%7.2f avg=%.3f", i + 1, name, s[:units], s[:revenue], s[:avg_price])
corpus/18-collections/sales_pivot.rb	(78,97)-(78,109):undefined method: nil#[]	failed@V6	nested-destructure-param	counterfactual-run-failed	puts format("%d. %-7s units=%3d revenue=%7.2f avg=%.3f", i + 1, name, s[:units], s[:revenue], s[:avg_price])
corpus/18-collections/sales_pivot.rb	(83,47)-(83,48):undefined method: nil#-	failed@V6	nested-destructure-param	counterfactual-run-failed	puts format("%s -> %s: %+.1f%%", m1, m2, (t2 - t1) / t1 * 100.0)
corpus/18-collections/sales_pivot.rb	(85,43)-(85,44):expected: Comparable | Array[...]; actual: nil	failed@V6	block-param-shadow	counterfactual-run-failed	(region, month), v = pivot.max_by { |k, v| v }
corpus/18-collections/sensor_merge.rb	(6,7)-(6,11):undefined method: Array[String]#to_i	V3	-	masgn-from-Array	[t.to_i, v == "na" ? nil : v.to_f]
corpus/18-collections/sensor_merge.rb	(33,15)-(33,16):wrong type of arguments	V1	-	interface-nominal	all_keys = (tk | hk).sort
corpus/18-collections/sensor_merge.rb	(35,23)-(35,24):wrong type of arguments	V1	-	interface-nominal	puts "only temp: #{(tk - hk).sort.join(",")}; only humidity: #{(hk - tk).sort.join(",")}"
corpus/18-collections/sensor_merge.rb	(35,67)-(35,68):wrong type of arguments	V1	-	interface-nominal	puts "only temp: #{(tk - hk).sort.join(",")}; only humidity: #{(hk - tk).sort.join(",")}"
corpus/18-collections/sensor_merge.rb	(40,40)-(40,41):wrong type of arguments	V1	-	interface-nominal	missing_minutes = span.reject { |m| (tk | hk).include?(m) }
corpus/18-collections/sensor_merge.rb	(67,35)-(67,36):undefined method: nil#>	V10	-	user-nil	hot_humid = pairs.count { |t, h| t > 22.0 && h >= 50 }
corpus/18-collections/sensor_merge.rb	(67,47)-(67,49):undefined method: nil#>=	V9	-	lib-nilable-return	hot_humid = pairs.count { |t, h| t > 22.0 && h >= 50 }
corpus/08-graphs/exam_slots.rb	(45,33)-(45,34):wrong type of arguments	V1	-	interface-nominal	shared = exams[a].students & exams[b].students
corpus/08-graphs/exam_slots.rb	(70,20)-(70,21):wrong type of arguments	V4	-	sig-vertex-sharing	next unless a < b
corpus/08-graphs/exam_slots.rb	(93,48)-(93,49):undefined method: nil#+	V10	-	user-nil	"#{student}:#{courses.map { |c| exams[c].slot + 1 }.sort.join}"
corpus/08-graphs/floyd_transit.rb	(20,8)-(20,11):failed to resolve overloads	V11	-	empty-arg	dist[i][j] = dist[j][i] = w
corpus/08-graphs/floyd_transit.rb	(20,21)-(20,24):failed to resolve overloads	V11	-	empty-arg	dist[i][j] = dist[j][i] = w
corpus/08-graphs/floyd_transit.rb	(21,7)-(21,10):failed to resolve overloads	V11	-	empty-arg	nxt[i][j] = j
corpus/08-graphs/floyd_transit.rb	(22,7)-(22,10):failed to resolve overloads	V11	-	empty-arg	nxt[j][i] = i
corpus/08-graphs/floyd_transit.rb	(37,26)-(37,27):undefined method: nil#+	V7	-	nil?-no-narrow	if cur.nil? || ik + kj < cur
corpus/08-graphs/floyd_transit.rb	(38,26)-(38,27):undefined method: nil#+	V7	-	nil?-no-narrow	dist[i][j] = ik + kj
corpus/08-graphs/friend_groups.rb	(94,36)-(94,40):undefined method: nil#size	V9	-	lib-nilable-return	puts "largest group size: #{largest.size}"
corpus/08-graphs/kruskal_network.rb	(12,38)-(12,44):failed to resolve overloads	V11	-	empty-arg	root = @parent[root] while @parent[root] != root
corpus/08-graphs/kruskal_network.rb	(12,18)-(12,24):failed to resolve overloads	V11	-	empty-arg	root = @parent[root] while @parent[root] != root
corpus/08-graphs/kruskal_network.rb	(13,17)-(13,20):failed to resolve overloads	V11	-	empty-arg	while @parent[x] != root
corpus/08-graphs/kruskal_network.rb	(14,35)-(14,38):failed to resolve overloads	V11	-	empty-arg	@parent[x], x = root, @parent[x]
corpus/08-graphs/kruskal_network.rb	(14,6)-(14,16):failed to resolve overloads	V11	-	empty-arg	@parent[x], x = root, @parent[x]
corpus/08-graphs/kruskal_network.rb	(23,28)-(23,32):failed to resolve overloads	V11	-	empty-arg	ra, rb = rb, ra if @rank[ra] < @rank[rb]
corpus/08-graphs/kruskal_network.rb	(23,40)-(23,44):failed to resolve overloads	V11	-	empty-arg	ra, rb = rb, ra if @rank[ra] < @rank[rb]
corpus/08-graphs/kruskal_network.rb	(24,11)-(24,15):failed to resolve overloads	V11	-	empty-arg	@parent[rb] = ra
corpus/08-graphs/kruskal_network.rb	(25,27)-(25,31):failed to resolve overloads	V11	-	empty-arg	@rank[ra] += 1 if @rank[ra] == @rank[rb]
corpus/08-graphs/kruskal_network.rb	(25,40)-(25,44):failed to resolve overloads	V11	-	empty-arg	@rank[ra] += 1 if @rank[ra] == @rank[rb]
corpus/08-graphs/kruskal_network.rb	(25,4)-(25,18):failed to resolve overloads	V11	-	empty-arg	@rank[ra] += 1 if @rank[ra] == @rank[rb]
corpus/08-graphs/kruskal_network.rb	(25,4)-(25,18):failed to resolve overloads	V11	-	empty-arg	@rank[ra] += 1 if @rank[ra] == @rank[rb]
corpus/08-graphs/kruskal_network.rb	(56,24)-(56,25):undefined method: nil#a	residual	-	unclassified	if uf.union(index[e.a], index[e.b])
corpus/08-graphs/kruskal_network.rb	(56,36)-(56,37):undefined method: nil#b	residual	-	unclassified	if uf.union(index[e.a], index[e.b])
corpus/12-parsers/csv_parser.rb	(105,24)-(105,26):failed to resolve overloads	V11	-	empty-arg	totals[rec["region"]] += amount.to_f
corpus/12-parsers/forth.rb	(34,22)-(34,26):undefined method: nil#size	V8	-	assign-in-cond-no-narrow	((i + 1)...tokens.size).each do |j|
corpus/12-parsers/forth.rb	(35,17)-(35,20):undefined method: nil#[]	V8	-	assign-in-cond-no-narrow	case tokens[j]
corpus/12-parsers/forth.rb	(44,48)-(44,51):undefined method: nil#[]	V8	-	assign-in-cond-no-narrow	raise ForthError.new("unbalanced IF", tokens[i])
corpus/12-parsers/forth.rb	(49,21)-(49,25):undefined method: nil#size	V8	-	assign-in-cond-no-narrow	while i < tokens.size
corpus/12-parsers/forth.rb	(50,16)-(50,19):undefined method: nil#[]	V8	-	assign-in-cond-no-narrow	w = tokens[i]
corpus/12-parsers/forth.rb	(53,22)-(53,27):undefined method: nil#index	V8	-	assign-in-cond-no-narrow	semi = tokens.index(";")
corpus/12-parsers/forth.rb	(55,20)-(55,27):undefined method: nil#[]	V8	-	assign-in-cond-no-narrow	@dict[tokens[i + 1].upcase] = tokens[(i + 2)...semi]
corpus/12-parsers/forth.rb	(55,44)-(55,60):undefined method: nil#[]	V8	-	assign-in-cond-no-narrow	@dict[tokens[i + 1].upcase] = tokens[(i + 2)...semi]
corpus/12-parsers/forth.rb	(58,14)-(58,15):undefined method: nil#+	V7	-	nil?-no-narrow	j = i + 1
corpus/12-parsers/forth.rb	(60,25)-(60,29):undefined method: nil#size	V8	-	assign-in-cond-no-narrow	while j < tokens.size && !tokens[j].end_with?("\"")
corpus/12-parsers/forth.rb	(60,40)-(60,43):undefined method: nil#[]	V8	-	assign-in-cond-no-narrow	while j < tokens.size && !tokens[j].end_with?("\"")
corpus/12-parsers/forth.rb	(61,25)-(61,28):undefined method: nil#[]	V8	-	assign-in-cond-no-narrow	words << tokens[j]
corpus/12-parsers/forth.rb	(64,70)-(64,74):undefined method: nil#size	V8	-	assign-in-cond-no-narrow	raise ForthError.new("unterminated string", w) if j == tokens.size
corpus/12-parsers/forth.rb	(65,23)-(65,26):undefined method: nil#[]	V8	-	assign-in-cond-no-narrow	words << tokens[j].delete_suffix("\"")
corpus/12-parsers/forth.rb	(81,17)-(81,19):undefined method: nil#+	residual	-	unclassified	frame[0] += 1
corpus/12-parsers/forth.rb	(81,17)-(81,19):undefined method: false#+	residual	-	unclassified	frame[0] += 1
corpus/12-parsers/forth.rb	(82,20)-(82,21):undefined method: nil#<	residual	-	unclassified	if frame[0] < frame[1]
corpus/12-parsers/forth.rb	(82,20)-(82,21):undefined method: false#<	residual	-	unclassified	if frame[0] < frame[1]
corpus/12-parsers/forth.rb	(112,24)-(112,25):undefined method: nil#+	residual	-	nil-cascade-other	when "+" then a + b
corpus/12-parsers/forth.rb	(112,24)-(112,25):undefined method: false#+	residual	-	unclassified	when "+" then a + b
corpus/12-parsers/forth.rb	(113,24)-(113,25):undefined method: nil#-	residual	-	unclassified	when "-" then a - b
corpus/12-parsers/forth.rb	(113,24)-(113,25):undefined method: false#-	residual	-	unclassified	when "-" then a - b
corpus/12-parsers/forth.rb	(114,24)-(114,25):undefined method: nil#*	residual	-	unclassified	when "*" then a * b
corpus/12-parsers/forth.rb	(114,24)-(114,25):undefined method: Numeric#*	V2	-	numeric-catchall-overload	when "*" then a * b
corpus/12-parsers/forth.rb	(114,24)-(114,25):undefined method: false#*	residual	-	unclassified	when "*" then a * b
corpus/12-parsers/forth.rb	(115,24)-(115,25):undefined method: nil#/	residual	-	unclassified	when "/" then a / b
corpus/12-parsers/forth.rb	(115,24)-(115,25):undefined method: Numeric#/	V2	-	numeric-catchall-overload	when "/" then a / b
corpus/12-parsers/forth.rb	(115,24)-(115,25):undefined method: false#/	residual	-	unclassified	when "/" then a / b
corpus/12-parsers/forth.rb	(116,26)-(116,27):undefined method: nil#%	residual	-	unclassified	when "MOD" then a % b
corpus/12-parsers/forth.rb	(116,26)-(116,27):undefined method: false#%	residual	-	unclassified	when "MOD" then a % b
corpus/12-parsers/forth.rb	(118,29)-(118,30):undefined method: nil#<	residual	-	unclassified	when "<" then flag(a < b)
corpus/12-parsers/forth.rb	(118,29)-(118,30):undefined method: false#<	residual	-	unclassified	when "<" then flag(a < b)
corpus/12-parsers/forth.rb	(119,29)-(119,30):undefined method: nil#>	residual	-	unclassified	when ">" then flag(a > b)
corpus/12-parsers/forth.rb	(119,29)-(119,30):undefined method: false#>	residual	-	unclassified	when ">" then flag(a > b)
corpus/12-parsers/forth.rb	(120,26)-(120,27):undefined method: Numeric#&	V2	-	numeric-catchall-overload	when "AND" then a & b
corpus/12-parsers/forth.rb	(138,33)-(138,36):undefined method: nil#chr	residual	-	nil-cascade-other	when "EMIT" then emit(pop(w).chr)
corpus/12-parsers/forth.rb	(138,33)-(138,36):undefined method: Numeric#chr	V2	-	numeric-catchall-overload	when "EMIT" then emit(pop(w).chr)
corpus/12-parsers/forth.rb	(138,33)-(138,36):undefined method: false#chr	residual	-	unclassified	when "EMIT" then emit(pop(w).chr)
corpus/12-parsers/indent_lexer.rb	(19,38)-(19,39):failed to resolve overloads	V11	-	empty-arg	def depth = children.empty? ? 0 : 1 + children.map(&:depth).max
corpus/12-parsers/indent_lexer.rb	(37,74)-(37,82):undefined method: nil#include?	V9	-	lib-nilable-return	raise IndentError.new("tab in indentation", lineno) if line[0...lead].include?("\t")
corpus/12-parsers/ini_parser.rb	(47,14)-(47,17):undefined method: nil#[]	V8	-	assign-in-cond-no-narrow	name = m[1]
corpus/12-parsers/ini_parser.rb	(53,29)-(53,37):undefined method: nil#downcase	V9	-	lib-nilable-return	entry = Entry.new(m[1].downcase, m[2].sub(/\s+[#;].*\z/, ""), lineno)
corpus/12-parsers/ini_parser.rb	(53,25)-(53,28):undefined method: nil#[]	V8	-	assign-in-cond-no-narrow	entry = Entry.new(m[1].downcase, m[2].sub(/\s+[#;].*\z/, ""), lineno)
corpus/12-parsers/ini_parser.rb	(53,44)-(53,47):undefined method: nil#sub	V9	-	lib-nilable-return	entry = Entry.new(m[1].downcase, m[2].sub(/\s+[#;].*\z/, ""), lineno)
corpus/12-parsers/ini_parser.rb	(53,40)-(53,43):undefined method: nil#[]	V8	-	assign-in-cond-no-narrow	entry = Entry.new(m[1].downcase, m[2].sub(/\s+[#;].*\z/, ""), lineno)
corpus/12-parsers/ini_parser.rb	(108,35)-(108,38):undefined method: nil#raw	V7	-	nil?-no-narrow	config[full] = convert(entry.raw, rule[:type])
corpus/12-parsers/ini_parser.rb	(110,46)-(110,50):undefined method: nil#line	V7	-	nil?-no-narrow	errors << IniError.new(e.message, entry.line)
corpus/12-parsers/json_parser.rb	(43,24)-(43,30):undefined method: nil#match?	V7	-	nil?-no-narrow	elsif c == "-" || c.match?(/\d/)
corpus/12-parsers/json_parser.rb	(45,23)-(45,34):undefined method: nil#start_with?	V9	-	lib-nilable-return	elsif @src[@pos..].start_with?("true")
corpus/12-parsers/json_parser.rb	(48,23)-(48,34):undefined method: nil#start_with?	V9	-	lib-nilable-return	elsif @src[@pos..].start_with?("false")
corpus/12-parsers/json_parser.rb	(51,23)-(51,34):undefined method: nil#start_with?	V9	-	lib-nilable-return	elsif @src[@pos..].start_with?("null")
corpus/12-parsers/json_parser.rb	(116,31)-(116,34):undefined method: nil#hex	V9	-	lib-nilable-return	out << @src[@pos, 4].hex.chr
corpus/12-parsers/json_parser.rb	(128,21)-(128,26):undefined method: nil#match	V9	-	lib-nilable-return	m = @src[@pos..].match(/\A-?(0|[1-9]\d*)(\.\d+)?([eE][-+]?\d+)?/)
corpus/12-parsers/json_parser.rb	(161,16)-(161,21):undefined method: Array[String?]#match	V9	-	lib-nilable-return	if (m = seg.match(/\A\[(\d+)\]\z/))
corpus/12-parsers/json_parser.rb	(163,11)-(163,14):undefined method: nil#[]	V8	-	assign-in-cond-no-narrow	cur[m[1].to_i]
corpus/12-parsers/json_parser.rb	(198,37)-(198,38):undefined method: true#*	residual	-	heterogeneous-container	total = books.sum { |b| b["price"] * b["stock"] }
corpus/12-parsers/json_parser.rb	(198,37)-(198,38):undefined method: false#*	residual	-	unclassified	total = books.sum { |b| b["price"] * b["stock"] }
corpus/12-parsers/json_parser.rb	(198,37)-(198,38):undefined method: nil#*	V10	-	user-nil	total = books.sum { |b| b["price"] * b["stock"] }
corpus/12-parsers/json_parser.rb	(198,37)-(198,38):... and other 1 errors	V10	-	user-nil	total = books.sum { |b| b["price"] * b["stock"] }
corpus/12-parsers/json_parser.rb	(198,27)-(198,36):undefined method: true#[]	residual	-	unclassified	total = books.sum { |b| b["price"] * b["stock"] }
corpus/12-parsers/json_parser.rb	(198,27)-(198,36):undefined method: false#[]	residual	-	unclassified	total = books.sum { |b| b["price"] * b["stock"] }
corpus/12-parsers/json_parser.rb	(198,27)-(198,36):undefined method: nil#[]	V10	-	user-nil	total = books.sum { |b| b["price"] * b["stock"] }
corpus/12-parsers/json_parser.rb	(198,27)-(198,36):failed to resolve overloads	residual	-	unclassified	total = books.sum { |b| b["price"] * b["stock"] }
corpus/12-parsers/json_parser.rb	(198,27)-(198,36):... and other 1 errors	V10	-	user-nil	total = books.sum { |b| b["price"] * b["stock"] }
corpus/12-parsers/json_parser.rb	(198,40)-(198,49):undefined method: true#[]	residual	-	unclassified	total = books.sum { |b| b["price"] * b["stock"] }
corpus/12-parsers/json_parser.rb	(198,40)-(198,49):undefined method: false#[]	residual	-	unclassified	total = books.sum { |b| b["price"] * b["stock"] }
corpus/12-parsers/json_parser.rb	(198,40)-(198,49):undefined method: nil#[]	V10	-	user-nil	total = books.sum { |b| b["price"] * b["stock"] }
corpus/12-parsers/json_parser.rb	(198,40)-(198,49):failed to resolve overloads	residual	-	unclassified	total = books.sum { |b| b["price"] * b["stock"] }
corpus/12-parsers/json_parser.rb	(198,40)-(198,49):... and other 1 errors	V10	-	user-nil	total = books.sum { |b| b["price"] * b["stock"] }
corpus/12-parsers/json_parser.rb	(200,36)-(200,44):undefined method: true#include?	residual	-	unclassified	sf = books.select { |b| b["tags"].include?("sf") }
corpus/12-parsers/json_parser.rb	(200,36)-(200,44):undefined method: false#include?	residual	-	unclassified	sf = books.select { |b| b["tags"].include?("sf") }
corpus/12-parsers/json_parser.rb	(200,36)-(200,44):undefined method: nil#include?	V10	-	user-nil	sf = books.select { |b| b["tags"].include?("sf") }
corpus/12-parsers/json_parser.rb	(200,36)-(200,44):... and other 2 errors	V10	-	user-nil	sf = books.select { |b| b["tags"].include?("sf") }
corpus/12-parsers/json_parser.rb	(200,27)-(200,35):undefined method: true#[]	residual	-	unclassified	sf = books.select { |b| b["tags"].include?("sf") }
corpus/12-parsers/json_parser.rb	(200,27)-(200,35):undefined method: false#[]	residual	-	heterogeneous-container	sf = books.select { |b| b["tags"].include?("sf") }
corpus/12-parsers/json_parser.rb	(200,27)-(200,35):undefined method: nil#[]	V10	-	user-nil	sf = books.select { |b| b["tags"].include?("sf") }
corpus/12-parsers/json_parser.rb	(200,27)-(200,35):failed to resolve overloads	residual	-	unclassified	sf = books.select { |b| b["tags"].include?("sf") }
corpus/12-parsers/json_parser.rb	(200,27)-(200,35):... and other 1 errors	V10	-	user-nil	sf = books.select { |b| b["tags"].include?("sf") }
corpus/12-parsers/json_parser.rb	(201,35)-(201,44):undefined method: true#[]	residual	-	heterogeneous-container	puts "sf titles: #{sf.map { |b| b["title"] }.join(", ")}"
corpus/12-parsers/json_parser.rb	(201,35)-(201,44):undefined method: false#[]	residual	-	unclassified	puts "sf titles: #{sf.map { |b| b["title"] }.join(", ")}"
corpus/12-parsers/json_parser.rb	(201,35)-(201,44):undefined method: nil#[]	V10	-	user-nil	puts "sf titles: #{sf.map { |b| b["title"] }.join(", ")}"
corpus/12-parsers/json_parser.rb	(201,35)-(201,44):failed to resolve overloads	residual	-	heterogeneous-container	puts "sf titles: #{sf.map { |b| b["title"] }.join(", ")}"
corpus/12-parsers/json_parser.rb	(201,35)-(201,44):... and other 1 errors	V10	-	user-nil	puts "sf titles: #{sf.map { |b| b["title"] }.join(", ")}"
corpus/11-simulation/teller_queue_des.rb	(38,21)-(38,22):undefined method: Numeric#*	V2	-	numeric-catchall-overload	@state = (@state * 1103515245 + 12345) % 2147483648
corpus/11-simulation/teller_queue_des.rb	(39,12)-(39,13):undefined method: Numeric#/	V2	-	numeric-catchall-overload	(@state / 65536) % n
corpus/11-simulation/teller_queue_des.rb	(105,13)-(105,17):undefined method: nil#time	residual	-	unclassified	now = ev.time
corpus/11-simulation/teller_queue_des.rb	(106,11)-(106,19):undefined method: nil#customer	residual	-	while-cond-no-narrow	c = ev.customer
corpus/11-simulation/teller_queue_des.rb	(107,12)-(107,16):undefined method: nil#kind	residual	-	while-cond-no-narrow	case ev.kind
corpus/11-simulation/teller_queue_des.rb	(116,17)-(116,23):undefined method: nil#teller	residual	-	unclassified	free << ev.teller
corpus/11-simulation/teller_queue_des.rb	(125,24)-(125,26):failed to resolve overloads	V11	-	empty-arg	busy_time[teller] += nxt.service
corpus/11-simulation/teller_queue_des.rb	(143,34)-(143,35):failed to resolve overloads	V11	-	empty-arg	format("T%d %.0f%%", k, 100.0 * busy[k] / end_time)
corpus/11-simulation/teller_queue_des.rb	(149,31)-(149,32):wrong type of arguments	V11	-	empty-arg	puts "  #{b.ljust(5)}#{"#" * n} #{n}"
corpus/11-simulation/thermostat_house.rb	(93,32)-(93,33):expected: Comparable | Array[...]; actual: nil	failed@V6	block-param-shadow	counterfactual-run-failed	coldest = lows.min_by { |_n, t| t }
corpus/11-simulation/vending_machine.rb	(55,12)-(55,14):failed to resolve overloads	V11	-	empty-arg	@credit += coin
corpus/11-simulation/vending_machine.rb	(77,64)-(77,69):undefined method: nil#count	V7	-	nil?-no-narrow	raise SoldOut.new("#{slot.name} is sold out", code) if slot.count == 0
corpus/11-simulation/vending_machine.rb	(77,30)-(77,34):undefined method: nil#name	V7	-	nil?-no-narrow	raise SoldOut.new("#{slot.name} is sold out", code) if slot.count == 0
corpus/11-simulation/vending_machine.rb	(78,17)-(78,22):undefined method: nil#price	V7	-	nil?-no-narrow	price = slot.price
corpus/11-simulation/vending_machine.rb	(79,52)-(79,56):undefined method: nil#name	V7	-	nil?-no-narrow	return "need #{price - @credit} more for #{slot.name}" if @credit < price
corpus/11-simulation/vending_machine.rb	(82,9)-(82,14):undefined method: nil#count=	V7	-	nil?-no-narrow	slot.count -= 1
corpus/11-simulation/vending_machine.rb	(82,9)-(82,14):undefined method: nil#count	V7	-	nil?-no-narrow	slot.count -= 1
corpus/11-simulation/vending_machine.rb	(88,17)-(88,21):undefined method: nil#name	V7	-	nil?-no-narrow	"vend #{slot.name}, change #{parts.empty? ? "none" : parts.join(" ")}"
corpus/11-simulation/vending_machine.rb	(116,19)-(116,21):failed to resolve overloads	V11	-	empty-arg	slot.count += count
corpus/11-simulation/water_tanks.rb	(79,32)-(79,36):wrong type of arguments	V1	-	interface-nominal	flow = p.conductance * Math.sqrt(head) * dt
corpus/13-polymorphism/stack_vm.rb	(67,23)-(67,24):undefined method: nil#+	V9	-	lib-nilable-return	in :add then a + b
corpus/13-polymorphism/stack_vm.rb	(68,23)-(68,24):undefined method: nil#-	V9	-	lib-nilable-return	in :sub then a - b
corpus/13-polymorphism/stack_vm.rb	(69,23)-(69,24):undefined method: nil#*	V9	-	lib-nilable-return	in :mul then a * b
corpus/13-polymorphism/stack_vm.rb	(69,23)-(69,24):undefined method: Numeric#*	V2	-	numeric-catchall-overload	in :mul then a * b
corpus/13-polymorphism/stack_vm.rb	(72,12)-(72,13):undefined method: nil#%	V9	-	lib-nilable-return	a % b
corpus/13-polymorphism/stack_vm.rb	(73,22)-(73,23):undefined method: nil#<	V9	-	lib-nilable-return	in :lt then a < b ? 1 : 0
corpus/13-polymorphism/task_heap.rb	(124,28)-(124,30):undefined method: nil#id	V7	-	nil?-no-narrow	spent = durations[current.id]
corpus/13-polymorphism/task_heap.rb	(133,10)-(133,17):undefined method: nil#done_at=	V7	-	nil?-no-narrow	current.done_at = clock
corpus/13-polymorphism/task_heap.rb	(134,15)-(134,16):wrong type of arguments	V11	-	empty-arg	late = clock > current.deadline ? " LATE" : ""
corpus/13-polymorphism/task_heap.rb	(134,25)-(134,33):undefined method: nil#deadline	V7	-	nil?-no-narrow	late = clock > current.deadline ? " LATE" : ""
corpus/13-polymorphism/task_heap.rb	(139,37)-(139,44):undefined method: nil#done_at	V7	block-param-shadow	nil?-no-narrow	late_tasks = finished.select { |t| t.done_at > t.deadline }
corpus/13-polymorphism/task_heap.rb	(139,49)-(139,57):undefined method: nil#deadline	V7	block-param-shadow	nil?-no-narrow	late_tasks = finished.select { |t| t.done_at > t.deadline }
corpus/13-polymorphism/task_heap.rb	(141,34)-(141,41):undefined method: nil#done_at	V7	block-param-shadow	nil?-no-narrow	worst = late_tasks.max_by { |t| t.done_at - t.deadline }
corpus/13-polymorphism/task_heap.rb	(141,46)-(141,54):undefined method: nil#deadline	V7	block-param-shadow	nil?-no-narrow	worst = late_tasks.max_by { |t| t.done_at - t.deadline }
corpus/13-polymorphism/temperature_units.rb	(19,18)-(19,21):wrong type of arguments	V11	-	empty-arg	def <=>(b) = @k <=> b.k
corpus/13-polymorphism/temperature_units.rb	(41,23)-(41,31):undefined method: nil#downcase	V9	-	lib-nilable-return	of(m[1].to_f, m[2].downcase.to_sym)
corpus/13-polymorphism/temperature_units.rb	(64,38)-(64,44):undefined method: Delta#kelvin	residual	case-in-no-narrow	case-in-no-narrow	in Temp then Delta.new(kelvin - b.kelvin)
corpus/13-polymorphism/temperature_units.rb	(65,38)-(65,45):undefined method: Temp#in_unit	residual	case-in-no-narrow	case-in-no-narrow	in Delta then Temp.new(@value - b.in_unit(@unit), @unit)
corpus/13-polymorphism/vector_polygon.rb	(11,28)-(11,29):undefined method: nil#x	residual	-	unclassified	def -(b) = Vec.new(@x - b.x, @y - b.y)
corpus/13-polymorphism/vector_polygon.rb	(11,38)-(11,39):undefined method: nil#y	residual	-	unclassified	def -(b) = Vec.new(@x - b.x, @y - b.y)
corpus/13-polymorphism/vector_polygon.rb	(15,11)-(15,14):wrong type of arguments	V11	-	empty-arg	c = @x <=> b.x
corpus/13-polymorphism/vector_polygon.rb	(16,16)-(16,19):wrong type of arguments	V11	-	empty-arg	c == 0 ? @y <=> b.y : c
corpus/13-polymorphism/vector_polygon.rb	(23,20)-(23,24):wrong type of arguments	V1	-	interface-nominal	def length = Math.sqrt(dot(self))
corpus/13-polymorphism/vector_polygon.rb	(43,23)-(43,24):undefined method: nil#-	residual	-	unclassified	def turn(o, a, b) = (a - o).cross(b - o)
corpus/13-polymorphism/vector_polygon.rb	(120,36)-(120,41):wrong type of arguments	V1	-	interface-nominal	puts format("angle: %.2f deg", Math.atan2(a.cross(b), a.dot(b)) * 180 / Math::PI)
corpus/13-polymorphism/version_constraints.rb	(21,10)-(21,15):undefined method: nil#match	V9	-	lib-nilable-return	m = s.match(/\A(\d+)(?:\.(\d+))?(?:\.(\d+))?(?:-([0-9A-Za-z.]+))?\z/)
corpus/13-polymorphism/version_constraints.rb	(32,11)-(32,16):undefined method: nil#split	V7	-	nil?-no-narrow	xs = a.split(".")
corpus/13-polymorphism/version_constraints.rb	(34,7)-(34,10):failed to resolve overloads	V11	-	empty-arg	xs.zip(ys).each do |x, y|
corpus/13-polymorphism/version_constraints.rb	(86,50)-(86,55):undefined method: nil#split	V9	-	lib-nilable-return	Requirement.new(op, Version.parse(text), text.split(".").size)
corpus/16-dates/room_booking.rb	(37,4)-(37,8):undefined method: Array[String]#to_i	V3	-	masgn-from-Array	h.to_i * 60 + m.to_i
corpus/16-dates/room_booking.rb	(55,19)-(55,23):undefined method: nil#room	V7	-	nil?-no-narrow	@room == other.room && @day == other.day && @start < other.finish && other.start < @finish
corpus/16-dates/room_booking.rb	(55,41)-(55,44):undefined method: nil#day	V7	-	nil?-no-narrow	@room == other.room && @day == other.day && @start < other.finish && other.start < @finish
corpus/16-dates/room_booking.rb	(55,63)-(55,69):undefined method: nil#finish	V7	-	nil?-no-narrow	@room == other.room && @day == other.day && @start < other.finish && other.start < @finish
corpus/16-dates/room_booking.rb	(55,79)-(55,84):undefined method: nil#start	V7	-	nil?-no-narrow	@room == other.room && @day == other.day && @start < other.finish && other.start < @finish
corpus/16-dates/room_booking.rb	(89,36)-(89,38):undefined method: nil#id	V7	-	nil?-no-narrow	victim = @bookings.find { |b| b.id == id }
corpus/16-dates/room_booking.rb	(137,37)-(137,41):undefined method: nil#room	V7	block-param-shadow	nil?-no-narrow	mine = cal.bookings.select { |b| b.room == room }
corpus/16-dates/shift_rota.rb	(60,40)-(60,45):undefined method: Integer#hours	V4	-	sig-vertex-sharing	pick = candidates.min_by { |w| [w.hours, workers.index(w)] }
corpus/16-dates/shift_rota.rb	(60,40)-(60,45):undefined method: nil#hours	V4	-	sig-vertex-sharing	pick = candidates.min_by { |w| [w.hours, workers.index(w)] }
corpus/16-dates/shift_rota.rb	(62,13)-(62,17):undefined method: Integer#take	V4	-	sig-vertex-sharing	pick.take(day, shift)
corpus/16-dates/shift_rota.rb	(63,13)-(63,17):undefined method: Integer#name	V4	-	sig-vertex-sharing	pick.name
corpus/16-dates/time_zones.rb	(79,51)-(79,52):undefined method: Numeric#/	V2	-	numeric-catchall-overload	format("%04d-%02d-%02d %02d:%02d", y, m, d, mins / 60, mins % 60)
corpus/16-dates/time_zones.rb	(110,20)-(110,21):undefined method: Numeric#/	V2	-	numeric-catchall-overload	h = (lt % 1440) / 60
corpus/16-dates/time_zones.rb	(119,16)-(119,17):failed to resolve overloads	V6	block-param-shadow	block-param-shadow	t = (day * 24 + h) * 60
corpus/16-dates/time_zones.rb	(121,30)-(121,31):undefined method: Numeric#/	V2	-	numeric-catchall-overload	lh = (zn.local(t) % 1440) / 60
corpus/16-dates/time_zones.rb	(126,32)-(126,33):undefined method: nil#*	V6	block-param-shadow	block-param-shadow	best = scores.max_by { |h, n| n * 100 - h }
corpus/16-dates/timesheet.rb	(36,4)-(36,6):wrong type of arguments	V3	-	masgn-from-Array	y -= 1 if m <= 2
corpus/16-dates/timesheet.rb	(37,10)-(37,11):undefined method: Array[untyped]#/	V3	-	masgn-from-Array	era = y / 400
corpus/16-dates/timesheet.rb	(37,10)-(37,11):undefined method: Array[untyped]#/	V3	-	masgn-from-Array	era = y / 400
corpus/16-dates/timesheet.rb	(38,10)-(38,11):wrong type of arguments	V3	-	masgn-from-Array	yoe = y - era * 400
corpus/16-dates/timesheet.rb	(38,10)-(38,11):wrong type of arguments	V3	-	masgn-from-Array	yoe = y - era * 400
corpus/16-dates/timesheet.rb	(39,13)-(39,14):failed to resolve overloads	V11	-	empty-arg	doy = (153 * ((m + 9) % 12) + 2) / 5 + d - 1
corpus/16-dates/timesheet.rb	(40,33)-(40,34):undefined method: Array[untyped]#/	V3	-	masgn-from-Array	era * 146097 + yoe * 365 + yoe / 4 - yoe / 100 + doy - 719468
corpus/16-dates/timesheet.rb	(40,43)-(40,44):undefined method: Array[untyped]#/	V3	-	masgn-from-Array	era * 146097 + yoe * 365 + yoe / 4 - yoe / 100 + doy - 719468
corpus/16-dates/timesheet.rb	(46,22)-(46,30):undefined method: nil#captures	V7	-	nil?-no-narrow	y, mo, d, h, mi = m.captures.map(&:to_i)
corpus/16-dates/timesheet.rb	(120,12)-(120,14):failed to resolve overloads	V11	-	empty-arg	total += hi - lo if hi > lo
corpus/16-dates/timesheet.rb	(142,11)-(142,13):failed to resolve overloads	V11	-	empty-arg	worked += len
corpus/16-dates/timesheet.rb	(144,13)-(144,15):failed to resolve overloads	V11	-	empty-arg	daily_ot += len - 600 if len > 600
corpus/16-dates/timetable.rb	(53,61)-(53,66):undefined method: singleton(Clock)#parse	V5	module_function	module_function	Train.new(number, kind, times.split(" ").map { |s| Clock.parse(s) })
corpus/16-dates/timetable.rb	(76,16)-(76,21):undefined method: singleton(Clock)#parse	V5	module_function	module_function	after = Clock.parse(at)
corpus/16-dates/timetable.rb	(81,12)-(81,19):undefined method: nil#stop_at	V7	block-param-shadow	nil?-no-narrow	dep = t.stop_at(from)
corpus/16-dates/timetable.rb	(82,12)-(82,19):undefined method: nil#stop_at	V7	-	nil?-no-narrow	arr = t.stop_at(to)
corpus/16-dates/timetable.rb	(85,22)-(85,26):undefined method: singleton(Clock)#show	V5	module_function	module_function	Clock.show(dep), Clock.show(arr), Clock.span(wait), Clock.span(arr - dep))
corpus/16-dates/timetable.rb	(85,39)-(85,43):undefined method: singleton(Clock)#show	V5	module_function	module_function	Clock.show(dep), Clock.show(arr), Clock.span(wait), Clock.span(arr - dep))
corpus/16-dates/timetable.rb	(85,56)-(85,60):undefined method: singleton(Clock)#span	V5	module_function	module_function	Clock.show(dep), Clock.show(arr), Clock.span(wait), Clock.span(arr - dep))
corpus/16-dates/timetable.rb	(85,74)-(85,78):undefined method: singleton(Clock)#span	V5	module_function	module_function	Clock.show(dep), Clock.show(arr), Clock.span(wait), Clock.span(arr - dep))
corpus/16-dates/timetable.rb	(97,45)-(97,49):undefined method: singleton(Clock)#show	V5	module_function	module_function	puts format("  %s  %-4s %-8s to %s", Clock.show(dep), t.number, t.kind, STATIONS[last])
corpus/16-dates/timetable.rb	(105,61)-(105,65):undefined method: singleton(Clock)#span	V5	module_function	module_function	puts format("  %-8s %d trains, %s", kind, list.size, Clock.span(total / list.size))
corpus/16-dates/timetable.rb	(112,39)-(112,43):undefined method: singleton(Clock)#span	V5	module_function	module_function	puts "Longest gap at Harbor: #{Clock.span(gap)} after #{Clock.show(from)}"
corpus/16-dates/timetable.rb	(112,64)-(112,68):undefined method: singleton(Clock)#show	V5	module_function	module_function	puts "Longest gap at Harbor: #{Clock.span(gap)} after #{Clock.show(from)}"
corpus/15-data/invoice_totals.rb	(128,33)-(128,34):expected: Comparable | Array[...]; actual: nil	failed@V6	block-param-shadow	counterfactual-run-failed	best = sku_qty.max_by { |sku, q| q }
corpus/15-data/league_standings.rb	(29,19)-(29,21):failed to resolve overloads	V3	-	masgn-from-Array	self.goals_for += scored
corpus/15-data/league_standings.rb	(30,23)-(30,25):failed to resolve overloads	V3	-	masgn-from-Array	self.goals_against += conceded
corpus/15-data/league_standings.rb	(83,22)-(83,23):undefined method: nil#>	V7	-	nil?-no-narrow	elsif before > i + 1 then "+#{before - i - 1}"
corpus/15-data/league_standings.rb	(83,46)-(83,47):undefined method: nil#-	V7	-	nil?-no-narrow	elsif before > i + 1 then "+#{before - i - 1}"
corpus/15-data/league_standings.rb	(84,22)-(84,23):undefined method: nil#<	V7	-	nil?-no-narrow	elsif before < i + 1 then "-#{i + 1 - before}"
corpus/15-data/metric_anomalies.rb	(22,7)-(22,10):failed to resolve overloads	V11	-	empty-arg	Time.new(y, m, d)
corpus/15-data/metric_anomalies.rb	(56,7)-(56,11):wrong type of arguments	V11	-	empty-arg	Math.sqrt(xs.sum { |x| (x - m) ** 2 } / (xs.size - 1))
corpus/15-data/metric_anomalies.rb	(86,20)-(86,21):failed to resolve overloads	V11	block-param-shadow	empty-arg	score = (pt.value - med) / spread
corpus/15-data/metric_anomalies.rb	(97,14)-(97,15):failed to resolve overloads	V11	-	empty-arg	marker = (v - avg).abs > avg * 0.4 ? " <-- deviates" : ""
corpus/15-data/metric_anomalies.rb	(97,31)-(97,32):undefined method: nil#*	V10	-	user-nil	marker = (v - avg).abs > avg * 0.4 ? " <-- deviates" : ""
corpus/15-data/quality_rules.rb	(3,19)-(3,24):undefined method: Rule#field	residual	-	unclassified	value = record[field]
corpus/15-data/quality_rules.rb	(4,32)-(4,41):undefined method: Rule#optional?	residual	-	unclassified	return nil if value.nil? && optional?
corpus/15-data/quality_rules.rb	(5,14)-(5,19):undefined method: Rule#field	residual	-	unclassified	return "#{field} is missing" if value.nil? || value == ""
corpus/15-data/quality_rules.rb	(6,4)-(6,9):undefined method: Rule#check	residual	-	unclassified	check(value)
corpus/15-data/quality_rules.rb	(9,20)-(9,25):undefined method: Rule#field	residual	-	unclassified	def describe = "#{field} rule"
corpus/15-data/quality_rules.rb	(40,55)-(40,56):undefined method: nil#<	V7	-	nil?-no-narrow	return "#{field}=#{v} outside #{min}..#{max}" if n < min || n > max
corpus/15-data/quality_rules.rb	(40,66)-(40,67):undefined method: nil#>	V7	-	nil?-no-narrow	return "#{field}=#{v} outside #{min}..#{max}" if n < min || n > max
corpus/15-data/sales_by_region.rb	(72,33)-(72,35):failed to resolve overloads	V3	-	masgn-from-Array	sales.each { |s| totals[s.rep] += s.amount }
corpus/15-data/sales_by_region.rb	(80,13)-(80,15):failed to resolve overloads	V3	-	masgn-from-Array	entry[0] += s.units
corpus/15-data/sales_by_region.rb	(81,13)-(81,15):failed to resolve overloads	V3	-	masgn-from-Array	entry[1] += s.amount
corpus/15-data/sales_by_region.rb	(100,12)-(100,13):undefined method: nil#/	residual	nested-destructure-param	nested-destructure-param	avg = amt / units
corpus/14-errors/result_pipeline.rb	(25,47)-(25,49):undefined method: nil#<=	V7	-	nil?-no-narrow	return err("quantity must be positive") if q <= 0
corpus/14-errors/result_pipeline.rb	(32,33)-(32,34):failed to resolve overloads	V11	-	empty-arg	ok(order.merge(subtotal: price * order[:qty]))
corpus/14-errors/retry_backoff.rb	(54,8)-(54,9):failed to resolve overloads	residual	-	integer-pow-numeric	[base * (2**(attempt - 1)), cap].min
corpus/14-errors/unit_quantities.rb	(52,14)-(52,22):undefined method: nil#downcase	V9	-	lib-nilable-return	unit = m[2].downcase
corpus/14-errors/unit_quantities.rb	(63,57)-(63,58):undefined method: nil#<	V9	-	lib-nilable-return	raise ArgumentError, "negative #{from_dim}" if q.value < 0
corpus/14-errors/unit_quantities.rb	(64,23)-(64,24):undefined method: nil#*	V9	-	lib-nilable-return	Quantity.new(q.value * from_factor / to_factor, to)
corpus/14-errors/unit_quantities.rb	(67,24)-(67,29):undefined method: nil#round	V9	-	lib-nilable-return	def fmt(q) = "#{q.value.round(3)} #{q.unit}"
corpus/14-errors/warehouse_reservation.rb	(113,42)-(113,43):failed to resolve overloads	V11	-	empty-arg	backorders << [id, e.sku, e.requested - e.available]
corpus/10-grids/sokoban.rb	(111,2)-(111,6):wrong type of arguments	V1	-	interface-nominal	puts lv
corpus/10-grids/sokoban.rb	(122,2)-(122,6):wrong type of arguments	V1	-	interface-nominal	puts lv
corpus/10-grids/sokoban.rb	(123,22)-(123,23):wrong type of arguments	V1	-	interface-nominal	on_goal = (lv.boxes & lv.goals).size
corpus/10-grids/sokoban.rb	(123,22)-(123,23):wrong type of arguments	V1	-	interface-nominal	on_goal = (lv.boxes & lv.goals).size
corpus/10-grids/sudoku_solver.rb	(27,11)-(27,12):undefined method: Numeric#/	V2	-	numeric-catchall-overload	br = r / 3 * 3
corpus/10-grids/sudoku_solver.rb	(28,11)-(28,12):undefined method: Numeric#/	V2	-	numeric-catchall-overload	bc = c / 3 * 3
corpus/10-grids/sudoku_solver.rb	(31,17)-(31,18):undefined method: Numeric#*	V2	-	numeric-catchall-overload	out.push(r * 9 + k, k * 9 + c, (br + k / 3) * 9 + bc + k % 3)
corpus/10-grids/sudoku_solver.rb	(59,52)-(59,56):undefined method: nil#size	V7	-	nil?-no-narrow	if best_cands.nil? || cands.size < best_cands.size
corpus/10-grids/sudoku_solver.rb	(65,15)-(65,19):undefined method: nil#each	V10	-	user-nil	best_cands.each do |d|
corpus/10-grids/sudoku_solver.rb	(78,32)-(78,42):undefined method: nil#each_slice	V9	-	lib-nilable-return	lines << @cells[r * 9, 9].each_slice(3).map { |g| g.join(" ") }.join(" | ")
corpus/10-grids/sudoku_solver.rb	(90,4)-(90,8):wrong type of arguments	V1	-	interface-nominal	puts s
corpus/10-grids/terrain_dijkstra.rb	(16,20)-(16,23):failed to resolve overloads	V11	-	empty-arg	tile_cost(@tiles[r][c])
corpus/10-grids/tic_tac_toe.rb	(82,11)-(82,12):undefined method: nil#>	V10	-	user-nil	if score > 0
corpus/10-grids/tic_tac_toe.rb	(84,14)-(84,15):undefined method: nil#<	V10	-	user-nil	elsif score < 0
corpus/10-grids/tic_tac_toe.rb	(114,2)-(114,6):wrong type of arguments	V1	-	interface-nominal	puts g
corpus/10-grids/word_search.rb	(34,12)-(34,15):failed to resolve overloads	V11	-	empty-arg	@letters[r]&.[](c)
corpus/10-grids/word_search.rb	(38,55)-(38,56):failed to resolve overloads	V11	-	empty-arg	word.chars.each_with_index.all? { |ch, i| letter(r + dr * i, c + dc * i) == ch }
corpus/10-grids/word_search.rb	(38,67)-(38,68):failed to resolve overloads	V11	-	empty-arg	word.chars.each_with_index.all? { |ch, i| letter(r + dr * i, c + dc * i) == ch }
corpus/10-grids/word_search.rb	(56,46)-(56,49):undefined method: nil#dir	V8	-	assign-in-cond-no-narrow	d = DIRECTIONS.find { |x| x[:name] == hit.dir }
corpus/10-grids/word_search.rb	(58,8)-(58,12):undefined method: nil#word	V8	-	assign-in-cond-no-narrow	hit.word.size.times do |i|
corpus/10-grids/word_search.rb	(59,16)-(59,19):undefined method: nil#row	V8	-	assign-in-cond-no-narrow	@used[hit.row + d[:dr] * i][hit.col + d[:dc] * i] = true
corpus/10-grids/word_search.rb	(59,38)-(59,41):undefined method: nil#col	V8	-	assign-in-cond-no-narrow	@used[hit.row + d[:dr] * i][hit.col + d[:dc] * i] = true
corpus/10-grids/word_search.rb	(103,44)-(103,48):undefined method: nil#word	V8	-	assign-in-cond-no-narrow	puts format("%-7s at (%d,%d) going %s", h.word, h.row, h.col, h.dir)
corpus/10-grids/word_search.rb	(103,52)-(103,55):undefined method: nil#row	V8	-	assign-in-cond-no-narrow	puts format("%-7s at (%d,%d) going %s", h.word, h.row, h.col, h.dir)
corpus/10-grids/word_search.rb	(103,59)-(103,62):undefined method: nil#col	V8	-	assign-in-cond-no-narrow	puts format("%-7s at (%d,%d) going %s", h.word, h.row, h.col, h.dir)
corpus/10-grids/word_search.rb	(103,66)-(103,69):undefined method: nil#dir	V8	-	assign-in-cond-no-narrow	puts format("%-7s at (%d,%d) going %s", h.word, h.row, h.col, h.dir)
corpus/16-dates/easter.rb	(14,18)-(14,19):undefined method: nil#%	V6	-	block-param-shadow	def leap?(y) = (y % 4 == 0 && y % 100 != 0) || y % 400 == 0
corpus/16-dates/easter.rb	(14,32)-(14,33):undefined method: nil#%	V6	-	block-param-shadow	def leap?(y) = (y % 4 == 0 && y % 100 != 0) || y % 400 == 0
corpus/16-dates/easter.rb	(14,49)-(14,50):undefined method: nil#%	V6	-	block-param-shadow	def leap?(y) = (y % 4 == 0 && y % 100 != 0) || y % 400 == 0
corpus/16-dates/easter.rb	(32,8)-(32,9):undefined method: nil#%	V6	-	block-param-shadow	a = y % 19
corpus/16-dates/easter.rb	(33,8)-(33,9):undefined method: nil#/	V6	-	block-param-shadow	b = y / 100
corpus/16-dates/easter.rb	(34,8)-(34,9):undefined method: nil#%	V6	-	block-param-shadow	c = y % 100
corpus/16-dates/easter.rb	(40,8)-(40,9):undefined method: Numeric#/	V2	-	numeric-catchall-overload	i = c / 4
corpus/16-dates/easter.rb	(43,28)-(43,29):undefined method: Numeric#/	V2	-	numeric-catchall-overload	m = (a + 11 * h + 22 * l) / 451
corpus/16-dates/easter.rb	(44,32)-(44,33):undefined method: Numeric#/	V2	-	numeric-catchall-overload	month = (h + l - 7 * m + 114) / 31
corpus/16-dates/easter.rb	(51,8)-(51,9):undefined method: nil#%	V6	-	block-param-shadow	a = y % 4
corpus/16-dates/easter.rb	(52,8)-(52,9):undefined method: nil#%	V6	-	block-param-shadow	b = y % 7
corpus/16-dates/easter.rb	(53,8)-(53,9):undefined method: nil#%	V6	-	block-param-shadow	c = y % 19
corpus/16-dates/easter.rb	(56,24)-(56,25):undefined method: Numeric#/	V2	-	numeric-catchall-overload	month = (d + e + 114) / 31
corpus/16-dates/easter.rb	(99,57)-(99,60):undefined method: nil#[]	V7	-	nil?-no-narrow	earliest = [yy, key] if earliest.nil? || key < earliest[1]
corpus/16-dates/easter.rb	(100,51)-(100,54):undefined method: nil#[]	V7	-	nil?-no-narrow	latest = [yy, key] if latest.nil? || key > latest[1]
corpus/16-dates/fiscal_quarters.rb	(25,15)-(25,20):undefined method: Array[String]#split	V3	-	masgn-from-Array	def ymd(s) = s.split("-").map(&:to_i)
corpus/16-dates/fiscal_quarters.rb	(99,51)-(99,53):failed to resolve overloads	V3	-	masgn-from-Array	sales.each { |s| totals[spec.quarter_of(s.date)] += s.amount }
corpus/16-dates/fiscal_quarters.rb	(121,26)-(121,28):failed to resolve overloads	V3	-	masgn-from-Array	by_period[[ry, period]] += s.amount
corpus/16-dates/fiscal_quarters.rb	(124,41)-(124,47):expected: Comparable | Array[...]; actual: nil	failed@V6	block-param-shadow	counterfactual-run-failed	best = by_period.max_by { |_key, amount| amount }
corpus/16-dates/iso_week.rb	(6,4)-(6,6):undefined method: nil#-	V6	-	block-param-shadow	y -= 1 if m <= 2
corpus/16-dates/iso_week.rb	(6,4)-(6,6):wrong type of arguments	V3	-	masgn-from-Array	y -= 1 if m <= 2
corpus/16-dates/iso_week.rb	(6,4)-(6,6):wrong type of arguments	V3	-	masgn-from-Array	y -= 1 if m <= 2
corpus/16-dates/iso_week.rb	(6,4)-(6,6):wrong type of arguments	V3	-	masgn-from-Array	y -= 1 if m <= 2
corpus/16-dates/iso_week.rb	(6,4)-(6,6):wrong type of arguments	V3	-	masgn-from-Array	y -= 1 if m <= 2
corpus/16-dates/iso_week.rb	(7,31)-(7,32):undefined method: nil#/	V6	-	block-param-shadow	era = (y >= 0 ? y : y - 399) / 400
corpus/16-dates/iso_week.rb	(7,31)-(7,32):undefined method: Array[untyped]#/	V3	-	masgn-from-Array	era = (y >= 0 ? y : y - 399) / 400
corpus/16-dates/iso_week.rb	(7,31)-(7,32):undefined method: Array[untyped]#/	V3	-	masgn-from-Array	era = (y >= 0 ? y : y - 399) / 400
corpus/16-dates/iso_week.rb	(7,31)-(7,32):... and other 4 errors	V3	-	masgn-from-Array	era = (y >= 0 ? y : y - 399) / 400
corpus/16-dates/iso_week.rb	(7,11)-(7,13):undefined method: nil#>=	V6	-	block-param-shadow	era = (y >= 0 ? y : y - 399) / 400
corpus/16-dates/iso_week.rb	(7,11)-(7,13):undefined method: Array[untyped]#>=	V3	-	masgn-from-Array	era = (y >= 0 ? y : y - 399) / 400
corpus/16-dates/iso_week.rb	(7,11)-(7,13):undefined method: Array[untyped]#>=	V3	-	masgn-from-Array	era = (y >= 0 ? y : y - 399) / 400
corpus/16-dates/iso_week.rb	(7,11)-(7,13):... and other 3 errors	V3	-	masgn-from-Array	era = (y >= 0 ? y : y - 399) / 400
corpus/16-dates/iso_week.rb	(7,24)-(7,25):undefined method: nil#-	V6	-	block-param-shadow	era = (y >= 0 ? y : y - 399) / 400
corpus/16-dates/iso_week.rb	(7,24)-(7,25):wrong type of arguments	V3	-	masgn-from-Array	era = (y >= 0 ? y : y - 399) / 400
corpus/16-dates/iso_week.rb	(7,24)-(7,25):wrong type of arguments	V3	-	masgn-from-Array	era = (y >= 0 ? y : y - 399) / 400
corpus/16-dates/iso_week.rb	(7,24)-(7,25):wrong type of arguments	V3	-	masgn-from-Array	era = (y >= 0 ? y : y - 399) / 400
corpus/16-dates/iso_week.rb	(7,24)-(7,25):wrong type of arguments	V3	-	masgn-from-Array	era = (y >= 0 ? y : y - 399) / 400
corpus/16-dates/iso_week.rb	(7,24)-(7,25):wrong type of arguments	V3	-	masgn-from-Array	era = (y >= 0 ? y : y - 399) / 400
corpus/16-dates/iso_week.rb	(8,10)-(8,11):undefined method: nil#-	V6	-	block-param-shadow	yoe = y - era * 400
corpus/16-dates/iso_week.rb	(8,10)-(8,11):wrong type of arguments	V3	-	masgn-from-Array	yoe = y - era * 400
corpus/16-dates/iso_week.rb	(8,10)-(8,11):wrong type of arguments	V3	-	masgn-from-Array	yoe = y - era * 400
corpus/16-dates/iso_week.rb	(8,10)-(8,11):wrong type of arguments	V3	-	masgn-from-Array	yoe = y - era * 400
corpus/16-dates/iso_week.rb	(8,10)-(8,11):wrong type of arguments	V3	-	masgn-from-Array	yoe = y - era * 400
corpus/16-dates/iso_week.rb	(8,10)-(8,11):wrong type of arguments	V3	-	masgn-from-Array	yoe = y - era * 400
corpus/16-dates/iso_week.rb	(11,40)-(11,41):wrong type of arguments	V3	-	masgn-from-Array	doe = yoe * 365 + yoe / 4 - yoe / 100 + doy
corpus/16-dates/iso_week.rb	(11,28)-(11,29):wrong type of arguments	V3	-	masgn-from-Array	doe = yoe * 365 + yoe / 4 - yoe / 100 + doy
corpus/16-dates/iso_week.rb	(11,18)-(11,19):wrong type of arguments	V3	-	masgn-from-Array	doe = yoe * 365 + yoe / 4 - yoe / 100 + doy
corpus/16-dates/iso_week.rb	(11,24)-(11,25):undefined method: Array[untyped]#/	V3	-	masgn-from-Array	doe = yoe * 365 + yoe / 4 - yoe / 100 + doy
corpus/16-dates/iso_week.rb	(11,34)-(11,35):undefined method: Array[untyped]#/	V3	-	masgn-from-Array	doe = yoe * 365 + yoe / 4 - yoe / 100 + doy
corpus/16-dates/iso_week.rb	(41,9)-(41,11):wrong type of arguments	V3	-	masgn-from-Array	year -= 1
corpus/16-dates/iso_week.rb	(42,34)-(42,35):wrong type of arguments	V3	-	masgn-from-Array	elsif days >= week1_monday(year + 1)
corpus/16-dates/iso_week.rb	(43,9)-(43,11):wrong type of arguments	V3	-	masgn-from-Array	year += 1
corpus/16-dates/iso_week.rb	(96,51)-(96,55):undefined method: nil#size	V6	block-param-shadow	block-param-shadow	busiest = by_week.max_by { |_key, entries| entries.size }
corpus/16-dates/meeting_scheduler.rb	(18,16)-(18,21):undefined method: Array[String]#split	V3	-	masgn-from-Array	h, m = hhmm.split(":")
corpus/16-dates/meeting_scheduler.rb	(60,17)-(60,22):undefined method: nil#start	V7	-	nil?-no-narrow	Slot.new(found.start, found.start + duration)
corpus/16-dates/meeting_scheduler.rb	(60,30)-(60,35):undefined method: nil#start	V7	-	nil?-no-narrow	Slot.new(found.start, found.start + duration)
corpus/04-numeric/monte_carlo.rb	(39,20)-(39,24):wrong type of arguments	V1	-	interface-nominal	def stderr = Math.sqrt(variance / @n)
corpus/04-numeric/monte_carlo.rb	(79,52)-(79,55):wrong type of arguments	V1	-	interface-nominal	plain = mc_integral(rng, 0.0, 2.0, 1500) { |x| Math.exp(-x * x) }
corpus/04-numeric/monte_carlo.rb	(80,59)-(80,62):wrong type of arguments	V1	-	interface-nominal	anti = antithetic_integral(rng, 0.0, 2.0, 1500) { |x| Math.exp(-x * x) }
corpus/04-numeric/monte_carlo.rb	(116,36)-(116,39):wrong type of arguments	V1	-	interface-nominal	hits += 1 if center <= 0.4 * Math.sin(theta)
corpus/04-numeric/numeric_integration.rb	(4,40)-(4,41):undefined method: Numeric#*	residual	-	unclassified	(1...n).each { |i| sum += yield(a + i * h) }
corpus/04-numeric/numeric_integration.rb	(96,45)-(96,48):wrong type of arguments	V1	-	interface-nominal	Problem.new("exp on [0,1]", 0.0, 1.0, Math.exp(1.0) - 1.0),
corpus/04-numeric/numeric_integration.rb	(104,31)-(104,34):wrong type of arguments	V1	-	interface-nominal	in "sin on [0,pi]" then Math.sin(x)
corpus/04-numeric/numeric_integration.rb	(105,30)-(105,33):wrong type of arguments	V1	-	interface-nominal	in "exp on [0,1]" then Math.exp(x)
corpus/04-numeric/numeric_integration.rb	(107,31)-(107,35):wrong type of arguments	V1	-	interface-nominal	in "sqrt on [0,1]" then Math.sqrt(x)
corpus/04-numeric/numeric_integration.rb	(130,48)-(130,51):wrong type of arguments	V1	-	interface-nominal	err = (trapezoid(0.0, Math::PI, n) { |x| Math.sin(x) } - 2.0).abs
corpus/04-numeric/numerical_derivatives.rb	(24,20)-(24,23):wrong type of arguments	V1	-	interface-nominal	in :sin then Math.sin(x)
corpus/04-numeric/numerical_derivatives.rb	(25,20)-(25,23):wrong type of arguments	V1	-	interface-nominal	in :exp then Math.exp(x)
corpus/04-numeric/numerical_derivatives.rb	(26,20)-(26,23):wrong type of arguments	V1	-	interface-nominal	in :log then Math.log(x)
corpus/04-numeric/numerical_derivatives.rb	(33,20)-(33,23):wrong type of arguments	V1	-	interface-nominal	in :sin then Math.cos(x)
corpus/04-numeric/numerical_derivatives.rb	(34,20)-(34,23):wrong type of arguments	V1	-	interface-nominal	in :exp then Math.exp(x)
corpus/04-numeric/numerical_derivatives.rb	(69,41)-(69,44):wrong type of arguments	V1	-	interface-nominal	err = (central_diff(1.0, h) { |t| Math.sin(t) } - Math.cos(1.0)).abs
corpus/04-numeric/numerical_derivatives.rb	(69,57)-(69,60):wrong type of arguments	V1	-	interface-nominal	err = (central_diff(1.0, h) { |t| Math.sin(t) } - Math.cos(1.0)).abs
corpus/04-numeric/numerical_derivatives.rb	(76,92)-(76,96):wrong type of arguments	V1	-	interface-nominal	puts format("  best h = %.0e (err %.2e); theory ~ cbrt(eps) = %.1e", best_h, best_err, Math.cbrt(Float::EPSILON))
corpus/04-numeric/numerical_derivatives.rb	(78,85)-(78,88):wrong type of arguments	V1	-	interface-nominal	puts format("second derivative of exp at 0: %.8f", second_diff(0.0, 1e-4) { |t| Math.exp(t) })
corpus/04-numeric/numerical_derivatives.rb	(83,5)-(83,6):failed to resolve overloads	V3	-	masgn-from-Array	[x * x * y - 1.0, Math.sin(x) + y ** 3]
corpus/04-numeric/numerical_derivatives.rb	(83,32)-(83,33):failed to resolve overloads	V3	-	masgn-from-Array	[x * x * y - 1.0, Math.sin(x) + y ** 3]
corpus/04-numeric/numerical_derivatives.rb	(83,25)-(83,28):wrong type of arguments	V3	-	masgn-from-Array	[x * x * y - 1.0, Math.sin(x) + y ** 3]
corpus/04-numeric/numerical_derivatives.rb	(103,41)-(103,44):wrong type of arguments	V1	-	interface-nominal	exact = [[2.0 * px * py, px * px], [Math.cos(px), 3.0 * py * py]]
corpus/04-numeric/ode_solver.rb	(47,25)-(47,28):undefined method: nil#[]	V6	-	block-param-shadow	def oscillator(t, y) = [y[1], -y[0]]
corpus/04-numeric/ode_solver.rb	(47,32)-(47,35):undefined method: nil#[]	V6	-	block-param-shadow	def oscillator(t, y) = [y[1], -y[0]]
corpus/04-numeric/ode_solver.rb	(48,40)-(48,42):undefined method: nil#**	residual	-	unclassified	def energy(y) = 0.5 * (y[0] ** 2 + y[1] ** 2)
corpus/04-numeric/ode_solver.rb	(57,23)-(57,26):wrong type of arguments	V1	-	interface-nominal	err = (y[0] - Math.cos(10.0)).abs
corpus/04-numeric/ode_solver.rb	(63,35)-(63,38):wrong type of arguments	V1	-	interface-nominal	exact = 100.0 / (1.0 + 19.0 * Math.exp(-0.8 * 12.0))
corpus/04-numeric/ode_solver.rb	(95,24)-(95,27):wrong type of arguments	V1	-	interface-nominal	err = (st.y[0] - Math.exp(-1.0)).abs
corpus/04-numeric/ode_solver.rb	(96,26)-(96,30):wrong type of arguments	V1	-	interface-nominal	order = prev_err ? Math.log2(prev_err / err) : 0.0
corpus/04-numeric/optimization.rb	(12,18)-(12,23):wrong type of arguments	V1	-	interface-nominal	def norm = Math.hypot(@x, @y)
corpus/04-numeric/optimization.rb	(43,29)-(43,30):undefined method: nil#x	V9	-	lib-nilable-return	def rosenbrock(p) = (1.0 - p.x) ** 2 + 100.0 * (p.y - p.x ** 2) ** 2
corpus/04-numeric/optimization.rb	(43,50)-(43,51):undefined method: nil#y	V9	-	lib-nilable-return	def rosenbrock(p) = (1.0 - p.x) ** 2 + 100.0 * (p.y - p.x ** 2) ** 2
corpus/04-numeric/optimization.rb	(43,56)-(43,57):undefined method: nil#x	V9	-	lib-nilable-return	def rosenbrock(p) = (1.0 - p.x) ** 2 + 100.0 * (p.y - p.x ** 2) ** 2
corpus/04-numeric/optimization.rb	(104,32)-(104,35):wrong type of arguments	V1	-	interface-nominal	in "cos on [2,5]" then Math.cos(x)
corpus/04-numeric/optimization.rb	(122,11)-(122,12):undefined method: nil#-	V9	-	lib-nilable-return	dist = (nm - P2.new(1.0, 1.0)).norm
corpus/04-numeric/optimization.rb	(131,11)-(131,12):undefined method: nil#x	V9	-	lib-nilable-return	key = [m.x.round(3), m.y.round(3)]
corpus/04-numeric/optimization.rb	(131,25)-(131,26):undefined method: nil#y	V9	-	lib-nilable-return	key = [m.x.round(3), m.y.round(3)]
corpus/04-numeric/optimization.rb	(133,65)-(133,66):undefined method: nil#x	V9	-	lib-nilable-return	puts format("  from %s -> (%.4f, %.4f) in %d iterations", s, m.x, m.y, it)
corpus/04-numeric/optimization.rb	(133,70)-(133,71):undefined method: nil#y	V9	-	lib-nilable-return	puts format("  from %s -> (%.4f, %.4f) in %d iterations", s, m.x, m.y, it)
corpus/16-dates/moon_phases.rb	(38,29)-(38,30):undefined method: Numeric#/	V2	-	numeric-catchall-overload	PHASES[((age + eighth / 2) / eighth) % 8]
corpus/16-dates/moon_phases.rb	(45,7)-(45,8):undefined method: Numeric#*	V2	-	numeric-catchall-overload	dist * 100 / half
corpus/16-dates/moon_phases.rb	(48,46)-(48,47):undefined method: Numeric#/	V2	-	numeric-catchall-overload	def glyph(age) = GLYPHS[((age + SYNODIC / 16) / (SYNODIC / 8)) % 8]
corpus/16-dates/moon_phases.rb	(56,24)-(56,25):undefined method: Numeric#*	V2	-	numeric-catchall-overload	mins = (units % UNIT) * 1440 / UNIT
corpus/16-dates/moon_phases.rb	(64,58)-(64,59):undefined method: Numeric#/	V2	-	numeric-catchall-overload	puts format("  %s  age %5.2f d  %3d%%  %s", fmt(z), age / UNIT.to_f, illumination(age), phase_name(age))
corpus/16-dates/moon_phases.rb	(106,94)-(106,95):undefined method: Numeric#/	V2	-	numeric-catchall-overload	puts format("  %d  %-5s %-8s %-5s %s, cycle year %2d", y, stems[s], branches[b], elements[s / 2], s.even? ? "yang" : "yin", (y - 4) % 60 + 1)
corpus/16-dates/moon_phases.rb	(106,102)-(106,107):undefined method: Numeric#even?	V2	-	numeric-catchall-overload	puts format("  %d  %-5s %-8s %-5s %s, cycle year %2d", y, stems[s], branches[b], elements[s / 2], s.even? ? "yang" : "yin", (y - 4) % 60 + 1)
corpus/16-dates/parking_fees.rb	(57,4)-(57,6):wrong type of arguments	V3	-	masgn-from-Array	y -= 1 if m <= 2
corpus/16-dates/parking_fees.rb	(58,10)-(58,11):undefined method: Array[untyped]#/	V3	-	masgn-from-Array	era = y / 400
corpus/16-dates/parking_fees.rb	(58,10)-(58,11):undefined method: Array[untyped]#/	V3	-	masgn-from-Array	era = y / 400
corpus/16-dates/parking_fees.rb	(59,10)-(59,11):wrong type of arguments	V3	-	masgn-from-Array	yoe = y - era * 400
corpus/16-dates/parking_fees.rb	(59,10)-(59,11):wrong type of arguments	V3	-	masgn-from-Array	yoe = y - era * 400
corpus/16-dates/parking_fees.rb	(60,13)-(60,14):failed to resolve overloads	V11	-	empty-arg	doy = (153 * ((m + 9) % 12) + 2) / 5 + d - 1
corpus/16-dates/parking_fees.rb	(61,33)-(61,34):undefined method: Array[untyped]#/	V3	-	masgn-from-Array	era * 146097 + yoe * 365 + yoe / 4 - yoe / 100 + doy - 719468
corpus/16-dates/parking_fees.rb	(61,43)-(61,44):undefined method: Array[untyped]#/	V3	-	masgn-from-Array	era * 146097 + yoe * 365 + yoe / 4 - yoe / 100 + doy - 719468
corpus/16-dates/parking_fees.rb	(137,53)-(137,54):undefined method: nil#>	V6	block-param-shadow	block-param-shadow	paying = stays.select { |_plate, _mins, cents| cents > 0 }
corpus/16-dates/parking_fees.rb	(142,48)-(142,52):expected: Comparable | Array[...]; actual: nil	V6	block-param-shadow	block-param-shadow	longest = stays.max_by { |_plate, mins, _cents| mins }
corpus/16-dates/recurring_events.rb	(16,14)-(16,16):undefined method: nil#<=	V6	-	block-param-shadow	y -= 1 if m <= 2
corpus/16-dates/recurring_events.rb	(16,4)-(16,6):undefined method: nil#-	V6	-	block-param-shadow	y -= 1 if m <= 2
corpus/16-dates/recurring_events.rb	(16,4)-(16,6):wrong type of arguments	V3	-	masgn-from-Array	y -= 1 if m <= 2
corpus/16-dates/recurring_events.rb	(17,10)-(17,11):undefined method: nil#/	V6	-	block-param-shadow	era = y / 400
corpus/16-dates/recurring_events.rb	(17,10)-(17,11):undefined method: Array[untyped]#/	V3	-	masgn-from-Array	era = y / 400
corpus/16-dates/recurring_events.rb	(17,10)-(17,11):undefined method: Array[untyped]#/	V3	-	masgn-from-Array	era = y / 400
corpus/16-dates/recurring_events.rb	(18,10)-(18,11):undefined method: nil#-	V6	-	block-param-shadow	yoe = y - era * 400
corpus/16-dates/recurring_events.rb	(18,10)-(18,11):wrong type of arguments	V3	-	masgn-from-Array	yoe = y - era * 400
corpus/16-dates/recurring_events.rb	(18,10)-(18,11):wrong type of arguments	V3	-	masgn-from-Array	yoe = y - era * 400
corpus/16-dates/recurring_events.rb	(19,19)-(19,20):undefined method: nil#+	V6	-	block-param-shadow	doy = (153 * ((m + 9) % 12) + 2) / 5 + d - 1
corpus/16-dates/recurring_events.rb	(20,33)-(20,34):undefined method: Array[untyped]#/	V3	-	masgn-from-Array	era * 146097 + yoe * 365 + yoe / 4 - yoe / 100 + doy - 719468
corpus/16-dates/recurring_events.rb	(20,43)-(20,44):undefined method: Array[untyped]#/	V3	-	masgn-from-Array	era * 146097 + yoe * 365 + yoe / 4 - yoe / 100 + doy - 719468
corpus/16-dates/recurring_events.rb	(28,19)-(28,20):failed to resolve overloads	V11	-	empty-arg	doy = doe - (365 * yoe + yoe / 4 - yoe / 100)
corpus/16-dates/recurring_events.rb	(29,10)-(29,11):failed to resolve overloads	V11	-	empty-arg	mp = (5 * doy + 2) / 153
corpus/16-dates/recurring_events.rb	(30,17)-(30,18):failed to resolve overloads	V11	-	empty-arg	d = doy - (153 * mp + 2) / 5 + 1
corpus/16-dates/recurring_events.rb	(38,19)-(38,20):undefined method: nil#+	V6	-	block-param-shadow	ny = m == 12 ? y + 1 : y
corpus/16-dates/recurring_events.rb	(39,23)-(39,24):undefined method: nil#+	V6	-	block-param-shadow	nm = m == 12 ? 1 : m + 1
corpus/12-parsers/rpn_calc.rb	(44,6)-(44,7):undefined method: nil#/	residual	-	unclassified	a / b
corpus/12-parsers/rpn_calc.rb	(49,10)-(49,13):undefined method: nil#[]	V8	-	assign-in-cond-no-narrow	if m[1] == "sto"
corpus/12-parsers/rpn_calc.rb	(51,15)-(51,18):undefined method: nil#[]	V8	-	assign-in-cond-no-narrow	@regs[m[2]] = @stack.last
corpus/12-parsers/rpn_calc.rb	(53,19)-(53,22):undefined method: nil#[]	V8	-	assign-in-cond-no-narrow	v = @regs[m[2]]
corpus/12-parsers/rpn_calc.rb	(68,27)-(68,28):undefined method: nil#-@	residual	-	nil-cascade-other	when "neg" then push(-pop)
corpus/12-parsers/rpn_calc.rb	(69,33)-(69,37):wrong type of arguments	V1	-	interface-nominal	when "sqrt" then push(Math.sqrt(pop))
corpus/12-parsers/shunting_yard.rb	(21,19)-(21,25):undefined method: nil#match?	V9	-	lib-nilable-return	def number?(t) = t.match?(/\A\d+\z/)
corpus/12-parsers/shunting_yard.rb	(21,19)-(21,25):undefined method: Array[String?]#match?	V9	-	lib-nilable-return	def number?(t) = t.match?(/\A\d+\z/)
corpus/12-parsers/shunting_yard.rb	(63,18)-(63,19):undefined method: nil#+	V7	-	nil?-no-narrow	when "+" then a + b
corpus/12-parsers/shunting_yard.rb	(64,18)-(64,19):undefined method: nil#-	V7	-	nil?-no-narrow	when "-" then a - b
corpus/12-parsers/shunting_yard.rb	(65,18)-(65,19):undefined method: nil#*	V7	-	nil?-no-narrow	when "*" then a * b
corpus/12-parsers/shunting_yard.rb	(65,18)-(65,19):undefined method: Numeric#*	residual	-	unclassified	when "*" then a * b
corpus/12-parsers/shunting_yard.rb	(66,18)-(66,19):undefined method: nil#/	V7	-	nil?-no-narrow	when "/" then a / b
corpus/12-parsers/shunting_yard.rb	(66,18)-(66,19):undefined method: Numeric#/	residual	-	unclassified	when "/" then a / b
corpus/12-parsers/shunting_yard.rb	(67,8)-(67,10):undefined method: nil#**	V7	-	nil?-no-narrow	else a**b
corpus/12-parsers/shunting_yard.rb	(67,8)-(67,10):undefined method: Numeric#**	residual	-	unclassified	else a**b
corpus/12-parsers/shunting_yard.rb	(87,16)-(87,27):undefined method: nil#denominator	V9	-	lib-nilable-return	def show(r) = r.denominator == 1 ? r.numerator.to_s : r.to_s
corpus/12-parsers/shunting_yard.rb	(87,37)-(87,46):undefined method: nil#numerator	V9	-	lib-nilable-return	def show(r) = r.denominator == 1 ? r.numerator.to_s : r.to_s
corpus/12-parsers/stack_vm.rb	(40,14)-(40,17):undefined method: nil#[]	V8	-	assign-in-cond-no-narrow	labels[m[1]] = code.size
corpus/12-parsers/stack_vm.rb	(91,25)-(91,26):undefined method: nil#+	residual	-	nil-cascade-other	when :add then x + y
corpus/12-parsers/stack_vm.rb	(92,25)-(92,26):undefined method: nil#-	residual	-	unclassified	when :sub then x - y
corpus/12-parsers/stack_vm.rb	(92,25)-(92,26):undefined method: String#-	residual	-	unclassified	when :sub then x - y
corpus/12-parsers/stack_vm.rb	(93,25)-(93,26):undefined method: nil#*	residual	-	unclassified	when :mul then x * y
corpus/12-parsers/stack_vm.rb	(93,25)-(93,26):undefined method: Numeric#*	V2	-	numeric-catchall-overload	when :mul then x * y
corpus/12-parsers/stack_vm.rb	(94,25)-(94,26):undefined method: nil#/	residual	-	unclassified	when :div then x / y
corpus/12-parsers/stack_vm.rb	(94,25)-(94,26):undefined method: Numeric#/	V2	-	numeric-catchall-overload	when :div then x / y
corpus/12-parsers/stack_vm.rb	(94,25)-(94,26):undefined method: String#/	residual	-	unclassified	when :div then x / y
corpus/12-parsers/stack_vm.rb	(95,25)-(95,26):undefined method: nil#%	residual	-	unclassified	when :mod then x % y
corpus/12-parsers/stack_vm.rb	(96,24)-(96,25):undefined method: nil#<	residual	-	unclassified	when :lt then x < y ? 1 : 0
corpus/12-parsers/stack_vm.rb	(107,12)-(107,17):undefined method: nil#times	V10	-	user-nil	ins.b.times { locals.unshift(pop!(stack, pc)) }
corpus/12-parsers/stack_vm.rb	(107,12)-(107,17):undefined method: String#times	residual	-	unclassified	ins.b.times { locals.unshift(pop!(stack, pc)) }
corpus/12-parsers/symbolic_diff.rb	(103,34)-(103,38):undefined method: Array[String?]#to_i	V9	-	lib-nilable-return	when /\A\d+\z/ then Num.new(t.to_i)
corpus/12-parsers/symbolic_diff.rb	(104,39)-(104,43):undefined method: Array[String?]#to_f	V9	-	lib-nilable-return	when /\A\d+\.\d+\z/ then Num.new(t.to_f)
corpus/12-parsers/symbolic_diff.rb	(217,25)-(217,28):wrong type of arguments	V1	-	interface-nominal	when "sin" then Math.sin(v)
corpus/12-parsers/symbolic_diff.rb	(218,25)-(218,28):wrong type of arguments	V1	-	interface-nominal	when "cos" then Math.cos(v)
corpus/12-parsers/symbolic_diff.rb	(219,25)-(219,28):wrong type of arguments	V1	-	interface-nominal	when "exp" then Math.exp(v)
corpus/12-parsers/symbolic_diff.rb	(220,24)-(220,27):wrong type of arguments	V1	-	interface-nominal	when "ln" then Math.log(v)
corpus/12-parsers/symbolic_diff.rb	(226,20)-(226,21):undefined method: nil#+	residual	-	unclassified	when "+" then a + b
corpus/12-parsers/symbolic_diff.rb	(227,20)-(227,21):undefined method: nil#-	residual	-	unclassified	when "-" then a - b
corpus/12-parsers/symbolic_diff.rb	(228,20)-(228,21):undefined method: nil#*	residual	-	unclassified	when "*" then a * b
corpus/12-parsers/symbolic_diff.rb	(228,20)-(228,21):undefined method: Numeric#*	residual	-	unclassified	when "*" then a * b
corpus/12-parsers/symbolic_diff.rb	(229,20)-(229,21):undefined method: nil#/	residual	-	unclassified	when "/" then a / b
corpus/12-parsers/symbolic_diff.rb	(229,20)-(229,21):undefined method: Numeric#/	residual	-	unclassified	when "/" then a / b
corpus/12-parsers/symbolic_diff.rb	(230,19)-(230,21):undefined method: nil#**	residual	-	unclassified	when "^" then a**b
corpus/12-parsers/symbolic_diff.rb	(230,19)-(230,21):undefined method: Numeric#**	residual	-	unclassified	when "^" then a**b
corpus/12-parsers/symbolic_diff.rb	(242,50)-(242,55):undefined method: nil#round	residual	-	unclassified	exact = evaluate(df, { "x" => x0, "y" => 2.0 }).round(4)
corpus/12-parsers/symbolic_diff.rb	(243,103)-(243,104):undefined method: Numeric#/	residual	-	unclassified	numeric = ((evaluate(f, { "x" => x0 + h, "y" => 2.0 }) - evaluate(f, { "x" => x0 - h, "y" => 2.0 })) / (2 * h)).round(4)
corpus/12-parsers/symbolic_diff.rb	(243,57)-(243,58):undefined method: nil#-	residual	-	unclassified	numeric = ((evaluate(f, { "x" => x0 + h, "y" => 2.0 }) - evaluate(f, { "x" => x0 - h, "y" => 2.0 })) / (2 * h)).round(4)
corpus/12-parsers/template_engine.rb	(30,67)-(30,68):undefined method: nil#>	V9	-	lib-nilable-return	stack.last.children << Tag.new(:text, src[pos...open]) if open > pos
corpus/12-parsers/template_engine.rb	(31,19)-(31,20):undefined method: nil#+	V9	-	lib-nilable-return	raw = src[open + 2] == "{"
corpus/12-parsers/template_engine.rb	(33,22)-(33,23):undefined method: nil#+	V9	-	lib-nilable-return	body_start = open + (raw ? 3 : 2)
corpus/12-parsers/template_engine.rb	(36,36)-(36,41):undefined method: nil#strip	V9	-	lib-nilable-return	inner = src[body_start...close].strip
corpus/12-parsers/template_engine.rb	(37,16)-(37,17):undefined method: nil#+	V7	-	nil?-no-narrow	pos = close + closer.size
corpus/12-parsers/template_engine.rb	(49,86)-(49,90):undefined method: nil#name	V9	-	lib-nilable-return	raise TemplateError.new("unexpected {{/#{name}}}", open) if stack.empty? || top.name != name
corpus/12-parsers/template_engine.rb	(63,22)-(63,27):undefined method: nil#split	V9	-	lib-nilable-return	first, *rest = name.split(".")
corpus/10-grids/lights_out.rb	(78,55)-(78,59):undefined method: nil#size	V7	-	nil?-no-narrow	best = presses if best.nil? || presses.size < best.size
corpus/10-grids/lights_out.rb	(101,2)-(101,6):wrong type of arguments	V1	-	interface-nominal	puts g
corpus/10-grids/magic_square.rb	(13,23)-(13,26):failed to resolve overloads	V5	-	module_function	def blank(n) = Array.new(n) { Array.new(n, 0) }
corpus/10-grids/magic_square.rb	(13,38)-(13,41):failed to resolve overloads	V5	-	module_function	def blank(n) = Array.new(n) { Array.new(n, 0) }
corpus/10-grids/magic_square.rb	(22,19)-(22,20):failed to resolve overloads	V5	-	module_function	nr = (r - 1) % n
corpus/10-grids/magic_square.rb	(24,11)-(24,15):failed to resolve overloads	V5	-	module_function	if sq[nr][nc] != 0
corpus/10-grids/magic_square.rb	(25,21)-(25,22):failed to resolve overloads	V5	-	module_function	nr = (r + 1) % n
corpus/10-grids/magic_square.rb	(41,10)-(41,13):failed to resolve overloads	V5	-	module_function	sq[r][c] = diagonal ? n * n + 1 - k : k
corpus/10-grids/magic_square.rb	(87,18)-(87,22):wrong type of arguments	V5	-	module_function	sq.each { |row| puts row.map { it.to_s.rjust(width) }.join(" ") }
corpus/10-grids/magic_square.rb	(91,13)-(91,19):undefined method: singleton(Build)#square	V5	module_function	module_function	sq = Build.square(n)
corpus/10-grids/magic_square.rb	(92,8)-(92,14):undefined method: singleton(Check)#report	V5	module_function	module_function	Check.report(sq) => { magic:, normal:, target: }
corpus/10-grids/magic_square.rb	(106,8)-(106,14):undefined method: singleton(Check)#report	V5	module_function	module_function	Check.report(sq) => { magic:, normal:, wrong: }
corpus/10-grids/matrix_spiral.rb	(47,35)-(47,38):undefined method: nil#map	V9	-	lib-nilable-return	(0...@height).map { |r| row(r).map { it.to_s.rjust(cell_width) }.join(" ") }.join("\n")
corpus/10-grids/matrix_spiral.rb	(103,2)-(103,6):wrong type of arguments	V1	-	interface-nominal	puts m
corpus/10-grids/matrix_spiral.rb	(107,2)-(107,6):wrong type of arguments	V1	-	interface-nominal	puts m.rotate
corpus/10-grids/matrix_spiral.rb	(114,0)-(114,4):wrong type of arguments	V1	-	interface-nominal	puts t
corpus/10-grids/maze_bfs.rb	(79,24)-(79,25):undefined method: nil#-	residual	nested-destructure-param	nested-destructure-param	turns += 1 if (br - ar) != (cr - br) || (bc - ac) != (cc - bc)
corpus/10-grids/maze_bfs.rb	(79,37)-(79,38):undefined method: nil#-	residual	nested-destructure-param	nested-destructure-param	turns += 1 if (br - ar) != (cr - br) || (bc - ac) != (cc - bc)
corpus/10-grids/maze_bfs.rb	(79,50)-(79,51):undefined method: nil#-	residual	nested-destructure-param	nested-destructure-param	turns += 1 if (br - ar) != (cr - br) || (bc - ac) != (cc - bc)
corpus/10-grids/maze_bfs.rb	(79,63)-(79,64):undefined method: nil#-	residual	nested-destructure-param	nested-destructure-param	turns += 1 if (br - ar) != (cr - br) || (bc - ac) != (cc - bc)
corpus/16-dates/cron_schedule.rb	(41,20)-(41,28):undefined method: Array[String]#downcase	V3	-	masgn-from-Array	v = ALIASES[token.downcase]
corpus/16-dates/cron_schedule.rb	(43,67)-(43,73):undefined method: Array[String]#match?	V3	-	masgn-from-Array	raise CronError.new("not a number: #{token}", name) unless token.match?(/\A\d+\z/)
corpus/16-dates/cron_schedule.rb	(44,8)-(44,12):undefined method: Array[String]#to_i	V3	-	masgn-from-Array	token.to_i
corpus/16-dates/cron_schedule.rb	(57,24)-(57,29):undefined method: Array[String]#split	V3	-	masgn-from-Array	x, y = range_text.split("-", 2)
corpus/16-dates/cron_schedule.rb	(102,6)-(102,8):undefined method: nil#+	V10	-	user-nil	t += 1
corpus/16-dates/cron_schedule.rb	(110,49)-(110,50):undefined method: Numeric#*	V2	-	numeric-catchall-overload	return day * 1440 + h * 60 + mi if h * 60 + mi >= from
corpus/16-dates/cron_schedule.rb	(110,34)-(110,35):undefined method: Numeric#*	V2	-	numeric-catchall-overload	return day * 1440 + h * 60 + mi if h * 60 + mi >= from
corpus/16-dates/cron_schedule.rb	(122,109)-(122,110):undefined method: Numeric#/	V2	-	numeric-catchall-overload	format("%04d-%02d-%02d %s %02d:%02d", y, m, d, %w[Sun Mon Tue Wed Thu Fri Sat][wday(t / 1440)], (t % 1440) / 60, t % 60)
corpus/16-dates/cron_schedule.rb	(157,35)-(157,36):undefined method: nil#<	V10	-	user-nil	while (t = job.next_after(t)) && t < stop
corpus/16-dates/cron_schedule.rb	(159,12)-(159,13):undefined method: nil#/	V10	-	user-nil	per_day[t / 1440] += 1
corpus/16-dates/cron_schedule.rb	(159,12)-(159,13):undefined method: nil#/	V10	-	user-nil	per_day[t / 1440] += 1
corpus/16-dates/date_arith.rb	(41,11)-(41,14):undefined method: nil#[]	V7	-	nil?-no-narrow	civil(m[1].to_i, m[2].to_i, m[3].to_i)
corpus/16-dates/date_arith.rb	(41,22)-(41,25):undefined method: nil#[]	V7	-	nil?-no-narrow	civil(m[1].to_i, m[2].to_i, m[3].to_i)
corpus/16-dates/date_arith.rb	(41,33)-(41,36):undefined method: nil#[]	V7	-	nil?-no-narrow	civil(m[1].to_i, m[2].to_i, m[3].to_i)
corpus/16-dates/date_arith.rb	(63,34)-(63,35):failed to resolve overloads	residual	case-in-no-narrow	case-in-no-narrow	in Integer then Date.new(@jdn - other)
corpus/16-dates/date_arith.rb	(100,43)-(100,44):undefined method: Date#-@	residual	-	unclassified	rel = diff >= 0 ? "in #{diff} days" : "#{-diff} days ago"
corpus/16-dates/date_arith.rb	(106,41)-(106,44):undefined method: nil#jdn	V6	block-param-shadow	block-param-shadow	sorted = parsed.sort_by { |_name, dt| dt.jdn }
corpus/16-dates/date_arith.rb	(108,40)-(108,41):undefined method: nil#>	V6	block-param-shadow	block-param-shadow	upcoming = sorted.find { |_name, dt| dt > today }
corpus/16-dates/day_of_week.rb	(11,4)-(11,6):wrong type of arguments	V3	-	masgn-from-Array	y -= 1 if m < 3
corpus/16-dates/day_of_week.rb	(12,49)-(12,50):undefined method: Array[untyped]#%	V3	-	masgn-from-Array	(y + y / 4 - y / 100 + y / 400 + t[m - 1] + d) % 7
corpus/16-dates/day_of_week.rb	(12,44)-(12,45):wrong type of arguments	V3	-	masgn-from-Array	(y + y / 4 - y / 100 + y / 400 + t[m - 1] + d) % 7
corpus/16-dates/day_of_week.rb	(12,33)-(12,34):wrong type of arguments	V3	-	masgn-from-Array	(y + y / 4 - y / 100 + y / 400 + t[m - 1] + d) % 7
corpus/16-dates/day_of_week.rb	(12,23)-(12,24):wrong type of arguments	V3	-	masgn-from-Array	(y + y / 4 - y / 100 + y / 400 + t[m - 1] + d) % 7
corpus/16-dates/day_of_week.rb	(12,13)-(12,14):wrong type of arguments	V3	-	masgn-from-Array	(y + y / 4 - y / 100 + y / 400 + t[m - 1] + d) % 7
corpus/16-dates/day_of_week.rb	(12,5)-(12,6):wrong type of arguments	V3	-	masgn-from-Array	(y + y / 4 - y / 100 + y / 400 + t[m - 1] + d) % 7
corpus/16-dates/day_of_week.rb	(12,5)-(12,6):wrong type of arguments	V3	-	masgn-from-Array	(y + y / 4 - y / 100 + y / 400 + t[m - 1] + d) % 7
corpus/16-dates/day_of_week.rb	(12,9)-(12,10):undefined method: Array[untyped]#/	V3	-	masgn-from-Array	(y + y / 4 - y / 100 + y / 400 + t[m - 1] + d) % 7
corpus/16-dates/day_of_week.rb	(12,9)-(12,10):undefined method: Array[untyped]#/	V3	-	masgn-from-Array	(y + y / 4 - y / 100 + y / 400 + t[m - 1] + d) % 7
corpus/16-dates/day_of_week.rb	(12,17)-(12,18):undefined method: Array[untyped]#/	V3	-	masgn-from-Array	(y + y / 4 - y / 100 + y / 400 + t[m - 1] + d) % 7
corpus/16-dates/day_of_week.rb	(12,17)-(12,18):undefined method: Array[untyped]#/	V3	-	masgn-from-Array	(y + y / 4 - y / 100 + y / 400 + t[m - 1] + d) % 7
corpus/16-dates/day_of_week.rb	(12,27)-(12,28):undefined method: Array[untyped]#/	V3	-	masgn-from-Array	(y + y / 4 - y / 100 + y / 400 + t[m - 1] + d) % 7
corpus/16-dates/day_of_week.rb	(12,27)-(12,28):undefined method: Array[untyped]#/	V3	-	masgn-from-Array	(y + y / 4 - y / 100 + y / 400 + t[m - 1] + d) % 7
corpus/16-dates/day_of_week.rb	(19,6)-(19,8):wrong type of arguments	V3	-	masgn-from-Array	y -= 1
corpus/16-dates/day_of_week.rb	(21,8)-(21,9):undefined method: Array[untyped]#%	V3	-	masgn-from-Array	k = y % 100
corpus/16-dates/day_of_week.rb	(21,8)-(21,9):undefined method: Array[untyped]#%	V3	-	masgn-from-Array	k = y % 100
corpus/16-dates/day_of_week.rb	(22,8)-(22,9):undefined method: Array[untyped]#/	V3	-	masgn-from-Array	j = y / 100
corpus/16-dates/day_of_week.rb	(22,8)-(22,9):undefined method: Array[untyped]#/	V3	-	masgn-from-Array	j = y / 100
corpus/16-dates/day_of_week.rb	(23,38)-(23,39):undefined method: Numeric#/	V2	-	numeric-catchall-overload	h = (d + (13 * (m + 1)) / 5 + k + k / 4 + j / 4 + 5 * j) % 7
corpus/16-dates/durations.rb	(35,25)-(35,28):wrong type of arguments	V11	-	empty-arg	def <=>(other) = @secs <=> other.secs
corpus/16-dates/durations.rb	(38,13)-(38,18):undefined method: nil#strip	residual	-	unclassified	s = text.strip
corpus/16-dates/durations.rb	(40,18)-(40,21):undefined method: nil#[]	V8	-	assign-in-cond-no-narrow	return new(m[1].to_i * 3600 + m[2].to_i * 60 + m[3].to_i)
corpus/16-dates/durations.rb	(40,37)-(40,40):undefined method: nil#[]	V8	-	assign-in-cond-no-narrow	return new(m[1].to_i * 3600 + m[2].to_i * 60 + m[3].to_i)
corpus/16-dates/durations.rb	(40,54)-(40,57):undefined method: nil#[]	V8	-	assign-in-cond-no-narrow	return new(m[1].to_i * 3600 + m[2].to_i * 60 + m[3].to_i)
corpus/16-dates/durations.rb	(43,18)-(43,21):undefined method: nil#[]	V8	-	assign-in-cond-no-narrow	return new(m[1].to_i * 60 + m[2].to_i)
corpus/16-dates/durations.rb	(43,35)-(43,38):undefined method: nil#[]	V8	-	assign-in-cond-no-narrow	return new(m[1].to_i * 60 + m[2].to_i)
corpus/16-dates/durations.rb	(51,56)-(51,57):undefined method: Numeric#/	V2	-	numeric-catchall-overload	format("%d:%02d:%02d", @secs / 3600, (@secs % 3600) / 60, @secs % 60)
corpus/16-dates/durations.rb	(80,41)-(80,42):undefined method: nil#+	V6	block-param-shadow	block-param-shadow	total = good.reduce(ZERO) { |acc, d| acc + d }
corpus/19-statemachines/bank_queue_sim.rb	(88,19)-(88,20):undefined method: Numeric#*	V2	-	numeric-catchall-overload	@seed = (@seed * 1103515245 + 12345) % 2147483648
corpus/19-statemachines/bank_queue_sim.rb	(89,10)-(89,11):undefined method: Numeric#/	V2	-	numeric-catchall-overload	@seed / 65536 % n
corpus/19-statemachines/bank_queue_sim.rb	(112,8)-(112,13):undefined method: nil#state=	V10	-	user-nil	t.state = :idle
corpus/19-statemachines/bank_queue_sim.rb	(113,8)-(113,14):undefined method: nil#served=	V10	-	user-nil	t.served += 1
corpus/19-statemachines/bank_queue_sim.rb	(113,8)-(113,14):undefined method: nil#served	V10	-	user-nil	t.served += 1
corpus/19-statemachines/bank_queue_sim.rb	(117,16)-(117,21):undefined method: nil#state	V6	block-param-shadow	block-param-shadow	next if t.state == :busy || line.empty?
corpus/19-statemachines/bank_queue_sim.rb	(121,8)-(121,13):undefined method: nil#state=	V6	block-param-shadow	block-param-shadow	t.state = :busy
corpus/19-statemachines/bank_queue_sim.rb	(122,8)-(122,17):undefined method: nil#busy_time=	V6	block-param-shadow	block-param-shadow	t.busy_time += c.service
corpus/19-statemachines/bank_queue_sim.rb	(122,8)-(122,17):undefined method: nil#busy_time	V6	block-param-shadow	block-param-shadow	t.busy_time += c.service
corpus/19-statemachines/bank_queue_sim.rb	(150,19)-(150,20):failed to resolve overloads	V11	-	empty-arg	util = 100.0 * t.busy_time / end_time
corpus/19-statemachines/button_debounce.rb	(76,51)-(76,55):undefined method: nil#time	V10	-	user-nil	if state == :waiting_second && t - first_click.time > DOUBLE_GAP
corpus/19-statemachines/button_debounce.rb	(77,48)-(77,52):undefined method: nil#time	V10	-	user-nil	found << Gesture.new("click", first_click.time, first_click.time)
corpus/19-statemachines/button_debounce.rb	(77,66)-(77,70):undefined method: nil#time	V10	-	user-nil	found << Gesture.new("click", first_click.time, first_click.time)
corpus/19-statemachines/button_debounce.rb	(90,57)-(90,61):undefined method: nil#time	V10	-	user-nil	found << Gesture.new("double-click", first_click.time, t)
corpus/19-statemachines/circuit_breaker.rb	(129,25)-(129,34):undefined method: nil#end_with?	residual	-	unclassified	stats[:ok] += 1 if res.end_with?(":ok")
corpus/19-statemachines/circuit_breaker.rb	(130,61)-(130,70):undefined method: nil#end_with?	residual	-	unclassified	puts format("t=%02d %-10s %s", t, b.state, res) unless res.end_with?(":ok") && t % 5 != 0
corpus/06-linked/cycle_detection.rb	(26,16)-(26,20):undefined method: nil#next	V10	-	user-nil	slow = slow.next
corpus/06-linked/cycle_detection.rb	(27,21)-(27,25):undefined method: nil#next	V10	-	user-nil	fast = fast.next.next
corpus/06-linked/cycle_detection.rb	(27,16)-(27,20):undefined method: nil#next	V10	-	user-nil	fast = fast.next.next
corpus/06-linked/cycle_detection.rb	(34,20)-(34,24):undefined method: nil#next	V10	-	user-nil	start = start.next
corpus/06-linked/cycle_detection.rb	(35,18)-(35,22):undefined method: nil#next	V10	-	user-nil	meet = meet.next
corpus/06-linked/cycle_detection.rb	(39,18)-(39,22):undefined method: nil#next	V10	-	user-nil	probe = start.next
corpus/06-linked/cycle_detection.rb	(41,20)-(41,24):undefined method: nil#next	V10	-	user-nil	probe = probe.next
corpus/06-linked/cycle_detection.rb	(61,16)-(61,20):undefined method: nil#next	V10	-	user-nil	hare = hare.next
corpus/06-linked/cycle_detection.rb	(67,26)-(67,30):undefined method: nil#next	V10	-	user-nil	lam.times { hare = hare.next }
corpus/06-linked/cycle_detection.rb	(70,24)-(70,28):undefined method: nil#next	V10	-	user-nil	tortoise = tortoise.next
corpus/06-linked/cycle_detection.rb	(71,16)-(71,20):undefined method: nil#next	V10	-	user-nil	hare = hare.next
corpus/06-linked/cycle_detection.rb	(91,16)-(91,21):undefined method: nil#label	V10	-	user-nil	out << node.label
corpus/06-linked/cycle_detection.rb	(92,16)-(92,20):undefined method: nil#next	V10	-	user-nil	node = node.next
corpus/06-linked/cycle_detection.rb	(101,57)-(101,61):undefined method: nil#next	V10	-	user-nil	(info[:start] + info[:length] - 1).times { node = node.next }
corpus/06-linked/cycle_detection.rb	(102,7)-(102,11):undefined method: nil#next=	V10	-	user-nil	node.next = nil
corpus/06-linked/deque_sliding_window.rb	(79,35)-(79,39):undefined method: nil#prev	V10	-	user-nil	(-i - 1).times { node = node.prev }
corpus/06-linked/deque_sliding_window.rb	(82,28)-(82,32):undefined method: nil#next	V10	-	user-nil	i.times { node = node.next }
corpus/06-linked/deque_sliding_window.rb	(84,9)-(84,14):undefined method: nil#value	V10	-	user-nil	node.value
corpus/06-linked/deque_sliding_window.rb	(102,63)-(102,65):undefined method: nil#<=	V10	-	user-nil	window.pop_front while !window.empty? && window.peek_front <= i - k
corpus/06-linked/digit_list_bignum.rb	(74,17)-(74,18):undefined method: Numeric#*	V2	-	numeric-catchall-overload	s += x.d * k
corpus/06-linked/digit_list_bignum.rb	(113,14)-(113,17):wrong type of arguments	V2	-	numeric-catchall-overload	c = x.d <=> y.d
corpus/06-linked/digit_list_bignum.rb	(113,12)-(113,13):undefined method: nil#d	V10	-	user-nil	c = x.d <=> y.d
corpus/06-linked/digit_list_bignum.rb	(115,12)-(115,16):undefined method: nil#next	V10	-	user-nil	x = x.next
corpus/06-linked/free_list_pool.rb	(117,36)-(117,42):undefined method: nil#delete	V9	-	lib-nilable-return	pool.each_used { |_, n| by_prefix[n.delete("0123456789")] += 1 }
corpus/06-linked/free_list_pool.rb	(117,36)-(117,42):undefined method: nil#delete	V9	-	lib-nilable-return	pool.each_used { |_, n| by_prefix[n.delete("0123456789")] += 1 }
corpus/06-linked/josephus_circle.rb	(29,21)-(29,25):undefined method: nil#next	V7	-	nil?-no-narrow	cur = before_start.next
corpus/06-linked/josephus_circle.rb	(31,13)-(31,17):undefined method: nil#name	V10	-	user-nil	out << cur.name
corpus/06-linked/josephus_circle.rb	(32,12)-(32,16):undefined method: nil#next	V10	-	user-nil	cur = cur.next
corpus/06-linked/josephus_circle.rb	(34,15)-(34,19):undefined method: nil#name	V10	-	user-nil	out << cur.name
corpus/06-linked/josephus_circle.rb	(35,14)-(35,18):undefined method: nil#next	V10	-	user-nil	cur = cur.next
corpus/06-linked/josephus_circle.rb	(45,13)-(45,17):undefined method: nil#next	V10	-	user-nil	until prev.next.equal?(prev)
corpus/06-linked/josephus_circle.rb	(46,32)-(46,36):undefined method: nil#next	V10	-	user-nil	(k - 1).times { prev = prev.next }
corpus/06-linked/josephus_circle.rb	(47,15)-(47,19):undefined method: nil#next	V10	-	user-nil	out = prev.next
corpus/06-linked/josephus_circle.rb	(48,17)-(48,21):undefined method: nil#name	V10	-	user-nil	order << out.name
corpus/06-linked/josephus_circle.rb	(49,9)-(49,13):undefined method: nil#next=	V10	-	user-nil	prev.next = out.next
corpus/06-linked/josephus_circle.rb	(49,20)-(49,24):undefined method: nil#next	V10	-	user-nil	prev.next = out.next
corpus/06-linked/josephus_circle.rb	(51,15)-(51,19):undefined method: nil#name	V10	-	user-nil	[order, prev.name]
corpus/03-numtheory/miller_rabin.rb	(7,20)-(7,25):undefined method: Numeric#even?	residual	-	unclassified	return false if n.even?
corpus/03-numtheory/miller_rabin.rb	(24,10)-(24,15):undefined method: Numeric#even?	residual	-	unclassified	while d.even?
corpus/03-numtheory/miller_rabin.rb	(25,6)-(25,8):undefined method: Numeric#/	residual	-	unclassified	d /= 2
corpus/03-numtheory/miller_rabin.rb	(37,10)-(37,11):undefined method: Numeric#*	V2	-	numeric-catchall-overload	x = x * x % n
corpus/03-numtheory/modular_crt.rb	(44,16)-(44,17):undefined method: Numeric#*	V2	-	numeric-catchall-overload	Mod.make(@v * b.v, @m)
corpus/03-numtheory/modular_crt.rb	(49,25)-(49,28):undefined method: Numeric#pow	V2	-	numeric-catchall-overload	def **(e) = Mod.new(@v.pow(e, @m), @m)
corpus/03-numtheory/modular_crt.rb	(51,18)-(51,21):wrong type of arguments	V2	-	numeric-catchall-overload	def <=>(b) = @v <=> b.v
corpus/03-numtheory/modular_crt.rb	(57,16)-(57,17):undefined method: Numeric#/	V2	-	numeric-catchall-overload	q = old_r / r
corpus/03-numtheory/modular_crt.rb	(100,38)-(100,41):undefined method: Numeric#gcd	V2	-	numeric-catchall-overload	puts "  #{k} -> none (gcd #{e.value.gcd(e.modulus)})"
corpus/03-numtheory/modular_crt.rb	(104,2)-(104,6):wrong type of arguments	V1	-	interface-nominal	puts Mod.make(3, 7) + Mod.make(3, 11)
corpus/03-numtheory/modular_crt.rb	(125,30)-(125,31):undefined method: nil#%	V8	-	assign-in-cond-no-narrow	ok = sys.all? { |r, mi| x % mi == r % mi }
corpus/03-numtheory/perfect_amicable.rb	(11,16)-(11,18):wrong type of arguments	V5	-	module_function	while d * d <= n
corpus/03-numtheory/perfect_amicable.rb	(25,15)-(25,25):undefined method: singleton(Divisors)#sum_proper	V5	module_function	module_function	s = Divisors.sum_proper(n)
corpus/03-numtheory/perfect_amicable.rb	(48,19)-(48,29):undefined method: singleton(Divisors)#sum_proper	V5	module_function	module_function	nxt = Divisors.sum_proper(seq.last)
corpus/03-numtheory/perfect_amicable.rb	(61,16)-(61,22):undefined method: singleton(Divisors)#proper	V5	module_function	module_function	ds = Divisors.proper(n)
corpus/03-numtheory/pollard_rho.rb	(25,10)-(25,15):undefined method: Numeric#even?	residual	-	unclassified	while d.even?
corpus/03-numtheory/pollard_rho.rb	(26,6)-(26,8):undefined method: Numeric#/	residual	-	unclassified	d /= 2
corpus/03-numtheory/pollard_rho.rb	(33,12)-(33,13):undefined method: Numeric#*	V2	-	numeric-catchall-overload	x = x * x % n
corpus/03-numtheory/pollard_rho.rb	(45,11)-(45,12):undefined method: Numeric#*	V2	-	numeric-catchall-overload	x = (x * x + c) % n
corpus/03-numtheory/pollard_rho.rb	(46,11)-(46,12):undefined method: Numeric#*	V2	-	numeric-catchall-overload	y = (y * y + c) % n
corpus/03-numtheory/pollard_rho.rb	(47,11)-(47,12):undefined method: Numeric#*	V2	-	numeric-catchall-overload	y = (y * y + c) % n
corpus/03-numtheory/pollard_rho.rb	(48,20)-(48,23):undefined method: Numeric#gcd	V2	-	numeric-catchall-overload	d = (x - y).abs.gcd(n)
corpus/03-numtheory/pollard_rho.rb	(61,21)-(61,22):undefined method: Numeric#*	V2	-	numeric-catchall-overload	r.times { y = (y * y + c) % n }
corpus/03-numtheory/pollard_rho.rb	(64,13)-(64,14):undefined method: Numeric#*	V2	-	numeric-catchall-overload	y = (y * y + c) % n
corpus/03-numtheory/pollard_rho.rb	(65,22)-(65,25):undefined method: Numeric#gcd	V2	-	numeric-catchall-overload	d = (x - y).abs.gcd(n)
corpus/03-numtheory/pollard_rho.rb	(96,37)-(96,42):undefined method: Numeric#even?	residual	-	unclassified	return [2] + factorize(n / 2) if n.even?
corpus/03-numtheory/pollard_rho.rb	(96,27)-(96,28):undefined method: Numeric#/	residual	-	unclassified	return [2] + factorize(n / 2) if n.even?
corpus/03-numtheory/pollard_rho.rb	(102,30)-(102,31):undefined method: Numeric#/	residual	-	unclassified	(factorize(f) + factorize(n / f)).sort
corpus/03-numtheory/pollard_rho.rb	(114,58)-(114,59):undefined method: Numeric#*	residual	-	unclassified	[600851475143, 2**32 + 1, 2**48 - 1, 1000036000099, 3**20 * 7, 123456789012].each do |n|
corpus/03-numtheory/primitive_roots.rb	(47,10)-(47,11):undefined method: Numeric#*	V2	-	numeric-catchall-overload	x = x * a % n
corpus/03-numtheory/primitive_roots.rb	(76,10)-(76,11):undefined method: Numeric#*	V2	-	numeric-catchall-overload	e = e * g % p
corpus/03-numtheory/primitive_roots.rb	(83,18)-(83,19):undefined method: Numeric#*	V2	-	numeric-catchall-overload	gamma = gamma * factor % p
corpus/02-analytics/email_domains.rb	(44,24)-(44,32):undefined method: nil#downcase	failed@V6	-	counterfactual-run-failed	Address.new(m["user"].downcase, m["domain"].downcase)
corpus/02-analytics/email_domains.rb	(44,46)-(44,54):undefined method: nil#downcase	failed@V6	-	counterfactual-run-failed	Address.new(m["user"].downcase, m["domain"].downcase)
corpus/02-analytics/email_domains.rb	(47,21)-(47,24):undefined method: Array[String?]#sub	failed@V6	-	counterfactual-run-failed	def clean(raw) = raw.sub(/[.,;)]+\z/, "")
corpus/02-analytics/email_domains.rb	(83,27)-(83,28):expected: Comparable | Array[...]; actual: nil	failed@V6	block-param-shadow	counterfactual-run-failed	top = orgs.max_by { |_, n| n }
corpus/02-analytics/hashtag_trends.rb	(30,52)-(30,60):undefined method: nil#downcase	failed@V6	-	counterfactual-run-failed	def tags(text) = text.scan(/#(\w+)/).map { |m| m[0].downcase }.uniq
corpus/02-analytics/hashtag_trends.rb	(53,27)-(53,28):wrong type of arguments	failed@V6	-	counterfactual-run-failed	puts format("%-14s", "#" + t) + row.join + "  #{tag_authors[t].size}"
corpus/02-analytics/hashtag_trends.rb	(79,68)-(79,70):failed to resolve overloads	failed@V6	block-param-shadow	counterfactual-run-failed	mention_graph.each { |_, targets| targets.each { |t, n| received[t] += n } }
corpus/02-analytics/hashtag_trends.rb	(80,32)-(80,33):expected: Comparable | Array[...]; actual: nil	failed@V6	block-param-shadow	counterfactual-run-failed	star = received.max_by { |_, n| n }
corpus/02-analytics/inverted_index.rb	(67,46)-(67,47):wrong type of arguments	V1	-	interface-nominal	result = mode == :not ? all_ids(docs) - ids : ids
corpus/02-analytics/inverted_index.rb	(69,15)-(69,17):wrong type of arguments	V1	-	interface-nominal	result |= ids
corpus/02-analytics/inverted_index.rb	(69,15)-(69,17):wrong type of arguments	V1	-	interface-nominal	result |= ids
corpus/02-analytics/inverted_index.rb	(69,15)-(69,17):wrong type of arguments	V1	-	interface-nominal	result |= ids
corpus/02-analytics/inverted_index.rb	(71,15)-(71,17):undefined method: nil#-	V7	-	nil?-no-narrow	result -= ids
corpus/02-analytics/inverted_index.rb	(71,15)-(71,17):undefined method: false#-	V7	-	nil?-no-narrow	result -= ids
corpus/02-analytics/inverted_index.rb	(71,15)-(71,17):undefined method: true#-	V7	-	nil?-no-narrow	result -= ids
corpus/02-analytics/inverted_index.rb	(71,15)-(71,17):wrong type of arguments	V1	-	interface-nominal	result -= ids
corpus/02-analytics/inverted_index.rb	(71,15)-(71,17):wrong type of arguments	V1	-	interface-nominal	result -= ids
corpus/02-analytics/inverted_index.rb	(71,15)-(71,17):wrong type of arguments	V1	-	interface-nominal	result -= ids
corpus/02-analytics/inverted_index.rb	(73,15)-(73,17):wrong type of arguments	V1	-	interface-nominal	result &= ids
corpus/02-analytics/inverted_index.rb	(73,15)-(73,17):wrong type of arguments	V1	-	interface-nominal	result &= ids
corpus/02-analytics/inverted_index.rb	(73,15)-(73,17):wrong type of arguments	V1	-	interface-nominal	result &= ids
corpus/02-analytics/inverted_index.rb	(79,9)-(79,13):undefined method: false#to_a	V7	-	nil?-no-narrow	result.to_a.sort
corpus/02-analytics/inverted_index.rb	(79,9)-(79,13):undefined method: true#to_a	V7	-	nil?-no-narrow	result.to_a.sort
corpus/02-analytics/kwic_concordance.rb	(30,26)-(30,30):undefined method: nil#join	V9	-	lib-nilable-return	left = words[from...wi].join(" ")
corpus/02-analytics/kwic_concordance.rb	(76,5)-(76,7):undefined method: nil#>=	residual	nested-destructure-param	nested-destructure-param	si >= 3 && !stopwords.include?(w)
corpus/04-numeric/interval_arithmetic.rb	(24,28)-(24,32):undefined method: Interval#to_f	residual	case-in-no-narrow	case-in-no-narrow	in Integer then point(v.to_f)
corpus/04-numeric/interval_arithmetic.rb	(30,21)-(30,22):undefined method: nil#+	V9	-	lib-nilable-return	Interval.new(@lo + o.lo, @hi + o.hi)
corpus/04-numeric/interval_arithmetic.rb	(30,25)-(30,27):undefined method: Float#lo	residual	-	unclassified	Interval.new(@lo + o.lo, @hi + o.hi)
corpus/04-numeric/interval_arithmetic.rb	(30,25)-(30,27):undefined method: Integer#lo	residual	-	unclassified	Interval.new(@lo + o.lo, @hi + o.hi)
corpus/04-numeric/interval_arithmetic.rb	(30,25)-(30,27):undefined method: nil#lo	V9	-	lib-nilable-return	Interval.new(@lo + o.lo, @hi + o.hi)
corpus/04-numeric/interval_arithmetic.rb	(30,33)-(30,34):undefined method: nil#+	V9	-	lib-nilable-return	Interval.new(@lo + o.lo, @hi + o.hi)
corpus/04-numeric/interval_arithmetic.rb	(30,37)-(30,39):undefined method: Float#hi	residual	-	unclassified	Interval.new(@lo + o.lo, @hi + o.hi)
corpus/04-numeric/interval_arithmetic.rb	(30,37)-(30,39):undefined method: Integer#hi	residual	-	unclassified	Interval.new(@lo + o.lo, @hi + o.hi)
corpus/04-numeric/interval_arithmetic.rb	(30,37)-(30,39):undefined method: nil#hi	V9	-	lib-nilable-return	Interval.new(@lo + o.lo, @hi + o.hi)
corpus/04-numeric/interval_arithmetic.rb	(35,21)-(35,22):undefined method: nil#-	V9	-	lib-nilable-return	Interval.new(@lo - o.hi, @hi - o.lo)
corpus/04-numeric/interval_arithmetic.rb	(35,25)-(35,27):undefined method: Float#hi	residual	-	unclassified	Interval.new(@lo - o.hi, @hi - o.lo)
corpus/04-numeric/interval_arithmetic.rb	(35,25)-(35,27):undefined method: Integer#hi	residual	-	case-in-no-narrow	Interval.new(@lo - o.hi, @hi - o.lo)
corpus/04-numeric/interval_arithmetic.rb	(35,25)-(35,27):undefined method: nil#hi	V9	-	lib-nilable-return	Interval.new(@lo - o.hi, @hi - o.lo)
corpus/04-numeric/interval_arithmetic.rb	(35,33)-(35,34):undefined method: nil#-	V9	-	lib-nilable-return	Interval.new(@lo - o.hi, @hi - o.lo)
corpus/04-numeric/interval_arithmetic.rb	(35,37)-(35,39):undefined method: Float#lo	residual	-	unclassified	Interval.new(@lo - o.hi, @hi - o.lo)
corpus/04-numeric/interval_arithmetic.rb	(35,37)-(35,39):undefined method: Integer#lo	residual	-	unclassified	Interval.new(@lo - o.hi, @hi - o.lo)
corpus/04-numeric/interval_arithmetic.rb	(35,37)-(35,39):undefined method: nil#lo	V9	-	lib-nilable-return	Interval.new(@lo - o.hi, @hi - o.lo)
corpus/04-numeric/interval_arithmetic.rb	(40,14)-(40,15):undefined method: nil#*	V9	-	lib-nilable-return	ps = [@lo * o.lo, @lo * o.hi, @hi * o.lo, @hi * o.hi]
corpus/04-numeric/interval_arithmetic.rb	(40,18)-(40,20):undefined method: Float#lo	residual	-	unclassified	ps = [@lo * o.lo, @lo * o.hi, @hi * o.lo, @hi * o.hi]
corpus/04-numeric/interval_arithmetic.rb	(40,18)-(40,20):undefined method: Integer#lo	residual	-	unclassified	ps = [@lo * o.lo, @lo * o.hi, @hi * o.lo, @hi * o.hi]
corpus/04-numeric/interval_arithmetic.rb	(40,18)-(40,20):undefined method: nil#lo	V9	-	lib-nilable-return	ps = [@lo * o.lo, @lo * o.hi, @hi * o.lo, @hi * o.hi]
corpus/04-numeric/interval_arithmetic.rb	(40,26)-(40,27):undefined method: nil#*	V9	-	lib-nilable-return	ps = [@lo * o.lo, @lo * o.hi, @hi * o.lo, @hi * o.hi]
corpus/04-numeric/interval_arithmetic.rb	(40,30)-(40,32):undefined method: Float#hi	residual	-	unclassified	ps = [@lo * o.lo, @lo * o.hi, @hi * o.lo, @hi * o.hi]
corpus/04-numeric/interval_arithmetic.rb	(40,30)-(40,32):undefined method: Integer#hi	residual	-	unclassified	ps = [@lo * o.lo, @lo * o.hi, @hi * o.lo, @hi * o.hi]
corpus/04-numeric/interval_arithmetic.rb	(40,30)-(40,32):undefined method: nil#hi	V9	-	lib-nilable-return	ps = [@lo * o.lo, @lo * o.hi, @hi * o.lo, @hi * o.hi]
corpus/04-numeric/interval_arithmetic.rb	(40,38)-(40,39):undefined method: nil#*	V9	-	lib-nilable-return	ps = [@lo * o.lo, @lo * o.hi, @hi * o.lo, @hi * o.hi]
corpus/04-numeric/interval_arithmetic.rb	(40,42)-(40,44):undefined method: Float#lo	residual	-	unclassified	ps = [@lo * o.lo, @lo * o.hi, @hi * o.lo, @hi * o.hi]
corpus/04-numeric/interval_arithmetic.rb	(40,42)-(40,44):undefined method: Integer#lo	residual	-	unclassified	ps = [@lo * o.lo, @lo * o.hi, @hi * o.lo, @hi * o.hi]
corpus/04-numeric/interval_arithmetic.rb	(40,42)-(40,44):undefined method: nil#lo	V9	-	lib-nilable-return	ps = [@lo * o.lo, @lo * o.hi, @hi * o.lo, @hi * o.hi]
corpus/04-numeric/interval_arithmetic.rb	(40,50)-(40,51):undefined method: nil#*	V9	-	lib-nilable-return	ps = [@lo * o.lo, @lo * o.hi, @hi * o.lo, @hi * o.hi]
corpus/04-numeric/interval_arithmetic.rb	(40,54)-(40,56):undefined method: Float#hi	residual	-	unclassified	ps = [@lo * o.lo, @lo * o.hi, @hi * o.lo, @hi * o.hi]
corpus/04-numeric/interval_arithmetic.rb	(40,54)-(40,56):undefined method: Integer#hi	residual	-	unclassified	ps = [@lo * o.lo, @lo * o.hi, @hi * o.lo, @hi * o.hi]
corpus/04-numeric/interval_arithmetic.rb	(40,54)-(40,56):undefined method: nil#hi	V9	-	lib-nilable-return	ps = [@lo * o.lo, @lo * o.hi, @hi * o.lo, @hi * o.hi]
corpus/04-numeric/interval_arithmetic.rb	(46,71)-(46,73):undefined method: Interval#<=	residual	-	unclassified	raise DivideByZeroInterval.new("divisor contains zero", o) if o.lo <= 0.0 && o.hi >= 0.0
corpus/04-numeric/interval_arithmetic.rb	(46,71)-(46,73):undefined method: nil#<=	V9	-	lib-nilable-return	raise DivideByZeroInterval.new("divisor contains zero", o) if o.lo <= 0.0 && o.hi >= 0.0
corpus/04-numeric/interval_arithmetic.rb	(46,68)-(46,70):undefined method: Float#lo	residual	-	unclassified	raise DivideByZeroInterval.new("divisor contains zero", o) if o.lo <= 0.0 && o.hi >= 0.0
corpus/04-numeric/interval_arithmetic.rb	(46,68)-(46,70):undefined method: Integer#lo	residual	-	case-in-no-narrow	raise DivideByZeroInterval.new("divisor contains zero", o) if o.lo <= 0.0 && o.hi >= 0.0
corpus/04-numeric/interval_arithmetic.rb	(46,68)-(46,70):undefined method: nil#lo	V9	-	lib-nilable-return	raise DivideByZeroInterval.new("divisor contains zero", o) if o.lo <= 0.0 && o.hi >= 0.0
corpus/04-numeric/interval_arithmetic.rb	(46,86)-(46,88):undefined method: Interval#>=	residual	-	unclassified	raise DivideByZeroInterval.new("divisor contains zero", o) if o.lo <= 0.0 && o.hi >= 0.0
corpus/04-numeric/interval_arithmetic.rb	(46,86)-(46,88):undefined method: nil#>=	V9	-	lib-nilable-return	raise DivideByZeroInterval.new("divisor contains zero", o) if o.lo <= 0.0 && o.hi >= 0.0
corpus/04-numeric/interval_arithmetic.rb	(46,83)-(46,85):undefined method: Float#hi	residual	-	unclassified	raise DivideByZeroInterval.new("divisor contains zero", o) if o.lo <= 0.0 && o.hi >= 0.0
corpus/04-numeric/interval_arithmetic.rb	(46,83)-(46,85):undefined method: Integer#hi	residual	-	unclassified	raise DivideByZeroInterval.new("divisor contains zero", o) if o.lo <= 0.0 && o.hi >= 0.0
corpus/04-numeric/interval_arithmetic.rb	(46,83)-(46,85):undefined method: nil#hi	V9	-	lib-nilable-return	raise DivideByZeroInterval.new("divisor contains zero", o) if o.lo <= 0.0 && o.hi >= 0.0
corpus/04-numeric/interval_arithmetic.rb	(47,32)-(47,34):undefined method: Float#hi	residual	-	unclassified	self * Interval.new(1.0 / o.hi, 1.0 / o.lo)
corpus/04-numeric/interval_arithmetic.rb	(47,32)-(47,34):undefined method: Integer#hi	residual	-	unclassified	self * Interval.new(1.0 / o.hi, 1.0 / o.lo)
corpus/04-numeric/interval_arithmetic.rb	(47,32)-(47,34):undefined method: nil#hi	V9	-	lib-nilable-return	self * Interval.new(1.0 / o.hi, 1.0 / o.lo)
corpus/04-numeric/interval_arithmetic.rb	(47,44)-(47,46):undefined method: Float#lo	residual	-	unclassified	self * Interval.new(1.0 / o.hi, 1.0 / o.lo)
corpus/04-numeric/interval_arithmetic.rb	(47,44)-(47,46):undefined method: Integer#lo	residual	-	unclassified	self * Interval.new(1.0 / o.hi, 1.0 / o.lo)
corpus/04-numeric/interval_arithmetic.rb	(47,44)-(47,46):undefined method: nil#lo	V9	-	lib-nilable-return	self * Interval.new(1.0 / o.hi, 1.0 / o.lo)
corpus/04-numeric/interval_arithmetic.rb	(51,53)-(51,55):undefined method: Interval#>=	residual	-	unclassified	return Interval.new(@lo * @lo, @hi * @hi) if @lo >= 0.0
corpus/04-numeric/interval_arithmetic.rb	(51,53)-(51,55):undefined method: nil#>=	V9	-	lib-nilable-return	return Interval.new(@lo * @lo, @hi * @hi) if @lo >= 0.0
corpus/04-numeric/interval_arithmetic.rb	(51,28)-(51,29):undefined method: nil#*	V9	-	lib-nilable-return	return Interval.new(@lo * @lo, @hi * @hi) if @lo >= 0.0
corpus/04-numeric/interval_arithmetic.rb	(51,39)-(51,40):undefined method: nil#*	V9	-	lib-nilable-return	return Interval.new(@lo * @lo, @hi * @hi) if @lo >= 0.0
corpus/04-numeric/interval_arithmetic.rb	(52,53)-(52,55):undefined method: Interval#<=	residual	-	unclassified	return Interval.new(@hi * @hi, @lo * @lo) if @hi <= 0.0
corpus/04-numeric/interval_arithmetic.rb	(52,53)-(52,55):undefined method: nil#<=	V9	-	lib-nilable-return	return Interval.new(@hi * @hi, @lo * @lo) if @hi <= 0.0
corpus/04-numeric/interval_arithmetic.rb	(52,28)-(52,29):undefined method: nil#*	V9	-	lib-nilable-return	return Interval.new(@hi * @hi, @lo * @lo) if @hi <= 0.0
corpus/04-numeric/interval_arithmetic.rb	(52,39)-(52,40):undefined method: nil#*	V9	-	lib-nilable-return	return Interval.new(@hi * @hi, @lo * @lo) if @hi <= 0.0
corpus/04-numeric/interval_arithmetic.rb	(53,27)-(53,28):undefined method: nil#*	V9	-	lib-nilable-return	Interval.new(0.0, [@lo * @lo, @hi * @hi].max)
corpus/04-numeric/interval_arithmetic.rb	(53,38)-(53,39):undefined method: nil#*	V9	-	lib-nilable-return	Interval.new(0.0, [@lo * @lo, @hi * @hi].max)
corpus/04-numeric/interval_arithmetic.rb	(56,30)-(56,33):wrong type of arguments	V1	-	interface-nominal	def exp = Interval.new(Math.exp(@lo), Math.exp(@hi))
corpus/04-numeric/interval_arithmetic.rb	(56,45)-(56,48):wrong type of arguments	V1	-	interface-nominal	def exp = Interval.new(Math.exp(@lo), Math.exp(@hi))
corpus/04-numeric/interval_arithmetic.rb	(57,18)-(57,19):undefined method: nil#-	V9	-	lib-nilable-return	def width = @hi - @lo
corpus/04-numeric/interval_arithmetic.rb	(58,17)-(58,18):undefined method: nil#+	V9	-	lib-nilable-return	def mid = (@lo + @hi) / 2.0
corpus/04-numeric/interval_arithmetic.rb	(59,25)-(59,27):undefined method: Interval#<=	residual	-	shared-field-union	def contains?(x) = @lo <= x && x <= @hi
corpus/04-numeric/interval_arithmetic.rb	(59,25)-(59,27):undefined method: nil#<=	V9	-	lib-nilable-return	def contains?(x) = @lo <= x && x <= @hi
corpus/04-numeric/interval_arithmetic.rb	(68,35)-(68,38):undefined method: nil#sqr	V9	-	lib-nilable-return	def f_interval(iv) = poly_f(iv, iv.sqr)
corpus/04-numeric/interval_arithmetic.rb	(80,16)-(80,17):undefined method: Interval#>	residual	-	unclassified	if range.lo > best_upper
corpus/04-numeric/interval_arithmetic.rb	(80,16)-(80,17):undefined method: nil#>	V9	-	lib-nilable-return	if range.lo > best_upper
corpus/04-numeric/interval_arithmetic.rb	(80,13)-(80,15):undefined method: Float#lo	V11	-	empty-arg	if range.lo > best_upper
corpus/04-numeric/interval_arithmetic.rb	(86,10)-(86,11):undefined method: Interval#<	residual	-	unclassified	if fm < best_upper
corpus/04-numeric/interval_arithmetic.rb	(90,40)-(90,41):undefined method: Interval#>	residual	-	unclassified	queue.push(*box.split) if box.width > tol
corpus/04-numeric/interval_arithmetic.rb	(100,18)-(100,27):undefined method: Float#contains?	V11	-	empty-arg	next unless r.contains?(0.0)
corpus/04-numeric/interval_arithmetic.rb	(101,17)-(101,18):undefined method: Interval#<	residual	-	unclassified	if box.width < tol
corpus/04-numeric/interval_arithmetic.rb	(101,11)-(101,16):undefined method: nil#width	V9	-	lib-nilable-return	if box.width < tol
corpus/04-numeric/interval_arithmetic.rb	(103,39)-(103,40):undefined method: Interval#>	residual	-	unclassified	if last.nil? || box.lo - last.hi > tol
corpus/04-numeric/interval_arithmetic.rb	(103,29)-(103,30):undefined method: nil#-	V9	-	lib-nilable-return	if last.nil? || box.lo - last.hi > tol
corpus/04-numeric/interval_arithmetic.rb	(103,26)-(103,28):undefined method: nil#lo	V9	-	lib-nilable-return	if last.nil? || box.lo - last.hi > tol
corpus/04-numeric/interval_arithmetic.rb	(103,36)-(103,38):undefined method: nil#hi	V7	-	nil?-no-narrow	if last.nil? || box.lo - last.hi > tol
corpus/04-numeric/interval_arithmetic.rb	(106,38)-(106,40):undefined method: nil#lo	V7	-	nil?-no-narrow	found[-1] = Interval.new(last.lo, box.hi)
corpus/04-numeric/interval_arithmetic.rb	(106,46)-(106,48):undefined method: nil#hi	V9	-	lib-nilable-return	found[-1] = Interval.new(last.lo, box.hi)
corpus/04-numeric/interval_arithmetic.rb	(110,22)-(110,27):undefined method: nil#split	V9	-	lib-nilable-return	left, right = box.split
corpus/04-numeric/interval_arithmetic.rb	(127,2)-(127,6):wrong type of arguments	V1	-	interface-nominal	puts a / b
corpus/04-numeric/interval_arithmetic.rb	(143,52)-(143,57):undefined method: nil#width	V9	-	lib-nilable-return	rs.each { |r| puts "  #{r} width #{format("%.1e", r.width)}" }
corpus/04-numeric/linear_regression.rb	(35,8)-(35,10):failed to resolve overloads	V11	-	empty-arg	sxx += (x - mx) ** 2
corpus/04-numeric/linear_regression.rb	(36,8)-(36,10):failed to resolve overloads	V11	-	empty-arg	sxy += (x - mx) * (y - my)
corpus/04-numeric/linear_regression.rb	(36,25)-(36,26):undefined method: nil#-	V9	-	lib-nilable-return	sxy += (x - mx) * (y - my)
corpus/04-numeric/linear_regression.rb	(37,8)-(37,10):failed to resolve overloads	V11	-	empty-arg	syy += (y - my) ** 2
corpus/04-numeric/linear_regression.rb	(37,14)-(37,15):undefined method: nil#-	V9	-	lib-nilable-return	syy += (y - my) ** 2
corpus/04-numeric/linear_regression.rb	(41,25)-(41,26):failed to resolve overloads	V11	-	empty-arg	intercept = my - slope * mx
corpus/04-numeric/linear_regression.rb	(42,35)-(42,36):undefined method: nil#-	V9	-	lib-nilable-return	sse = xs.zip(ys).map { |x, y| (y - intercept - slope * x) ** 2 }.sum
corpus/04-numeric/linear_regression.rb	(42,55)-(42,56):failed to resolve overloads	V11	-	empty-arg	sse = xs.zip(ys).map { |x, y| (y - intercept - slope * x) ** 2 }.sum
corpus/04-numeric/linear_regression.rb	(43,11)-(43,12):failed to resolve overloads	V11	-	empty-arg	r2 = 1.0 - sse / syy
corpus/04-numeric/linear_regression.rb	(44,12)-(44,16):wrong type of arguments	V11	-	empty-arg	se = Math.sqrt(sse / (n - 2) / sxx)
corpus/04-numeric/linear_regression.rb	(55,8)-(55,10):failed to resolve overloads	V11	-	empty-arg	num += ws[i] * (x - mx) * (ys[i] - my)
corpus/04-numeric/linear_regression.rb	(55,17)-(55,18):failed to resolve overloads	V11	-	empty-arg	num += ws[i] * (x - mx) * (ys[i] - my)
corpus/04-numeric/linear_regression.rb	(56,8)-(56,10):failed to resolve overloads	V11	-	empty-arg	den += ws[i] * (x - mx) ** 2
corpus/04-numeric/linear_regression.rb	(56,17)-(56,18):failed to resolve overloads	V11	-	empty-arg	den += ws[i] * (x - mx) ** 2
corpus/04-numeric/linear_regression.rb	(59,21)-(59,22):failed to resolve overloads	V11	-	empty-arg	[slope, my - slope * mx]
corpus/04-numeric/linear_regression.rb	(81,41)-(81,42):failed to resolve overloads	V11	-	empty-arg	worst = obs.max_by { |o| (o.yield_kg - f.predict(o.temp)).abs }
corpus/04-numeric/linear_regression.rb	(82,61)-(82,65):undefined method: nil#temp	V9	-	lib-nilable-return	puts format("  largest residual at %.1f C: %+.2f", worst.temp, worst.yield_kg - f.predict(worst.temp))
corpus/04-numeric/linear_regression.rb	(82,82)-(82,83):failed to resolve overloads	V11	-	empty-arg	puts format("  largest residual at %.1f C: %+.2f", worst.temp, worst.yield_kg - f.predict(worst.temp))
corpus/04-numeric/linear_regression.rb	(82,73)-(82,81):undefined method: nil#yield_kg	V9	-	lib-nilable-return	puts format("  largest residual at %.1f C: %+.2f", worst.temp, worst.yield_kg - f.predict(worst.temp))
corpus/04-numeric/linear_regression.rb	(82,100)-(82,104):undefined method: nil#temp	V9	-	lib-nilable-return	puts format("  largest residual at %.1f C: %+.2f", worst.temp, worst.yield_kg - f.predict(worst.temp))
corpus/04-numeric/linear_regression.rb	(100,28)-(100,35):undefined method: nil#predict	V6	block-param-shadow	block-param-shadow	fits.sort_by { |site, f| -f.predict(23.0) }.each do |site, f|
corpus/04-numeric/linear_regression.rb	(101,38)-(101,45):undefined method: nil#predict	V6	block-param-shadow	block-param-shadow	puts format("  %-6s %8.2f", site, f.predict(23.0))
corpus/04-numeric/linear_regression.rb	(104,33)-(104,35):undefined method: nil#r2	V6	block-param-shadow	block-param-shadow	best = fits.max_by { |site, f| f.r2 }
corpus/04-numeric/lu_decomposition.rb	(47,47)-(47,49):failed to resolve overloads	V11	-	empty-arg	(0...n).each { |i| (0...i).each { |j| y[i] -= @a[i][j] * y[j] } }
corpus/04-numeric/lu_decomposition.rb	(49,36)-(49,38):failed to resolve overloads	V11	-	empty-arg	((i + 1)...n).each { |j| y[i] -= @a[i][j] * y[j] }
corpus/04-numeric/lu_decomposition.rb	(50,11)-(50,13):failed to resolve overloads	V11	-	empty-arg	y[i] /= @a[i][i]
corpus/04-numeric/lu_decomposition.rb	(55,58)-(55,59):failed to resolve overloads	V11	-	empty-arg	def det = (0...size).reduce(@sign * 1.0) { |acc, i| acc * @a[i][i] }
corpus/04-numeric/matrix_ops.rb	(29,27)-(29,31):undefined method: nil#size	residual	-	unclassified	new(rows.size, rows[0].size, rows.flatten)
corpus/04-numeric/matrix_ops.rb	(63,88)-(63,92):undefined method: Integer#rows	residual	case-in-no-narrow	case-in-no-narrow	raise DimensionError.new("inner dimensions differ", shape, b.shape) if @cols != b.rows
corpus/04-numeric/matrix_ops.rb	(63,67)-(63,72):undefined method: Integer#shape	residual	case-in-no-narrow	case-in-no-narrow	raise DimensionError.new("inner dimensions differ", shape, b.shape) if @cols != b.rows
corpus/04-numeric/matrix_ops.rb	(64,34)-(64,38):undefined method: Integer#cols	residual	case-in-no-narrow	case-in-no-narrow	out = Matrix.zeros(@rows, b.cols)
corpus/04-numeric/matrix_ops.rb	(66,10)-(66,14):undefined method: Integer#cols	residual	case-in-no-narrow	case-in-no-narrow	b.cols.times do |j|
corpus/04-numeric/matrix_ops.rb	(118,23)-(118,27):wrong type of arguments	V11	-	empty-arg	def frobenius = Math.sqrt(@data.sum { |x| x * x })
corpus/04-numeric/matrix_ops.rb	(132,0)-(132,4):wrong type of arguments	V1	-	interface-nominal	puts a
corpus/04-numeric/matrix_ops.rb	(134,0)-(134,4):wrong type of arguments	V1	-	interface-nominal	puts a * b
corpus/04-numeric/matrix_ops.rb	(136,0)-(136,4):wrong type of arguments	V1	-	interface-nominal	puts b.transpose * b
corpus/04-numeric/matrix_ops.rb	(138,0)-(138,4):wrong type of arguments	V1	-	interface-nominal	puts a * 2 - Matrix.identity(3)
corpus/09-dp/digit_counting.rb	(51,32)-(51,33):undefined method: Numeric#*	V2	-	numeric-catchall-overload	even_walk(ds, pos + 1, (rem * 10 + d) % k, k, tight && d == top, memo)
corpus/09-dp/edit_distance.rb	(15,24)-(15,25):failed to resolve overloads	V5	-	module_function	del = d[i - 1][j] + Costs.delete
corpus/09-dp/edit_distance.rb	(15,32)-(15,38):undefined method: singleton(Costs)#delete	V5	module_function	module_function	del = d[i - 1][j] + Costs.delete
corpus/09-dp/edit_distance.rb	(16,24)-(16,25):failed to resolve overloads	V5	-	module_function	ins = d[i][j - 1] + Costs.insert
corpus/09-dp/edit_distance.rb	(16,32)-(16,38):undefined method: singleton(Costs)#insert	V5	module_function	module_function	ins = d[i][j - 1] + Costs.insert
corpus/09-dp/edit_distance.rb	(17,28)-(17,29):failed to resolve overloads	V5	-	module_function	sub = d[i - 1][j - 1] + Costs.substitute(s[i - 1], t[j - 1])
corpus/09-dp/edit_distance.rb	(17,36)-(17,46):undefined method: singleton(Costs)#substitute	V5	module_function	module_function	sub = d[i - 1][j - 1] + Costs.substitute(s[i - 1], t[j - 1])
corpus/09-dp/edit_distance.rb	(34,52)-(34,53):failed to resolve overloads	V5	-	module_function	if i > 0 && j > 0 && d[i][j] == d[i - 1][j - 1] + Costs.substitute(s[i - 1], t[j - 1])
corpus/09-dp/edit_distance.rb	(34,60)-(34,70):undefined method: singleton(Costs)#substitute	V5	module_function	module_function	if i > 0 && j > 0 && d[i][j] == d[i - 1][j - 1] + Costs.substitute(s[i - 1], t[j - 1])
corpus/09-dp/edit_distance.rb	(38,42)-(38,43):failed to resolve overloads	V5	-	module_function	elsif i > 0 && d[i][j] == d[i - 1][j] + Costs.delete
corpus/09-dp/edit_distance.rb	(38,50)-(38,56):undefined method: singleton(Costs)#delete	V5	module_function	module_function	elsif i > 0 && d[i][j] == d[i - 1][j] + Costs.delete
corpus/09-dp/grid_paths.rb	(49,12)-(49,15):failed to resolve overloads	V6	block-param-shadow	block-param-shadow	best[r][c] = here
corpus/09-dp/grid_paths.rb	(52,13)-(52,14):undefined method: nil#>	V6	block-param-shadow	block-param-shadow	up = r > 0 ? best[r - 1][c] : nil
corpus/09-dp/grid_paths.rb	(52,23)-(52,30):failed to resolve overloads	V6	block-param-shadow	block-param-shadow	up = r > 0 ? best[r - 1][c] : nil
corpus/09-dp/grid_paths.rb	(52,26)-(52,27):undefined method: nil#-	V6	block-param-shadow	block-param-shadow	up = r > 0 ? best[r - 1][c] : nil
corpus/09-dp/grid_paths.rb	(53,15)-(53,16):undefined method: nil#>	V6	block-param-shadow	block-param-shadow	left = c > 0 ? best[r][c - 1] : nil
corpus/09-dp/grid_paths.rb	(53,25)-(53,28):failed to resolve overloads	V6	block-param-shadow	block-param-shadow	left = c > 0 ? best[r][c - 1] : nil
corpus/09-dp/grid_paths.rb	(53,31)-(53,32):undefined method: nil#-	V6	block-param-shadow	block-param-shadow	left = c > 0 ? best[r][c - 1] : nil
corpus/09-dp/grid_paths.rb	(55,12)-(55,15):failed to resolve overloads	V6	block-param-shadow	block-param-shadow	best[r][c] = up + here
corpus/09-dp/grid_paths.rb	(56,12)-(56,15):failed to resolve overloads	V6	block-param-shadow	block-param-shadow	from[r][c] = :down
corpus/09-dp/grid_paths.rb	(58,12)-(58,15):failed to resolve overloads	V6	block-param-shadow	block-param-shadow	best[r][c] = left + here
corpus/09-dp/grid_paths.rb	(59,12)-(59,15):failed to resolve overloads	V6	block-param-shadow	block-param-shadow	from[r][c] = :right
corpus/09-dp/grid_paths.rb	(93,33)-(93,34):wrong type of arguments	V11	-	empty-arg	marks.each { |row| puts "    " + row.join }
corpus/17-encodings/playfair.rb	(27,44)-(27,45):undefined method: Numeric#*	V2	-	numeric-catchall-overload	def at(row, col) = @cells.fetch((row % 5) * 5 + col % 5)
corpus/17-encodings/protobuf_wire.rb	(26,15)-(26,16):undefined method: String#&	residual	-	unclassified	out << ((n & 0x7F) | 0x80)
corpus/17-encodings/protobuf_wire.rb	(27,6)-(27,9):undefined method: String#>>	residual	-	unclassified	n >>= 7
corpus/17-encodings/protobuf_wire.rb	(42,50)-(42,52):undefined method: String#>>	residual	-	unclassified	key(f.number, 5) + (0...4).map { |i| (f.value >> (8 * i)) & 0xFF }
corpus/17-encodings/protobuf_wire.rb	(44,19)-(44,24):undefined method: Integer#bytes	residual	-	unclassified	data = f.value.bytes
corpus/17-encodings/protobuf_wire.rb	(55,17)-(55,18):undefined method: String#&	residual	-	unclassified	result |= (b & 0x7F) << shift
corpus/17-encodings/protobuf_wire.rb	(82,26)-(82,29):undefined method: nil#map	V9	-	lib-nilable-return	s = bytes[pos, len].map(&:chr).join
corpus/01-text/csv_report.rb	(97,10)-(97,12):failed to resolve overloads	V11	-	empty-arg	grand += total
corpus/01-text/csv_report.rb	(100,61)-(100,62):wrong type of arguments	V11	-	empty-arg	note_text = s.note.nil? || s.note.empty? ? "" : "  # " + s.note.gsub("\n", " / ")
corpus/01-text/csv_report.rb	(123,44)-(123,48):undefined method: nil#size	residual	-	unclassified	puts "parsed #{rows.size} rows, #{rows[0].size} columns"
corpus/01-text/date_format.rb	(41,40)-(41,41):undefined method: Numeric#/	V2	-	numeric-catchall-overload	h = (day + 13 * (m + 1) / 5 + k + k / 4 + j / 4 + 5 * j) % 7
corpus/01-text/date_format.rb	(95,16)-(95,19):undefined method: nil#[]	V8	-	assign-in-cond-no-narrow	Date.new(m[1].to_i, m[2].to_i, m[3].to_i)
corpus/01-text/date_format.rb	(95,27)-(95,30):undefined method: nil#[]	V8	-	assign-in-cond-no-narrow	Date.new(m[1].to_i, m[2].to_i, m[3].to_i)
corpus/01-text/date_format.rb	(95,38)-(95,41):undefined method: nil#[]	V8	-	assign-in-cond-no-narrow	Date.new(m[1].to_i, m[2].to_i, m[3].to_i)
corpus/01-text/date_format.rb	(97,16)-(97,19):undefined method: nil#[]	V8	-	assign-in-cond-no-narrow	Date.new(m[3].to_i, m[1].to_i, m[2].to_i)
corpus/01-text/date_format.rb	(97,27)-(97,30):undefined method: nil#[]	V8	-	assign-in-cond-no-narrow	Date.new(m[3].to_i, m[1].to_i, m[2].to_i)
corpus/01-text/date_format.rb	(97,38)-(97,41):undefined method: nil#[]	V8	-	assign-in-cond-no-narrow	Date.new(m[3].to_i, m[1].to_i, m[2].to_i)
corpus/01-text/date_format.rb	(99,43)-(99,51):undefined method: nil#downcase	V9	-	lib-nilable-return	idx = month_names.map { |n| n[0...3].downcase }.index(m[2].downcase)
corpus/01-text/date_format.rb	(99,65)-(99,73):undefined method: nil#downcase	V9	-	lib-nilable-return	idx = month_names.map { |n| n[0...3].downcase }.index(m[2].downcase)
corpus/01-text/date_format.rb	(99,61)-(99,64):undefined method: nil#[]	V8	-	assign-in-cond-no-narrow	idx = month_names.map { |n| n[0...3].downcase }.index(m[2].downcase)
corpus/01-text/date_format.rb	(100,45)-(100,48):undefined method: nil#[]	V8	-	assign-in-cond-no-narrow	raise DateError.new("unknown month '#{m[2]}'", s) if idx.nil?
corpus/01-text/date_format.rb	(101,16)-(101,19):undefined method: nil#[]	V8	-	assign-in-cond-no-narrow	Date.new(m[3].to_i, idx + 1, m[1].to_i)
corpus/01-text/date_format.rb	(101,30)-(101,31):undefined method: nil#+	V7	-	nil?-no-narrow	Date.new(m[3].to_i, idx + 1, m[1].to_i)
corpus/01-text/date_format.rb	(101,36)-(101,39):undefined method: nil#[]	V8	-	assign-in-cond-no-narrow	Date.new(m[3].to_i, idx + 1, m[1].to_i)
corpus/01-text/human_format.rb	(4,10)-(4,14):undefined method: nil#size	V9	-	lib-nilable-return	while s.size > 3
corpus/01-text/human_format.rb	(5,20)-(5,26):undefined method: nil#[]	V9	-	lib-nilable-return	groups.unshift(s[-3..])
corpus/01-text/human_format.rb	(6,9)-(6,17):undefined method: nil#[]	V9	-	lib-nilable-return	s = s[0...-3]
corpus/01-text/human_format.rb	(69,13)-(69,18):wrong type of arguments	V1	-	interface-nominal	mag = Math.log10(x.abs).floor
corpus/01-text/human_format.rb	(75,31)-(75,32):failed to resolve overloads	residual	-	unclassified	delimit((x / factor).round * factor, ",")
corpus/01-text/inflector.rb	(15,17)-(15,23):undefined method: nil#upcase	V9	-	lib-nilable-return	first == first.upcase && first != first.downcase ? word.capitalize : word
corpus/01-text/inflector.rb	(15,42)-(15,50):undefined method: nil#downcase	V9	-	lib-nilable-return	first == first.upcase && first != first.downcase ? word.capitalize : word
corpus/01-text/inflector.rb	(21,16)-(21,23):undefined method: nil#pattern	V7	-	nil?-no-narrow	word.sub(rule.pattern, rule.replacement)
corpus/01-text/inflector.rb	(21,30)-(21,41):undefined method: nil#replacement	V7	-	nil?-no-narrow	word.sub(rule.pattern, rule.replacement)
corpus/01-text/inflector.rb	(97,24)-(97,28):undefined method: nil#join	V9	-	lib-nilable-return	else "#{items[0...-1].join(", ")}, and #{items.last}"
corpus/17-encodings/hex_dump.rb	(21,18)-(21,21):undefined method: nil#hex	V9	-	lib-nilable-return	offset = m[1].hex
corpus/17-encodings/hex_dump.rb	(21,14)-(21,17):undefined method: nil#[]	V7	-	nil?-no-narrow	offset = m[1].hex
corpus/17-encodings/hex_dump.rb	(23,9)-(23,14):undefined method: nil#strip	V9	-	lib-nilable-return	m[2].strip.split(" ").each do |group|
corpus/17-encodings/hex_dump.rb	(23,5)-(23,8):undefined method: nil#[]	V7	-	nil?-no-narrow	m[2].strip.split(" ").each do |group|
corpus/17-encodings/hex_dump.rb	(24,40)-(24,43):undefined method: Array[String?]#hex	V9	-	lib-nilable-return	group.scan(/../) { |h| bytes << h.hex }
corpus/17-encodings/huffman.rb	(52,10)-(52,15):undefined method: nil#leaf?	V7	-	nil?-no-narrow	if node.leaf?
corpus/17-encodings/huffman.rb	(53,15)-(53,21):undefined method: nil#symbol	V7	-	nil?-no-narrow	table[node.symbol] = prefix.empty? ? "0" : prefix
corpus/17-encodings/huffman.rb	(55,22)-(55,26):undefined method: nil#left	V7	-	nil?-no-narrow	assign_codes(node.left, prefix + "0", table)
corpus/17-encodings/huffman.rb	(56,22)-(56,27):undefined method: nil#right	V7	-	nil?-no-narrow	assign_codes(node.right, prefix + "1", table)
corpus/17-encodings/huffman.rb	(65,27)-(65,31):undefined method: nil#left	V10	-	user-nil	node = b == "0" ? node.left : node.right
corpus/17-encodings/huffman.rb	(65,39)-(65,44):undefined method: nil#right	V10	-	user-nil	node = b == "0" ? node.left : node.right
corpus/17-encodings/huffman.rb	(66,12)-(66,17):undefined method: nil#leaf?	V10	-	user-nil	if node.leaf?
corpus/17-encodings/huffman.rb	(67,18)-(67,24):undefined method: nil#symbol	V10	-	user-nil	out << node.symbol
corpus/17-encodings/morse.rb	(38,11)-(38,22):undefined method: Array[String?]#start_with?	V9	-	lib-nilable-return	if run.start_with?("=")
corpus/17-encodings/morse.rb	(77,34)-(77,35):expected: Comparable | Array[...]; actual: nil	V6	block-param-shadow	block-param-shadow	longest = lengths.max_by { |_, n| n }
corpus/17-encodings/murmur_ring.rb	(64,34)-(64,40):expected: Integer; actual: bool	failed@V11	-	counterfactual-run-failed	point = @points.bsearch { |p| p >= h } || @points.first
corpus/02-analytics/ngram_counts.rb	(61,45)-(61,46):failed to resolve overloads	failed@V6	-	counterfactual-run-failed	probs = followers.map { |w, c| [w, c * 1.0 / total] }
corpus/02-analytics/ngram_counts.rb	(62,30)-(62,31):failed to resolve overloads	failed@V6	-	counterfactual-run-failed	probs.sort_by { |_, pr| 1.0 - pr }
corpus/02-analytics/ngram_counts.rb	(83,29)-(83,30):expected: Comparable | Array[...]; actual: nil	failed@V6	block-param-shadow	counterfactual-run-failed	best = pairs.max_by { |_, c| c }
corpus/02-analytics/rake_keywords.rb	(118,29)-(118,34):undefined method: singleton(Scoring)#score	V5	module_function	module_function	s = ph.sum { |w| Scoring.score(metric, freq, deg, w) }
corpus/02-analytics/rake_keywords.rb	(128,69)-(128,74):undefined method: singleton(Scoring)#score	V5	module_function	module_function	s = parts.reject { |w| stopwords.include?(w) }.sum { |w| Scoring.score(metric, freq, deg, w) }
corpus/02-analytics/rake_keywords.rb	(143,15)-(143,21):undefined method: nil#values	residual	-	unclassified	ranked = kws.values.sort
corpus/02-analytics/rake_keywords.rb	(144,26)-(144,30):undefined method: nil#size	residual	-	unclassified	puts "== #{name}: #{kws.size} candidates =="
corpus/02-analytics/rake_keywords.rb	(146,6)-(146,10):undefined method: nil#each	residual	-	unclassified	kws.each do |phrase, k|
corpus/02-analytics/rake_keywords.rb	(175,42)-(175,47):undefined method: singleton(Scoring)#ratio	V5	module_function	module_function	words = freq.keys.sort_by { |w| [-Scoring.ratio(freq, deg, w), w] }
corpus/02-analytics/readability.rb	(41,11)-(41,19):undefined method: nil#downcase	V6	-	block-param-shadow	w = word.downcase
corpus/02-analytics/readability.rb	(55,10)-(55,15):undefined method: Array[String?]#split	V9	-	lib-nilable-return	n = w.split("-").map { |part| syllables(part, cache) }.sum
corpus/02-analytics/readability.rb	(55,34)-(55,43):wrong number of arguments (2 for 0)	residual	-	unclassified	n = w.split("-").map { |part| syllables(part, cache) }.sum
corpus/02-analytics/readability.rb	(56,8)-(56,10):failed to resolve overloads	V11	-	empty-arg	syl += n
corpus/02-analytics/readability.rb	(93,34)-(93,35):undefined method: nil#*	V6	block-param-shadow	block-param-shadow	longest = cache.max_by { |w, n| n * 100 + w.size }
corpus/02-analytics/readability.rb	(93,44)-(93,48):undefined method: nil#size	V6	block-param-shadow	block-param-shadow	longest = cache.max_by { |w, n| n * 100 + w.size }
corpus/02-analytics/readability.rb	(99,18)-(99,27):wrong number of arguments (2 for 0)	residual	block-param-shadow	block-param-shadow	puts "  #{w}: #{syllables(w, cache)}"
corpus/02-analytics/rhyme_scheme.rb	(35,11)-(35,16):undefined method: nil#match	V9	-	lib-nilable-return	m = word.match(/[aeiouy]+[^aeiouy]*\z/)
corpus/07-trees/avl_tree.rb	(20,26)-(20,32):undefined method: nil#height	V7	-	nil?-no-narrow	def h(n) = n.nil? ? 0 : n.height
corpus/07-trees/avl_tree.rb	(23,4)-(23,10):undefined method: nil#height=	V10	-	user-nil	n.height = [h(n.left), h(n.right)].max + 1
corpus/07-trees/avl_tree.rb	(23,18)-(23,22):undefined method: nil#left	V10	-	user-nil	n.height = [h(n.left), h(n.right)].max + 1
corpus/07-trees/avl_tree.rb	(23,29)-(23,34):undefined method: nil#right	V10	-	user-nil	n.height = [h(n.left), h(n.right)].max + 1
corpus/07-trees/avl_tree.rb	(26,21)-(26,25):undefined method: nil#left	V10	-	user-nil	def balance(n) = h(n.left) - h(n.right)
corpus/07-trees/avl_tree.rb	(26,33)-(26,38):undefined method: nil#right	V10	-	user-nil	def balance(n) = h(n.left) - h(n.right)
corpus/07-trees/avl_tree.rb	(30,8)-(30,12):undefined method: nil#left	V10	-	user-nil	l = n.left
corpus/07-trees/avl_tree.rb	(31,4)-(31,8):undefined method: nil#left=	V10	-	user-nil	n.left = l.right
corpus/07-trees/avl_tree.rb	(31,13)-(31,18):undefined method: nil#right	V10	-	user-nil	n.left = l.right
corpus/07-trees/avl_tree.rb	(32,4)-(32,9):undefined method: nil#right=	V10	-	user-nil	l.right = n
corpus/07-trees/avl_tree.rb	(40,8)-(40,13):undefined method: nil#right	V10	-	user-nil	r = n.right
corpus/07-trees/avl_tree.rb	(41,4)-(41,9):undefined method: nil#right=	V10	-	user-nil	n.right = r.left
corpus/07-trees/avl_tree.rb	(41,14)-(41,18):undefined method: nil#left	V10	-	user-nil	n.right = r.left
corpus/07-trees/avl_tree.rb	(42,4)-(42,8):undefined method: nil#left=	V10	-	user-nil	r.left = n
corpus/07-trees/avl_tree.rb	(52,50)-(52,54):undefined method: nil#left	V10	-	user-nil	n.left = rotate_left(n.left, st) if balance(n.left) < 0
corpus/07-trees/avl_tree.rb	(52,6)-(52,10):undefined method: nil#left=	V10	-	user-nil	n.left = rotate_left(n.left, st) if balance(n.left) < 0
corpus/07-trees/avl_tree.rb	(52,27)-(52,31):undefined method: nil#left	V10	-	user-nil	n.left = rotate_left(n.left, st) if balance(n.left) < 0
corpus/07-trees/avl_tree.rb	(56,53)-(56,58):undefined method: nil#right	V10	-	user-nil	n.right = rotate_right(n.right, st) if balance(n.right) > 0
corpus/07-trees/avl_tree.rb	(56,6)-(56,11):undefined method: nil#right=	V10	-	user-nil	n.right = rotate_right(n.right, st) if balance(n.right) > 0
corpus/07-trees/avl_tree.rb	(56,29)-(56,34):undefined method: nil#right	V10	-	user-nil	n.right = rotate_right(n.right, st) if balance(n.right) > 0
corpus/07-trees/avl_tree.rb	(64,13)-(64,16):undefined method: nil#key	V7	-	nil?-no-narrow	if key < n.key
corpus/07-trees/avl_tree.rb	(65,6)-(65,10):undefined method: nil#left=	V7	-	nil?-no-narrow	n.left = insert(n.left, key, st)
corpus/07-trees/avl_tree.rb	(65,22)-(65,26):undefined method: nil#left	V7	-	nil?-no-narrow	n.left = insert(n.left, key, st)
corpus/07-trees/avl_tree.rb	(66,16)-(66,19):undefined method: nil#key	V7	-	nil?-no-narrow	elsif key > n.key
corpus/07-trees/avl_tree.rb	(67,6)-(67,11):undefined method: nil#right=	V7	-	nil?-no-narrow	n.right = insert(n.right, key, st)
corpus/07-trees/avl_tree.rb	(67,23)-(67,28):undefined method: nil#right	V7	-	nil?-no-narrow	n.right = insert(n.right, key, st)
corpus/07-trees/avl_tree.rb	(75,22)-(75,26):undefined method: nil#left	V7	-	nil?-no-narrow	return n.right if n.left.nil?
corpus/07-trees/avl_tree.rb	(75,11)-(75,16):undefined method: nil#right	V10	-	user-nil	return n.right if n.left.nil?
corpus/07-trees/avl_tree.rb	(76,4)-(76,8):undefined method: nil#left=	V10	-	user-nil	n.left = remove_min(n.left, st)
corpus/07-trees/avl_tree.rb	(76,24)-(76,28):undefined method: nil#left	V10	-	user-nil	n.left = remove_min(n.left, st)
corpus/07-trees/avl_tree.rb	(82,13)-(82,16):undefined method: nil#key	V7	-	nil?-no-narrow	if key < n.key
corpus/07-trees/avl_tree.rb	(83,6)-(83,10):undefined method: nil#left=	V7	-	nil?-no-narrow	n.left = delete(n.left, key, st)
corpus/07-trees/avl_tree.rb	(83,22)-(83,26):undefined method: nil#left	V7	-	nil?-no-narrow	n.left = delete(n.left, key, st)
corpus/07-trees/avl_tree.rb	(84,16)-(84,19):undefined method: nil#key	V7	-	nil?-no-narrow	elsif key > n.key
corpus/07-trees/avl_tree.rb	(85,6)-(85,11):undefined method: nil#right=	V7	-	nil?-no-narrow	n.right = delete(n.right, key, st)
corpus/07-trees/avl_tree.rb	(85,23)-(85,28):undefined method: nil#right	V7	-	nil?-no-narrow	n.right = delete(n.right, key, st)
corpus/07-trees/avl_tree.rb	(87,10)-(87,14):undefined method: nil#left	V7	-	nil?-no-narrow	l = n.left
corpus/07-trees/avl_tree.rb	(88,10)-(88,15):undefined method: nil#right	V7	-	nil?-no-narrow	r = n.right
corpus/07-trees/avl_tree.rb	(91,23)-(91,27):undefined method: nil#left	V10	-	user-nil	m = m.left while m.left
corpus/07-trees/avl_tree.rb	(91,10)-(91,14):undefined method: nil#left	V10	-	user-nil	m = m.left while m.left
corpus/07-trees/avl_tree.rb	(92,6)-(92,11):undefined method: nil#right=	V10	-	user-nil	m.right = remove_min(r, st)
corpus/07-trees/avl_tree.rb	(93,6)-(93,10):undefined method: nil#left=	V10	-	user-nil	m.left = l
corpus/07-trees/avl_tree.rb	(101,8)-(101,11):undefined method: nil#key	V7	-	nil?-no-narrow	k = n.key
corpus/07-trees/avl_tree.rb	(104,20)-(104,26):undefined method: nil#height	V7	-	nil?-no-narrow	return false if n.height != 1 + [h(n.left), h(n.right)].max
corpus/07-trees/avl_tree.rb	(104,39)-(104,43):undefined method: nil#left	V7	-	nil?-no-narrow	return false if n.height != 1 + [h(n.left), h(n.right)].max
corpus/07-trees/avl_tree.rb	(104,50)-(104,55):undefined method: nil#right	V7	-	nil?-no-narrow	return false if n.height != 1 + [h(n.left), h(n.right)].max
corpus/07-trees/avl_tree.rb	(105,11)-(105,15):undefined method: nil#left	V7	-	nil?-no-narrow	valid?(n.left, lo, k) && valid?(n.right, k, hi)
corpus/07-trees/avl_tree.rb	(105,36)-(105,41):undefined method: nil#right	V7	-	nil?-no-narrow	valid?(n.left, lo, k) && valid?(n.right, k, hi)
corpus/07-trees/avl_tree.rb	(110,9)-(110,13):undefined method: nil#left	V7	-	nil?-no-narrow	keys(n.left, out)
corpus/07-trees/avl_tree.rb	(111,11)-(111,14):undefined method: nil#key	V7	-	nil?-no-narrow	out << n.key
corpus/07-trees/avl_tree.rb	(112,9)-(112,14):undefined method: nil#right	V7	-	nil?-no-narrow	keys(n.right, out)
corpus/07-trees/avl_tree.rb	(117,9)-(117,14):undefined method: nil#right	V7	-	nil?-no-narrow	draw(n.right, depth + 1, lines)
corpus/07-trees/avl_tree.rb	(118,33)-(118,36):undefined method: nil#key	V7	-	nil?-no-narrow	lines << "#{"    " * depth}#{n.key}"
corpus/07-trees/avl_tree.rb	(119,9)-(119,13):undefined method: nil#left	V7	-	nil?-no-narrow	draw(n.left, depth + 1, lines)
corpus/07-trees/avl_tree.rb	(129,22)-(129,25):undefined method: nil#key	V7	-	nil?-no-narrow	levels[d] << node.key
corpus/07-trees/avl_tree.rb	(130,19)-(130,23):undefined method: nil#left	V7	-	nil?-no-narrow	queue << [node.left, d + 1] << [node.right, d + 1]
corpus/07-trees/avl_tree.rb	(130,41)-(130,46):undefined method: nil#right	V7	-	nil?-no-narrow	queue << [node.left, d + 1] << [node.right, d + 1]
corpus/07-trees/avl_tree.rb	(152,34)-(152,37):undefined method: nil#key	V10	-	user-nil	puts "delete #{k}: root #{root2.key}, height #{h(root2)}, +#{st2.rotations - before} rotations, valid #{valid?(root2, nil, nil)}"
corpus/07-trees/bill_of_materials.rb	(29,28)-(29,33):undefined method: Array[String]#strip	V3	-	masgn-from-Array	cat.assemblies[name.strip] = rest.split("+").map do |item|
corpus/07-trees/bill_of_materials.rb	(36,24)-(36,29):undefined method: Array[String]#strip	V3	-	masgn-from-Array	cat.prices[name.strip] = price.to_f
corpus/07-trees/bill_of_materials.rb	(68,58)-(68,59):failed to resolve overloads	V3	-	masgn-from-Array	assemblies[part].each { |child, n| explode(child, qty * n, depth + 1, out) }
corpus/07-trees/bill_of_materials.rb	(76,65)-(76,66):failed to resolve overloads	V3	-	masgn-from-Array	assemblies[part].each { |child, n| requirements(child, qty * n, need) }
corpus/07-trees/bill_of_materials.rb	(118,41)-(118,42):failed to resolve overloads	V3	-	masgn-from-Array	rows = need.sort_by { |part, qty| [-(qty * cat.cost(part)), part] }
corpus/07-trees/bill_of_materials.rb	(120,52)-(120,53):failed to resolve overloads	V3	-	masgn-from-Array	puts format("  %-15s %5d  %10.2f", part, qty, qty * cat.cost(part))
corpus/07-trees/bst_basic.rb	(18,16)-(18,19):undefined method: nil#key	V7	-	nil?-no-narrow	if key < node.key
corpus/07-trees/bst_basic.rb	(19,9)-(19,13):undefined method: nil#left=	V7	-	nil?-no-narrow	node.left = insert(node.left, key, value)
corpus/07-trees/bst_basic.rb	(19,28)-(19,32):undefined method: nil#left	V7	-	nil?-no-narrow	node.left = insert(node.left, key, value)
corpus/07-trees/bst_basic.rb	(20,19)-(20,22):undefined method: nil#key	V7	-	nil?-no-narrow	elsif key > node.key
corpus/07-trees/bst_basic.rb	(21,9)-(21,14):undefined method: nil#right=	V7	-	nil?-no-narrow	node.right = insert(node.right, key, value)
corpus/07-trees/bst_basic.rb	(21,29)-(21,34):undefined method: nil#right	V7	-	nil?-no-narrow	node.right = insert(node.right, key, value)
corpus/07-trees/bst_basic.rb	(23,9)-(23,14):undefined method: nil#value=	V7	-	nil?-no-narrow	node.value = value
corpus/07-trees/bst_basic.rb	(37,30)-(37,34):undefined method: nil#left	V10	-	user-nil	node = node.left while node.left
corpus/07-trees/bst_basic.rb	(37,14)-(37,18):undefined method: nil#left	V10	-	user-nil	node = node.left while node.left
corpus/07-trees/bst_basic.rb	(43,16)-(43,19):undefined method: nil#key	V7	-	nil?-no-narrow	if key < node.key
corpus/07-trees/bst_basic.rb	(44,9)-(44,13):undefined method: nil#left=	V7	-	nil?-no-narrow	node.left = delete(node.left, key)
corpus/07-trees/bst_basic.rb	(44,28)-(44,32):undefined method: nil#left	V7	-	nil?-no-narrow	node.left = delete(node.left, key)
corpus/07-trees/bst_basic.rb	(45,19)-(45,22):undefined method: nil#key	V7	-	nil?-no-narrow	elsif key > node.key
corpus/07-trees/bst_basic.rb	(46,9)-(46,14):undefined method: nil#right=	V7	-	nil?-no-narrow	node.right = delete(node.right, key)
corpus/07-trees/bst_basic.rb	(46,29)-(46,34):undefined method: nil#right	V7	-	nil?-no-narrow	node.right = delete(node.right, key)
corpus/07-trees/bst_basic.rb	(48,30)-(48,34):undefined method: nil#left	V7	-	nil?-no-narrow	return node.right if node.left.nil?
corpus/07-trees/bst_basic.rb	(48,16)-(48,21):undefined method: nil#right	V7	-	nil?-no-narrow	return node.right if node.left.nil?
corpus/07-trees/bst_basic.rb	(49,29)-(49,34):undefined method: nil#right	V7	-	nil?-no-narrow	return node.left if node.right.nil?
corpus/07-trees/bst_basic.rb	(49,16)-(49,20):undefined method: nil#left	V7	-	nil?-no-narrow	return node.left if node.right.nil?
corpus/07-trees/bst_basic.rb	(50,25)-(50,30):undefined method: nil#right	V7	-	nil?-no-narrow	succ = min_node(node.right)
corpus/07-trees/bst_basic.rb	(51,9)-(51,12):undefined method: nil#key=	V7	-	nil?-no-narrow	node.key = succ.key
corpus/07-trees/bst_basic.rb	(51,20)-(51,23):undefined method: nil#key	V10	-	user-nil	node.key = succ.key
corpus/07-trees/bst_basic.rb	(52,9)-(52,14):undefined method: nil#value=	V7	-	nil?-no-narrow	node.value = succ.value
corpus/07-trees/bst_basic.rb	(52,22)-(52,27):undefined method: nil#value	V10	-	user-nil	node.value = succ.value
corpus/07-trees/bst_basic.rb	(53,9)-(53,14):undefined method: nil#right=	V7	-	nil?-no-narrow	node.right = delete(node.right, succ.key)
corpus/07-trees/bst_basic.rb	(53,29)-(53,34):undefined method: nil#right	V7	-	nil?-no-narrow	node.right = delete(node.right, succ.key)
corpus/07-trees/bst_basic.rb	(53,41)-(53,44):undefined method: nil#key	V10	-	user-nil	node.right = delete(node.right, succ.key)
corpus/07-trees/bst_basic.rb	(60,20)-(60,24):undefined method: nil#left	V7	-	nil?-no-narrow	each_inorder(node.left, &block)
corpus/07-trees/bst_basic.rb	(61,13)-(61,16):undefined method: nil#key	V7	-	nil?-no-narrow	yield node.key, node.value
corpus/07-trees/bst_basic.rb	(61,23)-(61,28):undefined method: nil#value	V7	-	nil?-no-narrow	yield node.key, node.value
corpus/07-trees/bst_basic.rb	(62,20)-(62,25):undefined method: nil#right	V7	-	nil?-no-narrow	each_inorder(node.right, &block)
corpus/07-trees/bst_basic.rb	(67,19)-(67,23):undefined method: nil#left	V7	-	nil?-no-narrow	1 + [height(node.left), height(node.right)].max
corpus/07-trees/bst_basic.rb	(67,38)-(67,43):undefined method: nil#right	V7	-	nil?-no-narrow	1 + [height(node.left), height(node.right)].max
corpus/07-trees/bst_basic.rb	(72,19)-(72,24):undefined method: nil#leaf?	V7	-	nil?-no-narrow	return 1 if node.leaf?
corpus/07-trees/bst_basic.rb	(73,20)-(73,24):undefined method: nil#left	V7	-	nil?-no-narrow	count_leaves(node.left) + count_leaves(node.right)
corpus/07-trees/bst_basic.rb	(73,46)-(73,51):undefined method: nil#right	V7	-	nil?-no-narrow	count_leaves(node.left) + count_leaves(node.right)
corpus/07-trees/bst_basic.rb	(78,11)-(78,14):undefined method: nil#key	V7	-	nil?-no-narrow	k = node.key
corpus/07-trees/bst_basic.rb	(79,18)-(79,22):undefined method: nil#left	V7	-	nil?-no-narrow	range_keys(node.left, lo, hi, out) if lo < k
corpus/07-trees/bst_basic.rb	(81,18)-(81,23):undefined method: nil#right	V7	-	nil?-no-narrow	range_keys(node.right, lo, hi, out) if k < hi
corpus/07-trees/bst_basic.rb	(134,77)-(134,80):undefined method: nil#key	V10	-	user-nil	puts "after delete #{w}: #{keys.join(" ")} (h=#{height(root)}, root=#{root.key})"
corpus/07-trees/decision_tree.rb	(24,19)-(24,23):wrong type of arguments	V1	-	interface-nominal	0.0 - p * Math.log2(p)
corpus/07-trees/decision_tree.rb	(35,63)-(35,64):failed to resolve overloads	V11	-	empty-arg	rest = rows.group_by { |r| r[attr] }.values.sum { |g| g.size * entropy(g, target) / rows.size }
corpus/07-trees/decision_tree.rb	(42,18)-(42,26):wrong number of arguments (2 for 0)	residual	-	unclassified	return Leaf.new(majority(rows, target), rows.size) if attrs.empty? || depth == max_depth
corpus/07-trees/decision_tree.rb	(44,18)-(44,26):wrong number of arguments (2 for 0)	residual	-	unclassified	return Leaf.new(majority(rows, target), rows.size) if best_gain < 0.001
corpus/07-trees/decision_tree.rb	(48,28)-(48,36):wrong number of arguments (2 for 0)	residual	-	unclassified	Split.new(best, branches, majority(rows, target))
corpus/07-trees/decision_tree.rb	(79,91)-(79,92):undefined method: nil#+	residual	nested-destructure-param	nested-destructure-param	node.branches.values.map { |c| count_nodes(c) }.reduce([1, 0]) { |(t, l), (t2, l2)| [t + t2, l + l2] }
corpus/07-trees/decision_tree.rb	(79,99)-(79,100):undefined method: nil#+	residual	nested-destructure-param	nested-destructure-param	node.branches.values.map { |c| count_nodes(c) }.reduce([1, 0]) { |(t, l), (t2, l2)| [t + t2, l + l2] }
corpus/07-trees/decision_tree.rb	(85,30)-(85,33):failed to resolve overloads	V3	-	masgn-from-Array	lines.map { |values| header.zip(values).to_h }
corpus/01-text/markdown_table.rb	(23,21)-(23,30):undefined method: nil#end_with?	V9	-	lib-nilable-return	s = s[0...-1] if s.end_with?("|")
corpus/01-text/markdown_table.rb	(23,7)-(23,15):undefined method: nil#[]	V9	-	lib-nilable-return	s = s[0...-1] if s.end_with?("|")
corpus/01-text/markdown_table.rb	(24,4)-(24,9):undefined method: nil#split	V9	-	lib-nilable-return	s.split("|").map(&:strip)
corpus/01-text/number_words.rb	(34,32)-(34,33):undefined method: Numeric#/	V2	-	numeric-catchall-overload	parts << "#{to_words(rest / size)} #{name}"
corpus/01-text/number_words.rb	(55,13)-(55,22):undefined method: nil#end_with?	V9	-	lib-nilable-return	elsif last.end_with?("y")
corpus/01-text/number_words.rb	(56,16)-(56,29):undefined method: nil#delete_suffix	V9	-	lib-nilable-return	stem + last.delete_suffix("y") + "ieth"
corpus/01-text/spell_suggest.rb	(54,8)-(54,16):wrong number of arguments (2 for 0)	residual	-	unclassified	d = distance(word, cand)
corpus/01-text/spell_suggest.rb	(61,18)-(61,21):undefined method: nil#[]	V9	-	lib-nilable-return	first = original[0]
corpus/01-text/spell_suggest.rb	(72,33)-(72,41):undefined method: nil#downcase	V9	-	lib-nilable-return	next token if freq.key?(word.downcase)
corpus/01-text/spell_suggest.rb	(73,27)-(73,35):undefined method: nil#downcase	V9	-	lib-nilable-return	options = suggest(word.downcase, freq, 2)
corpus/01-text/spell_suggest.rb	(79,37)-(79,41):undefined method: nil#word	residual	-	unclassified	match_case(word, options.first.word) + tail
corpus/01-text/spell_suggest.rb	(88,67)-(88,75):wrong number of arguments (2 for 0)	residual	-	unclassified	pairs.each { |a, b| puts "distance(#{a.inspect}, #{b.inspect}) = #{distance(a, b)}" }
corpus/02-analytics/soundex_index.rb	(21,15)-(21,21):undefined method: nil#upcase	V9	-	lib-nilable-return	first = s[0].upcase
corpus/02-analytics/spell_suggest.rb	(25,43)-(25,47):undefined method: nil#size	V9	-	lib-nilable-return	results << left + right[1, n] if right.size > 0
corpus/02-analytics/spell_suggest.rb	(25,20)-(25,21):undefined method: nil#+	V9	-	lib-nilable-return	results << left + right[1, n] if right.size > 0
corpus/02-analytics/spell_suggest.rb	(25,27)-(25,33):undefined method: nil#[]	V9	-	lib-nilable-return	results << left + right[1, n] if right.size > 0
corpus/02-analytics/spell_suggest.rb	(26,13)-(26,17):undefined method: nil#size	V9	-	lib-nilable-return	if right.size > 1
corpus/02-analytics/spell_suggest.rb	(27,22)-(27,23):undefined method: nil#+	V9	-	lib-nilable-return	results << left + right[1] + right[0] + right[2, n]
corpus/02-analytics/spell_suggest.rb	(27,29)-(27,32):undefined method: nil#[]	V9	-	lib-nilable-return	results << left + right[1] + right[0] + right[2, n]
corpus/02-analytics/spell_suggest.rb	(27,40)-(27,43):undefined method: nil#[]	V9	-	lib-nilable-return	results << left + right[1] + right[0] + right[2, n]
corpus/02-analytics/spell_suggest.rb	(27,51)-(27,57):undefined method: nil#[]	V9	-	lib-nilable-return	results << left + right[1] + right[0] + right[2, n]
corpus/02-analytics/spell_suggest.rb	(30,49)-(30,53):undefined method: nil#size	V9	-	lib-nilable-return	results << left + c + right[1, n] if right.size > 0
corpus/02-analytics/spell_suggest.rb	(30,22)-(30,23):undefined method: nil#+	V9	-	lib-nilable-return	results << left + c + right[1, n] if right.size > 0
corpus/02-analytics/spell_suggest.rb	(30,33)-(30,39):undefined method: nil#[]	V9	-	lib-nilable-return	results << left + c + right[1, n] if right.size > 0
corpus/02-analytics/spell_suggest.rb	(31,22)-(31,23):undefined method: nil#+	V9	-	lib-nilable-return	results << left + c + right
corpus/02-analytics/vocabulary_growth.rb	(30,32)-(30,35):wrong type of arguments	V1	-	interface-nominal	xs = points.map { |n, _| Math.log(n) }
corpus/02-analytics/vocabulary_growth.rb	(31,32)-(31,35):wrong type of arguments	V1	-	interface-nominal	ys = points.map { |_, v| Math.log(v) }
corpus/02-analytics/vocabulary_growth.rb	(38,8)-(38,10):failed to resolve overloads	V11	-	empty-arg	num += (x - mx) * (ys[i] - my)
corpus/02-analytics/vocabulary_growth.rb	(38,14)-(38,15):failed to resolve overloads	V11	-	empty-arg	num += (x - mx) * (ys[i] - my)
corpus/02-analytics/vocabulary_growth.rb	(38,29)-(38,30):failed to resolve overloads	V11	-	empty-arg	num += (x - mx) * (ys[i] - my)
corpus/02-analytics/vocabulary_growth.rb	(39,8)-(39,10):failed to resolve overloads	V11	-	empty-arg	den += (x - mx) * (x - mx)
corpus/02-analytics/vocabulary_growth.rb	(39,14)-(39,15):failed to resolve overloads	V11	-	empty-arg	den += (x - mx) * (x - mx)
corpus/02-analytics/vocabulary_growth.rb	(39,25)-(39,26):failed to resolve overloads	V11	-	empty-arg	den += (x - mx) * (x - mx)
corpus/02-analytics/vocabulary_growth.rb	(42,11)-(42,14):wrong type of arguments	V11	-	empty-arg	k = Math.exp(my - beta * mx)
corpus/02-analytics/vocabulary_growth.rb	(42,25)-(42,26):failed to resolve overloads	V11	-	empty-arg	k = Math.exp(my - beta * mx)
corpus/02-analytics/vocabulary_growth.rb	(77,57)-(77,58):failed to resolve overloads	residual	nested-destructure-param	nested-destructure-param	puts format("  %d %-10s %2d %3d", i + 1, w, c, (i + 1) * c)
corpus/03-numtheory/digit_curiosities.rb	(23,21)-(23,22):failed to resolve overloads	V11	-	empty-arg	def harshad?(n) = (n % digit_sum(n)).zero?
corpus/03-numtheory/egyptian_fractions.rb	(6,10)-(6,19):undefined method: nil#numerator	V9	-	lib-nilable-return	while r.numerator != 0
corpus/03-numtheory/egyptian_fractions.rb	(7,10)-(7,21):undefined method: nil#denominator	V9	-	lib-nilable-return	d = r.denominator.ceildiv(r.numerator)
corpus/03-numtheory/egyptian_fractions.rb	(7,32)-(7,41):undefined method: nil#numerator	V9	-	lib-nilable-return	d = r.denominator.ceildiv(r.numerator)
corpus/03-numtheory/egyptian_fractions.rb	(9,6)-(9,8):undefined method: nil#-	V9	-	lib-nilable-return	r -= Rational(1, d)
corpus/03-numtheory/egyptian_fractions.rb	(20,15)-(20,16):undefined method: nil#+	V9	-	lib-nilable-return	counts[dup + 1] += 1
corpus/03-numtheory/egyptian_fractions.rb	(20,15)-(20,16):undefined method: nil#+	V9	-	lib-nilable-return	counts[dup + 1] += 1
corpus/03-numtheory/egyptian_fractions.rb	(21,15)-(21,16):undefined method: nil#*	V9	-	lib-nilable-return	counts[dup * (dup + 1)] += 1
corpus/03-numtheory/egyptian_fractions.rb	(21,15)-(21,16):undefined method: nil#*	V9	-	lib-nilable-return	counts[dup * (dup + 1)] += 1
corpus/03-numtheory/egyptian_fractions.rb	(21,22)-(21,23):undefined method: nil#+	V9	-	lib-nilable-return	counts[dup * (dup + 1)] += 1
corpus/03-numtheory/egyptian_fractions.rb	(21,22)-(21,23):undefined method: nil#+	V9	-	lib-nilable-return	counts[dup * (dup + 1)] += 1
corpus/03-numtheory/egyptian_fractions.rb	(34,16)-(34,17):undefined method: nil#-	V9	-	lib-nilable-return	r1 = target - Rational(1, x)
corpus/03-numtheory/egyptian_fractions.rb	(60,13)-(60,15):undefined method: nil#>=	V9	-	lib-nilable-return	while rest >= Rational(1, d)
corpus/03-numtheory/egyptian_fractions.rb	(62,9)-(62,11):undefined method: nil#-	V9	-	lib-nilable-return	rest -= Rational(1, d)
corpus/03-numtheory/egyptian_fractions.rb	(78,65)-(78,66):undefined method: nil#%	V6	block-param-shadow	block-param-shadow	puts format("  H(%2d) = %-28s ~ %.6f", n, h.to_s, h.to_f) if n % 5 == 0
corpus/03-numtheory/factor_functions.rb	(23,45)-(23,46):failed to resolve overloads	V11	nested-destructure-param	empty-arg	def tau(f) = f.reduce(1) { |acc, (_, e)| acc * (e + 1) }
corpus/03-numtheory/factor_functions.rb	(23,50)-(23,51):undefined method: nil#+	residual	nested-destructure-param	nested-destructure-param	def tau(f) = f.reduce(1) { |acc, (_, e)| acc * (e + 1) }
corpus/03-numtheory/factor_functions.rb	(27,23)-(27,25):failed to resolve overloads	V11	-	empty-arg	f.each { |p, e| prod *= (p**(e + 1) - 1) / (p - 1) }
corpus/03-numtheory/factor_functions.rb	(27,43)-(27,44):undefined method: Numeric#/	residual	-	unclassified	f.each { |p, e| prod *= (p**(e + 1) - 1) / (p - 1) }
corpus/03-numtheory/factor_functions.rb	(31,48)-(31,49):failed to resolve overloads	residual	nested-destructure-param	nested-destructure-param	def phi(n, f) = f.reduce(n) { |acc, (p, _)| acc / p * (p - 1) }
corpus/03-numtheory/factor_functions.rb	(31,57)-(31,58):undefined method: nil#-	residual	nested-destructure-param	nested-destructure-param	def phi(n, f) = f.reduce(n) { |acc, (p, _)| acc / p * (p - 1) }
corpus/03-numtheory/factor_functions.rb	(40,54)-(40,55):failed to resolve overloads	V11	nested-destructure-param	empty-arg	def from_factors(f) = f.reduce(1) { |acc, (p, e)| acc * p**e }
corpus/03-numtheory/factor_functions.rb	(40,57)-(40,59):undefined method: nil#**	residual	nested-destructure-param	nested-destructure-param	def from_factors(f) = f.reduce(1) { |acc, (p, e)| acc * p**e }
corpus/03-numtheory/farey_stern_brocot.rb	(16,35)-(16,44):undefined method: nil#numerator	V9	-	lib-nilable-return	seq.each_cons(2).all? { |x, y| y.numerator * x.denominator - x.numerator * y.denominator == 1 }
corpus/03-numtheory/farey_stern_brocot.rb	(16,49)-(16,60):undefined method: nil#denominator	V9	-	lib-nilable-return	seq.each_cons(2).all? { |x, y| y.numerator * x.denominator - x.numerator * y.denominator == 1 }
corpus/03-numtheory/farey_stern_brocot.rb	(16,65)-(16,74):undefined method: nil#numerator	V9	-	lib-nilable-return	seq.each_cons(2).all? { |x, y| y.numerator * x.denominator - x.numerator * y.denominator == 1 }
corpus/03-numtheory/farey_stern_brocot.rb	(16,79)-(16,90):undefined method: nil#denominator	V9	-	lib-nilable-return	seq.each_cons(2).all? { |x, y| y.numerator * x.denominator - x.numerator * y.denominator == 1 }
corpus/03-numtheory/farey_stern_brocot.rb	(20,13)-(20,22):undefined method: nil#numerator	V9	-	lib-nilable-return	Rational(x.numerator + y.numerator, x.denominator + y.denominator)
corpus/03-numtheory/farey_stern_brocot.rb	(20,27)-(20,36):undefined method: nil#numerator	V9	-	lib-nilable-return	Rational(x.numerator + y.numerator, x.denominator + y.denominator)
corpus/03-numtheory/farey_stern_brocot.rb	(20,40)-(20,51):undefined method: nil#denominator	V9	-	lib-nilable-return	Rational(x.numerator + y.numerator, x.denominator + y.denominator)
corpus/03-numtheory/farey_stern_brocot.rb	(20,56)-(20,67):undefined method: nil#denominator	V9	-	lib-nilable-return	Rational(x.numerator + y.numerator, x.denominator + y.denominator)
corpus/03-numtheory/farey_stern_brocot.rb	(31,14)-(31,15):undefined method: nil#<	V9	-	lib-nilable-return	if target < m
corpus/03-numtheory/farey_stern_brocot.rb	(66,14)-(66,23):undefined method: nil#numerator	V9	-	lib-nilable-return	hi = [m.numerator, m.denominator]
corpus/03-numtheory/farey_stern_brocot.rb	(66,27)-(66,38):undefined method: nil#denominator	V9	-	lib-nilable-return	hi = [m.numerator, m.denominator]
corpus/03-numtheory/farey_stern_brocot.rb	(68,14)-(68,23):undefined method: nil#numerator	V9	-	lib-nilable-return	lo = [m.numerator, m.denominator]
corpus/03-numtheory/farey_stern_brocot.rb	(68,27)-(68,38):undefined method: nil#denominator	V9	-	lib-nilable-return	lo = [m.numerator, m.denominator]
corpus/03-numtheory/farey_stern_brocot.rb	(85,14)-(85,15):undefined method: nil#-	V9	-	lib-nilable-return	left = f7[idx - 1]
corpus/03-numtheory/farey_stern_brocot.rb	(86,15)-(86,16):undefined method: nil#+	V9	-	lib-nilable-return	right = f7[idx + 1]
corpus/03-numtheory/farey_stern_brocot.rb	(103,16)-(103,20):wrong type of arguments	V1	-	interface-nominal	[["sqrt2", Math.sqrt(2)], ["e", Math.exp(1)]].each do |name, x|
corpus/03-numtheory/farey_stern_brocot.rb	(103,37)-(103,40):wrong type of arguments	V1	-	interface-nominal	[["sqrt2", Math.sqrt(2)], ["e", Math.exp(1)]].each do |name, x|
corpus/03-numtheory/fibonacci_numbers.rb	(15,16)-(15,17):undefined method: Numeric#*	V2	-	numeric-catchall-overload	Mat2.new(@a * y.a + @b * y.c, @a * y.b + @b * y.d,
corpus/03-numtheory/fibonacci_numbers.rb	(15,27)-(15,28):undefined method: Numeric#*	V2	-	numeric-catchall-overload	Mat2.new(@a * y.a + @b * y.c, @a * y.b + @b * y.d,
corpus/03-numtheory/fibonacci_numbers.rb	(15,37)-(15,38):undefined method: Numeric#*	V2	-	numeric-catchall-overload	Mat2.new(@a * y.a + @b * y.c, @a * y.b + @b * y.d,
corpus/03-numtheory/fibonacci_numbers.rb	(15,48)-(15,49):undefined method: Numeric#*	V2	-	numeric-catchall-overload	Mat2.new(@a * y.a + @b * y.c, @a * y.b + @b * y.d,
corpus/03-numtheory/fibonacci_numbers.rb	(16,16)-(16,17):undefined method: Numeric#*	V2	-	numeric-catchall-overload	@c * y.a + @d * y.c, @c * y.b + @d * y.d)
corpus/03-numtheory/fibonacci_numbers.rb	(16,27)-(16,28):undefined method: Numeric#*	V2	-	numeric-catchall-overload	@c * y.a + @d * y.c, @c * y.b + @d * y.d)
corpus/03-numtheory/fibonacci_numbers.rb	(16,37)-(16,38):undefined method: Numeric#*	V2	-	numeric-catchall-overload	@c * y.a + @d * y.c, @c * y.b + @d * y.d)
corpus/03-numtheory/fibonacci_numbers.rb	(16,48)-(16,49):undefined method: Numeric#*	V2	-	numeric-catchall-overload	@c * y.a + @d * y.c, @c * y.b + @d * y.d)
corpus/03-numtheory/fibonacci_numbers.rb	(27,38)-(27,42):undefined method: Numeric#odd?	residual	-	unclassified	result = result * base % m if n.odd?
corpus/03-numtheory/fibonacci_numbers.rb	(29,8)-(29,10):undefined method: Numeric#/	residual	-	unclassified	n /= 2
corpus/03-numtheory/fibonacci_numbers.rb	(98,53)-(98,54):undefined method: nil#-	V9	-	lib-nilable-return	parts.sum == n && idx.each_cons(2).all? { |x, y| x - y >= 2 }
corpus/03-numtheory/fibonacci_numbers.rb	(105,53)-(105,54):failed to resolve overloads	V11	-	empty-arg	cassini = (1..60).all? { |n| fib(n - 1) * fib(n + 1) - fib(n)**2 == (n.even? ? 1 : -1) }
corpus/03-numtheory/fibonacci_numbers.rb	(110,76)-(110,80):wrong type of arguments	V1	-	interface-nominal	puts format("  F(40)/F(39) = %.12f, golden ratio = %.12f", ratio, (1 + Math.sqrt(5)) / 2)
corpus/09-dp/held_karp.rb	(26,17)-(26,23):failed to resolve overloads	V6	block-param-shadow	block-param-shadow	here = best[mask][j]
corpus/09-dp/held_karp.rb	(32,23)-(32,26):failed to resolve overloads	V6	block-param-shadow	block-param-shadow	cand = here + d[j][k]
corpus/09-dp/held_karp.rb	(33,18)-(33,23):failed to resolve overloads	V6	-	block-param-shadow	old = best[nxt][k]
corpus/09-dp/held_karp.rb	(35,14)-(35,19):failed to resolve overloads	V6	-	block-param-shadow	best[nxt][k] = cand
corpus/09-dp/held_karp.rb	(36,14)-(36,19):failed to resolve overloads	V6	-	block-param-shadow	prev[nxt][k] = j
corpus/09-dp/held_karp.rb	(44,18)-(44,21):failed to resolve overloads	V6	block-param-shadow	block-param-shadow	v = best[full][j]
corpus/09-dp/held_karp.rb	(46,17)-(46,20):failed to resolve overloads	V6	block-param-shadow	block-param-shadow	total = v + d[j][0]
corpus/09-dp/held_karp.rb	(57,19)-(57,22):failed to resolve overloads	V6	-	block-param-shadow	pj = prev[mask][j]
corpus/09-dp/held_karp.rb	(58,15)-(58,17):wrong type of arguments	V6	-	block-param-shadow	mask ^= (1 << j)
corpus/09-dp/held_karp.rb	(97,15)-(97,16):failed to resolve overloads	V6	-	block-param-shadow	gap = (100.0 * (greedy_len - len) / len).round(1)
corpus/09-dp/held_karp.rb	(97,29)-(97,30):failed to resolve overloads	V6	-	block-param-shadow	gap = (100.0 * (greedy_len - len) / len).round(1)
corpus/09-dp/house_robber.rb	(27,21)-(27,23):undefined method: nil#>=	V6	block-param-shadow	block-param-shadow	with_it = v + (i >= 2 ? best[i - 2] : 0)
corpus/09-dp/house_robber.rb	(27,35)-(27,36):undefined method: nil#-	V6	block-param-shadow	block-param-shadow	with_it = v + (i >= 2 ? best[i - 2] : 0)
corpus/09-dp/house_robber.rb	(28,16)-(28,18):undefined method: nil#>=	V6	block-param-shadow	block-param-shadow	without = i >= 1 ? best[i - 1] : 0
corpus/09-dp/house_robber.rb	(28,30)-(28,31):undefined method: nil#-	V6	block-param-shadow	block-param-shadow	without = i >= 1 ? best[i - 1] : 0
corpus/09-dp/house_robber.rb	(56,26)-(56,30):undefined method: nil#left	V7	-	nil?-no-narrow	lw, lo = tree_best(node.left)
corpus/09-dp/house_robber.rb	(57,26)-(57,31):undefined method: nil#right	V7	-	nil?-no-narrow	rw, ro = tree_best(node.right)
corpus/09-dp/house_robber.rb	(58,8)-(58,12):undefined method: nil#loot	V7	-	nil?-no-narrow	[node.loot + lo + ro, [lw, lo].max + [rw, ro].max]
corpus/09-dp/house_robber.rb	(65,14)-(65,18):undefined method: nil#name	V7	-	nil?-no-narrow	out << node.name if take
corpus/09-dp/house_robber.rb	(66,17)-(66,21):undefined method: nil#left	V7	-	nil?-no-narrow	tree_plan(node.left, !take, out)
corpus/09-dp/house_robber.rb	(67,17)-(67,22):undefined method: nil#right	V7	-	nil?-no-narrow	tree_plan(node.right, !take, out)
corpus/09-dp/house_robber.rb	(73,21)-(73,25):undefined method: nil#left	V7	-	nil?-no-narrow	1 + tree_size(node.left) + tree_size(node.right)
corpus/09-dp/house_robber.rb	(73,44)-(73,49):undefined method: nil#right	V7	-	nil?-no-narrow	1 + tree_size(node.left) + tree_size(node.right)
corpus/09-dp/interval_scheduling.rb	(37,45)-(37,50):undefined method: Array[String]#ljust	V3	-	masgn-from-Array	def to_s = "#{@start}-#{@finish} #{@client.ljust(7)} $#{@fee}"
corpus/09-dp/interval_scheduling.rb	(42,16)-(42,19):failed to resolve overloads	V6	-	block-param-shadow	start = sorted[i].start
corpus/09-dp/interval_scheduling.rb	(44,9)-(44,10):undefined method: nil#-	V6	-	block-param-shadow	hi = i - 1
corpus/09-dp/interval_scheduling.rb	(46,11)-(46,13):wrong type of arguments	V6	-	block-param-shadow	while lo <= hi
corpus/09-dp/interval_scheduling.rb	(47,14)-(47,15):failed to resolve overloads	V6	-	block-param-shadow	mid = (lo + hi) / 2
corpus/09-dp/interval_scheduling.rb	(48,13)-(48,18):failed to resolve overloads	V6	-	block-param-shadow	if sorted[mid].finish <= start
corpus/09-dp/interval_scheduling.rb	(64,16)-(64,19):failed to resolve overloads	V6	block-param-shadow	block-param-shadow	prior = p_of[i]
corpus/09-dp/interval_scheduling.rb	(65,17)-(65,20):failed to resolve overloads	V6	block-param-shadow	block-param-shadow	take = sorted[i].fee + (prior.nil? ? 0 : best[prior + 1])
corpus/09-dp/interval_scheduling.rb	(70,10)-(70,12):undefined method: nil#>=	V7	-	nil?-no-narrow	while i >= 0
corpus/09-dp/interval_scheduling.rb	(72,56)-(72,57):undefined method: nil#+	V7	-	nil?-no-narrow	take = sorted[i].fee + (prior.nil? ? 0 : best[prior + 1])
corpus/09-dp/interval_scheduling.rb	(77,8)-(77,10):undefined method: nil#-	V7	-	nil?-no-narrow	i -= 1
corpus/09-dp/interval_scheduling.rb	(103,63)-(103,64):failed to resolve overloads	V11	-	empty-arg	puts format("studio busy %.2f h, $%.2f per hour", hours, total / hours)
corpus/09-dp/interval_scheduling.rb	(109,27)-(109,32):undefined method: nil#start	V9	-	lib-nilable-return	puts "day spans #{earliest.start} to #{latest}"
corpus/09-dp/lcs_diff.rb	(90,19)-(90,23):wrong type of arguments	V1	-	interface-nominal	edits.each { |e| puts e }
corpus/04-numeric/eigenvalues.rb	(12,19)-(12,23):wrong type of arguments	V11	-	empty-arg	def norm(v) = Math.sqrt(dot(v, v))
corpus/04-numeric/eigenvalues.rb	(65,36)-(65,38):failed to resolve overloads	V11	-	empty-arg	n.times { |i| n.times { |j| off += m[i][j] ** 2 if i != j } }
corpus/04-numeric/eigenvalues.rb	(71,43)-(71,44):failed to resolve overloads	V11	-	empty-arg	theta = (m[q][q] - m[p][p]) / (2.0 * m[p][q])
corpus/04-numeric/eigenvalues.rb	(72,40)-(72,41):failed to resolve overloads	V11	-	empty-arg	t = (theta >= 0.0 ? 1.0 : -1.0) / (theta.abs + Math.sqrt(theta * theta + 1.0))
corpus/04-numeric/eigenvalues.rb	(72,60)-(72,64):wrong type of arguments	V11	-	empty-arg	t = (theta >= 0.0 ? 1.0 : -1.0) / (theta.abs + Math.sqrt(theta * theta + 1.0))
corpus/04-numeric/eigenvalues.rb	(73,23)-(73,27):wrong type of arguments	V11	-	empty-arg	c = 1.0 / Math.sqrt(t * t + 1.0)
corpus/04-numeric/eigenvalues.rb	(78,22)-(78,23):failed to resolve overloads	V11	-	empty-arg	m[k][p] = c * mkp - s * mkq
corpus/04-numeric/eigenvalues.rb	(79,32)-(79,33):failed to resolve overloads	V11	-	empty-arg	m[k][q] = s * mkp + c * mkq
corpus/04-numeric/eigenvalues.rb	(84,22)-(84,23):failed to resolve overloads	V11	-	empty-arg	m[p][k] = c * mpk - s * mqk
corpus/04-numeric/eigenvalues.rb	(85,32)-(85,33):failed to resolve overloads	V11	-	empty-arg	m[q][k] = s * mpk + c * mqk
corpus/04-numeric/eigenvalues.rb	(131,42)-(131,45):wrong type of arguments	V1	-	interface-nominal	exact = (1..n).map { |k| 2.0 - 2.0 * Math.cos(k * Math::PI / (n + 1)) }
corpus/04-numeric/float_accuracy.rb	(46,11)-(46,15):wrong type of arguments	V1	-	interface-nominal	d = Math.sqrt(b * b - 4.0 * a * c)
corpus/04-numeric/float_accuracy.rb	(51,11)-(51,15):wrong type of arguments	V1	-	interface-nominal	d = Math.sqrt(b * b - 4.0 * a * c)
corpus/04-numeric/float_accuracy.rb	(60,11)-(60,12):undefined method: nil#<	V9	-	lib-nilable-return	while lo < hi && count < 1000
corpus/04-numeric/float_accuracy.rb	(61,12)-(61,22):undefined method: nil#next_float	V9	-	lib-nilable-return	lo = lo.next_float
corpus/04-numeric/float_accuracy.rb	(68,54)-(68,58):wrong type of arguments	V1	-	interface-nominal	puts format("machine epsilon: %.6e (2^%d)", eps, Math.log2(eps).round)
corpus/04-numeric/float_accuracy.rb	(87,33)-(87,36):wrong type of arguments	V1	-	interface-nominal	puts format("ln 2 = %.15f", Math.log(2.0))
corpus/04-numeric/fourier_spectrum.rb	(9,42)-(9,45):wrong type of arguments	V1	-	interface-nominal	def self.polar(r, theta) = new(r * Math.cos(theta), r * Math.sin(theta))
corpus/04-numeric/fourier_spectrum.rb	(9,63)-(9,66):wrong type of arguments	V1	-	interface-nominal	def self.polar(r, theta) = new(r * Math.cos(theta), r * Math.sin(theta))
corpus/04-numeric/fourier_spectrum.rb	(11,29)-(11,31):undefined method: nil#re	V9	-	lib-nilable-return	def -(b) = Cpx.new(@re - b.re, @im - b.im)
corpus/04-numeric/fourier_spectrum.rb	(11,29)-(11,31):undefined method: Array[untyped]#re	V1	-	interface-nominal	def -(b) = Cpx.new(@re - b.re, @im - b.im)
corpus/04-numeric/fourier_spectrum.rb	(11,29)-(11,31):undefined method: Array[untyped]#re	V1	-	interface-nominal	def -(b) = Cpx.new(@re - b.re, @im - b.im)
corpus/04-numeric/fourier_spectrum.rb	(11,41)-(11,43):undefined method: nil#im	V9	-	lib-nilable-return	def -(b) = Cpx.new(@re - b.re, @im - b.im)
corpus/04-numeric/fourier_spectrum.rb	(11,41)-(11,43):undefined method: Array[untyped]#im	V1	-	interface-nominal	def -(b) = Cpx.new(@re - b.re, @im - b.im)
corpus/04-numeric/fourier_spectrum.rb	(11,41)-(11,43):undefined method: Array[untyped]#im	V1	-	interface-nominal	def -(b) = Cpx.new(@re - b.re, @im - b.im)
corpus/04-numeric/fourier_spectrum.rb	(15,32)-(15,34):undefined method: Float#re	residual	case-in-no-narrow	case-in-no-narrow	in Cpx then Cpx.new(@re * b.re - @im * b.im, @re * b.im + @im * b.re)
corpus/04-numeric/fourier_spectrum.rb	(15,32)-(15,34):undefined method: Array[untyped]#re	V3	case-in-no-narrow	masgn-from-Array	in Cpx then Cpx.new(@re * b.re - @im * b.im, @re * b.im + @im * b.re)
corpus/04-numeric/fourier_spectrum.rb	(15,32)-(15,34):undefined method: Array[untyped]#re	V3	case-in-no-narrow	masgn-from-Array	in Cpx then Cpx.new(@re * b.re - @im * b.im, @re * b.im + @im * b.re)
corpus/04-numeric/fourier_spectrum.rb	(15,32)-(15,34):... and other 1 errors	V3	case-in-no-narrow	masgn-from-Array	in Cpx then Cpx.new(@re * b.re - @im * b.im, @re * b.im + @im * b.re)
corpus/04-numeric/fourier_spectrum.rb	(15,45)-(15,47):undefined method: Float#im	residual	case-in-no-narrow	case-in-no-narrow	in Cpx then Cpx.new(@re * b.re - @im * b.im, @re * b.im + @im * b.re)
corpus/04-numeric/fourier_spectrum.rb	(15,45)-(15,47):undefined method: Array[untyped]#im	V3	case-in-no-narrow	masgn-from-Array	in Cpx then Cpx.new(@re * b.re - @im * b.im, @re * b.im + @im * b.re)
corpus/04-numeric/fourier_spectrum.rb	(15,45)-(15,47):undefined method: Array[untyped]#im	V3	case-in-no-narrow	masgn-from-Array	in Cpx then Cpx.new(@re * b.re - @im * b.im, @re * b.im + @im * b.re)
corpus/04-numeric/fourier_spectrum.rb	(15,45)-(15,47):... and other 1 errors	V3	case-in-no-narrow	masgn-from-Array	in Cpx then Cpx.new(@re * b.re - @im * b.im, @re * b.im + @im * b.re)
corpus/04-numeric/fourier_spectrum.rb	(15,57)-(15,59):undefined method: Float#im	residual	case-in-no-narrow	case-in-no-narrow	in Cpx then Cpx.new(@re * b.re - @im * b.im, @re * b.im + @im * b.re)
corpus/04-numeric/fourier_spectrum.rb	(15,57)-(15,59):undefined method: Array[untyped]#im	V3	case-in-no-narrow	masgn-from-Array	in Cpx then Cpx.new(@re * b.re - @im * b.im, @re * b.im + @im * b.re)
corpus/04-numeric/fourier_spectrum.rb	(15,57)-(15,59):undefined method: Array[untyped]#im	V3	case-in-no-narrow	masgn-from-Array	in Cpx then Cpx.new(@re * b.re - @im * b.im, @re * b.im + @im * b.re)
corpus/04-numeric/fourier_spectrum.rb	(15,57)-(15,59):... and other 1 errors	V3	case-in-no-narrow	masgn-from-Array	in Cpx then Cpx.new(@re * b.re - @im * b.im, @re * b.im + @im * b.re)
corpus/04-numeric/fourier_spectrum.rb	(15,70)-(15,72):undefined method: Float#re	residual	case-in-no-narrow	case-in-no-narrow	in Cpx then Cpx.new(@re * b.re - @im * b.im, @re * b.im + @im * b.re)
corpus/04-numeric/fourier_spectrum.rb	(15,70)-(15,72):undefined method: Array[untyped]#re	V3	case-in-no-narrow	masgn-from-Array	in Cpx then Cpx.new(@re * b.re - @im * b.im, @re * b.im + @im * b.re)
corpus/04-numeric/fourier_spectrum.rb	(15,70)-(15,72):undefined method: Array[untyped]#re	V3	case-in-no-narrow	masgn-from-Array	in Cpx then Cpx.new(@re * b.re - @im * b.im, @re * b.im + @im * b.re)
corpus/04-numeric/fourier_spectrum.rb	(15,70)-(15,72):... and other 1 errors	V3	case-in-no-narrow	masgn-from-Array	in Cpx then Cpx.new(@re * b.re - @im * b.im, @re * b.im + @im * b.re)
corpus/04-numeric/fourier_spectrum.rb	(20,17)-(20,22):wrong type of arguments	V1	-	interface-nominal	def abs = Math.hypot(@re, @im)
corpus/04-numeric/fourier_spectrum.rb	(30,15)-(30,16):failed to resolve overloads	V3	-	masgn-from-Array	acc += x * Cpx.polar(1.0, -2.0 * Math::PI * k * t / n)
corpus/04-numeric/fourier_spectrum.rb	(30,15)-(30,16):failed to resolve overloads	V3	-	masgn-from-Array	acc += x * Cpx.polar(1.0, -2.0 * Math::PI * k * t / n)
corpus/04-numeric/fourier_spectrum.rb	(46,18)-(46,19):wrong type of arguments	V3	-	masgn-from-Array	out[k] = e[k] + tw
corpus/04-numeric/fourier_spectrum.rb	(46,18)-(46,19):wrong type of arguments	V3	-	masgn-from-Array	out[k] = e[k] + tw
corpus/04-numeric/fourier_spectrum.rb	(46,18)-(46,19):wrong type of arguments	V3	-	masgn-from-Array	out[k] = e[k] + tw
corpus/04-numeric/fourier_spectrum.rb	(47,26)-(47,27):wrong type of arguments	V3	-	masgn-from-Array	out[k + n / 2] = e[k] - tw
corpus/04-numeric/fourier_spectrum.rb	(47,26)-(47,27):wrong type of arguments	V3	-	masgn-from-Array	out[k + n / 2] = e[k] - tw
corpus/04-numeric/fourier_spectrum.rb	(47,26)-(47,27):wrong type of arguments	V3	-	masgn-from-Array	out[k + n / 2] = e[k] - tw
corpus/04-numeric/fourier_spectrum.rb	(54,36)-(54,40):undefined method: Array[untyped]#conj	V3	-	masgn-from-Array	fft(spec.map(&:conj)).map { |c| c.conj * (1.0 / n) }
corpus/04-numeric/fourier_spectrum.rb	(54,36)-(54,40):undefined method: Array[untyped]#conj	V3	-	masgn-from-Array	fft(spec.map(&:conj)).map { |c| c.conj * (1.0 / n) }
corpus/04-numeric/fourier_spectrum.rb	(54,36)-(54,40):undefined method: Array[untyped]#conj	V3	-	masgn-from-Array	fft(spec.map(&:conj)).map { |c| c.conj * (1.0 / n) }
corpus/04-numeric/fourier_spectrum.rb	(61,17)-(61,20):wrong type of arguments	V1	-	interface-nominal	v = 1.5 * Math.sin(2.0 * Math::PI * 5.0 * t) + 0.8 * Math.cos(2.0 * Math::PI * 12.0 * t) + 0.3 * Math.sin(2.0 * Math::PI * 20.0 * t + 0.7) + 0.25
corpus/04-numeric/fourier_spectrum.rb	(61,60)-(61,63):wrong type of arguments	V1	-	interface-nominal	v = 1.5 * Math.sin(2.0 * Math::PI * 5.0 * t) + 0.8 * Math.cos(2.0 * Math::PI * 12.0 * t) + 0.3 * Math.sin(2.0 * Math::PI * 20.0 * t + 0.7) + 0.25
corpus/04-numeric/fourier_spectrum.rb	(61,104)-(61,107):wrong type of arguments	V1	-	interface-nominal	v = 1.5 * Math.sin(2.0 * Math::PI * 5.0 * t) + 0.8 * Math.cos(2.0 * Math::PI * 12.0 * t) + 0.3 * Math.sin(2.0 * Math::PI * 20.0 * t + 0.7) + 0.25
corpus/04-numeric/fourier_spectrum.rb	(72,25)-(72,28):undefined method: Array[untyped]#abs	V3	-	masgn-from-Array	[k * rate / n, fast[k].abs * scale]
corpus/04-numeric/fourier_spectrum.rb	(72,25)-(72,28):undefined method: Array[untyped]#abs	V3	-	masgn-from-Array	[k * rate / n, fast[k].abs * scale]
corpus/04-numeric/fourier_spectrum.rb	(72,25)-(72,28):undefined method: Array[untyped]#abs	V3	-	masgn-from-Array	[k * rate / n, fast[k].abs * scale]
corpus/04-numeric/fourier_spectrum.rb	(81,33)-(81,35):undefined method: Array[untyped]#re	V3	-	masgn-from-Array	energy_time = signal.sum { |c| c.re ** 2 }
corpus/04-numeric/fourier_spectrum.rb	(81,33)-(81,35):undefined method: Array[untyped]#re	V3	-	masgn-from-Array	energy_time = signal.sum { |c| c.re ** 2 }
corpus/04-numeric/fourier_spectrum.rb	(82,31)-(82,34):undefined method: Array[untyped]#abs	V3	-	masgn-from-Array	energy_freq = fast.map { |c| c.abs ** 2 }.sum / n
corpus/04-numeric/fourier_spectrum.rb	(82,31)-(82,34):undefined method: Array[untyped]#abs	V3	-	masgn-from-Array	energy_freq = fast.map { |c| c.abs ** 2 }.sum / n
corpus/04-numeric/fourier_spectrum.rb	(82,31)-(82,34):undefined method: Array[untyped]#abs	V3	-	masgn-from-Array	energy_freq = fast.map { |c| c.abs ** 2 }.sum / n
corpus/04-numeric/fourier_spectrum.rb	(97,20)-(97,23):wrong type of arguments	V1	-	interface-nominal	want = 1.5 * Math.sin(2.0 * Math::PI * 5.0 * i / rate) + 0.25
corpus/04-numeric/gaussian_elimination.rb	(29,13)-(29,15):failed to resolve overloads	V11	-	empty-arg	rhs[r] -= factor * rhs[col]
corpus/04-numeric/gaussian_elimination.rb	(35,31)-(35,33):failed to resolve overloads	V11	-	empty-arg	((i + 1)...n).each { |j| s -= m[i][j] * x[j] }
corpus/04-numeric/gaussian_elimination.rb	(36,13)-(36,14):failed to resolve overloads	V11	-	empty-arg	x[i] = s / m[i][i]
corpus/04-numeric/gaussian_elimination.rb	(38,43)-(38,44):failed to resolve overloads	V11	-	empty-arg	det = (0...n).reduce(1.0) { |acc, i| acc * m[i][i] }
corpus/04-numeric/gaussian_elimination.rb	(94,100)-(94,101):failed to resolve overloads	V11	nested-destructure-param	empty-arg	prod = a.map { |row| (0...a.size).map { |j| row.each_with_index.reduce(0.0) { |acc, (v, k)| acc + v * inv[k][j] } } }
corpus/04-numeric/gaussian_elimination.rb	(94,104)-(94,105):undefined method: nil#*	residual	nested-destructure-param	nested-destructure-param	prod = a.map { |row| (0...a.size).map { |j| row.each_with_index.reduce(0.0) { |acc, (v, k)| acc + v * inv[k][j] } } }
corpus/04-numeric/gaussian_elimination.rb	(94,109)-(94,112):failed to resolve overloads	residual	nested-destructure-param	nested-destructure-param	prod = a.map { |row| (0...a.size).map { |j| row.each_with_index.reduce(0.0) { |acc, (v, k)| acc + v * inv[k][j] } } }
corpus/04-numeric/histogram_fit.rb	(9,21)-(9,22):undefined method: Numeric#*	V2	-	numeric-catchall-overload	@state = (@state * 1103515245 + 12345) % 2147483648
corpus/04-numeric/histogram_fit.rb	(10,19)-(10,20):undefined method: Numeric#/	V2	-	numeric-catchall-overload	(@state + 0.5) / 2147483648.0
corpus/04-numeric/histogram_fit.rb	(16,22)-(16,26):wrong type of arguments	V1	-	interface-nominal	mu + sigma * Math.sqrt(-2.0 * Math.log(u1)) * Math.cos(2.0 * Math::PI * u2)
corpus/04-numeric/histogram_fit.rb	(16,39)-(16,42):wrong type of arguments	V1	-	interface-nominal	mu + sigma * Math.sqrt(-2.0 * Math.log(u1)) * Math.cos(2.0 * Math::PI * u2)
corpus/04-numeric/histogram_fit.rb	(16,55)-(16,58):wrong type of arguments	V1	-	interface-nominal	mu + sigma * Math.sqrt(-2.0 * Math.log(u1)) * Math.cos(2.0 * Math::PI * u2)
corpus/04-numeric/histogram_fit.rb	(36,28)-(36,31):wrong type of arguments	V1	-	interface-nominal	sign * (1.0 - poly * Math.exp(-ax * ax))
corpus/04-numeric/histogram_fit.rb	(39,51)-(39,52):failed to resolve overloads	V11	-	empty-arg	def normal_cdf(x, mu, sigma) = 0.5 * (1.0 + erf((x - mu) / (sigma * Math.sqrt(2.0))))
corpus/04-numeric/histogram_fit.rb	(39,73)-(39,77):wrong type of arguments	V1	-	interface-nominal	def normal_cdf(x, mu, sigma) = 0.5 * (1.0 + erf((x - mu) / (sigma * Math.sqrt(2.0))))
corpus/04-numeric/histogram_fit.rb	(53,22)-(53,26):wrong type of arguments	V1	-	interface-nominal	def sturges(n) = Math.log2(n).ceil + 1
corpus/04-numeric/histogram_fit.rb	(56,35)-(56,39):wrong type of arguments	V1	-	interface-nominal	coef = 1.0 / (xs.size * h * Math.sqrt(2.0 * Math::PI))
corpus/04-numeric/histogram_fit.rb	(57,7)-(57,8):failed to resolve overloads	V11	-	empty-arg	coef * xs.map { |xi| Math.exp(-0.5 * ((x - xi) / h) ** 2) }.sum
corpus/04-numeric/histogram_fit.rb	(57,28)-(57,31):wrong type of arguments	V1	-	interface-nominal	coef * xs.map { |xi| Math.exp(-0.5 * ((x - xi) / h) ** 2) }.sum
corpus/04-numeric/histogram_fit.rb	(80,10)-(80,14):wrong type of arguments	V11	-	empty-arg	sd = Math.sqrt(sample.map { |x| (x - mean) ** 2 }.sum / (n - 1))
corpus/04-numeric/histogram_fit.rb	(80,35)-(80,36):failed to resolve overloads	V11	block-param-shadow	empty-arg	sd = Math.sqrt(sample.map { |x| (x - mean) ** 2 }.sum / (n - 1))
corpus/04-numeric/histogram_fit.rb	(89,12)-(89,13):wrong type of arguments	V11	-	empty-arg	bar = "#" * (c * 40 / peak)
corpus/04-numeric/histogram_fit.rb	(89,22)-(89,23):failed to resolve overloads	V11	-	empty-arg	bar = "#" * (c * 40 / peak)
corpus/04-numeric/histogram_fit.rb	(110,7)-(110,9):failed to resolve overloads	V11	nested-destructure-param	empty-arg	area += (x1 - x0) * (d0 + d1) / 2.0
corpus/04-numeric/histogram_fit.rb	(110,14)-(110,15):undefined method: nil#-	residual	nested-destructure-param	nested-destructure-param	area += (x1 - x0) * (d0 + d1) / 2.0
corpus/04-numeric/histogram_fit.rb	(110,26)-(110,27):undefined method: nil#+	residual	nested-destructure-param	nested-destructure-param	area += (x1 - x0) * (d0 + d1) / 2.0
corpus/04-numeric/histogram_fit.rb	(117,101)-(117,105):wrong type of arguments	V1	-	interface-nominal	puts format("empirical q%.2f = %.3f, normal q via search = %.3f", q, sorted[idx], mean + sd * Math.sqrt(2.0) * inverse_erf(2.0 * q - 1.0))
corpus/18-collections/library_loans.rb	(15,11)-(15,16):undefined method: Report#lines	residual	-	unclassified	rows = lines
corpus/18-collections/library_loans.rb	(16,7)-(16,14):undefined method: Report#heading	residual	-	abstract-method-in-base	"#{heading} (#{rows.size})\n" + rows.map { |r| "  " + r }.join("\n")
corpus/18-collections/library_loans.rb	(58,39)-(58,40):undefined method: nil#*	V7	-	nil?-no-narrow	def fine(days) = format("$%.2f", (days * 0.25).clamp(0.0, 5.0))
corpus/18-collections/library_loans.rb	(115,23)-(115,24):undefined method: nil#+	V9	-	lib-nilable-return	q.index(member_id) + 1
corpus/18-collections/library_loans.rb	(159,71)-(159,72):undefined method: nil#>	V7	-	nil?-no-narrow	puts format("day %2d return %s by %s%s", day, book, member, late > 0 ? ", #{late} days late, fine #{fine(late)}" : "")
corpus/18-collections/library_loans.rb	(180,44)-(180,45):wrong type of arguments	V1	-	interface-nominal	genres = books.reduce(Set[]) { |acc, b| acc | b.genres }
corpus/18-collections/library_loans.rb	(185,41)-(185,42):wrong type of arguments	V1	-	interface-nominal	read = ls.reduce(Set[]) { |acc, l| acc | lib.books[l.book_id].genres }
corpus/18-collections/library_loans.rb	(194,59)-(194,60):undefined method: nil#-	V10	-	user-nil	durations = loans.filter_map { |l| l.returned ? l.returned - l.period.begin : nil }
corpus/18-collections/lottery.rb	(24,17)-(24,18):wrong type of arguments	residual	-	unclassified	hits = (ticket & draw).size
corpus/18-collections/lottery.rb	(24,17)-(24,18):wrong type of arguments	residual	-	unclassified	hits = (ticket & draw).size
corpus/18-collections/lottery.rb	(24,17)-(24,18):wrong type of arguments	residual	-	unclassified	hits = (ticket & draw).size
corpus/18-collections/lottery.rb	(24,17)-(24,18):wrong type of arguments	residual	-	unclassified	hits = (ticket & draw).size
corpus/18-collections/lottery.rb	(24,17)-(24,18):wrong type of arguments	residual	-	unclassified	hits = (ticket & draw).size
corpus/18-collections/lottery.rb	(24,17)-(24,18):wrong type of arguments	residual	-	unclassified	hits = (ticket & draw).size
corpus/18-collections/lottery.rb	(24,17)-(24,18):wrong type of arguments	residual	-	unclassified	hits = (ticket & draw).size
corpus/18-collections/lottery.rb	(32,30)-(32,34):undefined method: nil#sort	residual	nested-destructure-param	nested-destructure-param	puts "draw #{i + 1}: #{draw.sort.join(" ")} + #{bonus}"
corpus/18-collections/lottery.rb	(38,69)-(38,70):wrong type of arguments	residual	nested-destructure-param	nested-destructure-param	puts "  #{name} ticket #{j + 1}: #{hits} hits -> #{tier} (#{(t & draw).sort.join(",")})"
corpus/18-collections/lottery.rb	(38,69)-(38,70):wrong type of arguments	residual	nested-destructure-param	nested-destructure-param	puts "  #{name} ticket #{j + 1}: #{hits} hits -> #{tier} (#{(t & draw).sort.join(",")})"
corpus/18-collections/lottery.rb	(38,69)-(38,70):wrong type of arguments	residual	nested-destructure-param	nested-destructure-param	puts "  #{name} ticket #{j + 1}: #{hits} hits -> #{tier} (#{(t & draw).sort.join(",")})"
corpus/18-collections/lottery.rb	(38,69)-(38,70):wrong type of arguments	residual	nested-destructure-param	nested-destructure-param	puts "  #{name} ticket #{j + 1}: #{hits} hits -> #{tier} (#{(t & draw).sort.join(",")})"
corpus/18-collections/lottery.rb	(38,69)-(38,70):wrong type of arguments	residual	nested-destructure-param	nested-destructure-param	puts "  #{name} ticket #{j + 1}: #{hits} hits -> #{tier} (#{(t & draw).sort.join(",")})"
corpus/18-collections/lottery.rb	(38,69)-(38,70):wrong type of arguments	residual	nested-destructure-param	nested-destructure-param	puts "  #{name} ticket #{j + 1}: #{hits} hits -> #{tier} (#{(t & draw).sort.join(",")})"
corpus/18-collections/lottery.rb	(38,69)-(38,70):wrong type of arguments	residual	nested-destructure-param	nested-destructure-param	puts "  #{name} ticket #{j + 1}: #{hits} hits -> #{tier} (#{(t & draw).sort.join(",")})"
corpus/18-collections/lottery.rb	(56,52)-(56,53):wrong type of arguments	V1	-	interface-nominal	best = list.max_by { |t| draws.sum { |draw, _| (t & draw).size } }
corpus/18-collections/lottery.rb	(56,52)-(56,53):wrong type of arguments	V1	-	interface-nominal	best = list.max_by { |t| draws.sum { |draw, _| (t & draw).size } }
corpus/18-collections/lottery.rb	(56,52)-(56,53):wrong type of arguments	V1	-	interface-nominal	best = list.max_by { |t| draws.sum { |draw, _| (t & draw).size } }
corpus/18-collections/lottery.rb	(56,52)-(56,53):wrong type of arguments	V1	-	interface-nominal	best = list.max_by { |t| draws.sum { |draw, _| (t & draw).size } }
corpus/18-collections/lottery.rb	(56,52)-(56,53):wrong type of arguments	V1	-	interface-nominal	best = list.max_by { |t| draws.sum { |draw, _| (t & draw).size } }
corpus/18-collections/lottery.rb	(56,52)-(56,53):wrong type of arguments	V1	-	interface-nominal	best = list.max_by { |t| draws.sum { |draw, _| (t & draw).size } }
corpus/18-collections/lottery.rb	(56,52)-(56,53):wrong type of arguments	V1	-	interface-nominal	best = list.max_by { |t| draws.sum { |draw, _| (t & draw).size } }
corpus/18-collections/lottery.rb	(57,46)-(57,50):undefined method: false#size	V9	-	lib-nilable-return	total = draws.sum { |draw, _| (best & draw).size }
corpus/18-collections/lottery.rb	(57,38)-(57,39):wrong type of arguments	V1	-	interface-nominal	total = draws.sum { |draw, _| (best & draw).size }
corpus/18-collections/lottery.rb	(57,38)-(57,39):wrong type of arguments	V1	-	interface-nominal	total = draws.sum { |draw, _| (best & draw).size }
corpus/18-collections/lottery.rb	(57,38)-(57,39):wrong type of arguments	V1	-	interface-nominal	total = draws.sum { |draw, _| (best & draw).size }
corpus/18-collections/lottery.rb	(57,38)-(57,39):wrong type of arguments	V1	-	interface-nominal	total = draws.sum { |draw, _| (best & draw).size }
corpus/18-collections/lottery.rb	(57,38)-(57,39):wrong type of arguments	V1	-	interface-nominal	total = draws.sum { |draw, _| (best & draw).size }
corpus/18-collections/lottery.rb	(57,38)-(57,39):wrong type of arguments	V1	-	interface-nominal	total = draws.sum { |draw, _| (best & draw).size }
corpus/18-collections/lottery.rb	(57,38)-(57,39):wrong type of arguments	V1	-	interface-nominal	total = draws.sum { |draw, _| (best & draw).size }
corpus/18-collections/lottery.rb	(58,13)-(58,18):undefined method: nil#count	V9	-	lib-nilable-return	odd = best.count(&:odd?)
corpus/18-collections/lottery.rb	(59,18)-(59,19):undefined method: nil#-	residual	-	unclassified	span = best.max - best.min
corpus/18-collections/lottery.rb	(59,14)-(59,17):undefined method: nil#max	V9	-	lib-nilable-return	span = best.max - best.min
corpus/18-collections/lottery.rb	(59,25)-(59,28):undefined method: nil#min	V9	-	lib-nilable-return	span = best.max - best.min
corpus/18-collections/lottery.rb	(60,85)-(60,89):undefined method: nil#sort	V9	-	lib-nilable-return	puts format("  %-3s best ticket %-20s total hits %2d, odd %d, span %d", name, best.sort.join(","), total, odd, span)
corpus/18-collections/paginate.rb	(35,36)-(35,42):undefined method: nil#empty?	V7	-	nil?-no-narrow	return nil if slice.nil? || slice.empty?
corpus/18-collections/paginate.rb	(36,69)-(36,73):undefined method: nil#size	V7	-	nil?-no-narrow	{number: number, items: slice, first: from + 1, last: from + slice.size, total: items.size}
corpus/18-collections/paginate.rb	(58,19)-(58,28):undefined method: nil#[]	V7	-	nil?-no-narrow	puts "  page #{pg[:number]}/#{pages}: items #{pg[:first]}-#{pg[:last]} of #{pg[:total]}   #{nav(pg[:number], pages)}"
corpus/18-collections/paginate.rb	(58,50)-(58,58):undefined method: nil#[]	V7	-	nil?-no-narrow	puts "  page #{pg[:number]}/#{pages}: items #{pg[:first]}-#{pg[:last]} of #{pg[:total]}   #{nav(pg[:number], pages)}"
corpus/18-collections/paginate.rb	(58,64)-(58,71):undefined method: nil#[]	V7	-	nil?-no-narrow	puts "  page #{pg[:number]}/#{pages}: items #{pg[:first]}-#{pg[:last]} of #{pg[:total]}   #{nav(pg[:number], pages)}"
corpus/18-collections/paginate.rb	(58,80)-(58,88):undefined method: nil#[]	V7	-	nil?-no-narrow	puts "  page #{pg[:number]}/#{pages}: items #{pg[:first]}-#{pg[:last]} of #{pg[:total]}   #{nav(pg[:number], pages)}"
corpus/18-collections/paginate.rb	(58,100)-(58,109):undefined method: nil#[]	V7	-	nil?-no-narrow	puts "  page #{pg[:number]}/#{pages}: items #{pg[:first]}-#{pg[:last]} of #{pg[:total]}   #{nav(pg[:number], pages)}"
corpus/18-collections/paginate.rb	(59,13)-(59,17):undefined method: nil#each	V7	-	nil?-no-narrow	pg[:items].each { |p| puts format("    %-3s %-9s %7.2f", p.sku, p.name, p.price) }
corpus/18-collections/paginate.rb	(59,4)-(59,12):undefined method: nil#[]	V7	-	nil?-no-narrow	pg[:items].each { |p| puts format("    %-3s %-9s %7.2f", p.sku, p.name, p.price) }
corpus/18-collections/paginate.rb	(77,70)-(77,71):undefined method: nil#+	V9	-	lib-nilable-return	start = cursor.nil? ? 0 : by_sku.find_index { |p| p.sku == cursor } + 1
corpus/18-collections/paginate.rb	(92,27)-(92,30):undefined method: nil#map	V9	-	lib-nilable-return	puts "items 4..6: #{middle.map(&:name).join(", ")}"
corpus/18-collections/paginate.rb	(95,42)-(95,46):undefined method: nil#size	V7	-	nil?-no-narrow	puts "last page holds #{last_page[:items].size}; cheapest overall #{in_stock.first.name}, priciest #{in_stock.last.name}"
corpus/18-collections/paginate.rb	(95,33)-(95,41):undefined method: nil#[]	V10	-	user-nil	puts "last page holds #{last_page[:items].size}; cheapest overall #{in_stock.first.name}, priciest #{in_stock.last.name}"
corpus/18-collections/prime_sets.rb	(36,50)-(36,53):undefined method: nil#[]	V7	-	nil?-no-narrow	widest = [a, b] if widest.nil? || b - a > widest[1] - widest[0]
corpus/18-collections/prime_sets.rb	(36,62)-(36,65):undefined method: nil#[]	V7	-	nil?-no-narrow	widest = [a, b] if widest.nil? || b - a > widest[1] - widest[0]
corpus/18-collections/prime_sets.rb	(40,26)-(40,29):undefined method: nil#[]	V10	-	user-nil	puts "widest gap: #{widest[0]}..#{widest[1]}"
corpus/18-collections/prime_sets.rb	(40,40)-(40,43):undefined method: nil#[]	V10	-	user-nil	puts "widest gap: #{widest[0]}..#{widest[1]}"
corpus/18-collections/prime_sets.rb	(61,40)-(61,41):wrong type of arguments	V1	-	interface-nominal	puts "odd composites below 100: #{(odds - odd_primes).size}"
corpus/15-data/size_histogram.rb	(25,10)-(25,12):undefined method: Numeric#/	residual	-	unclassified	value /= 1024
corpus/15-data/size_histogram.rb	(40,3)-(40,7):undefined method: nil#upto	V9	-	lib-nilable-return	lo.upto(hi) do |b|
corpus/15-data/survey_crosstab.rb	(40,58)-(40,59):failed to resolve overloads	failed@V11	-	counterfactual-run-failed	format("%5d (%5.1f%%)", c, n == 0 ? 0.0 : c * 100.0 / n)
corpus/15-data/survey_crosstab.rb	(54,11)-(54,13):failed to resolve overloads	failed@V11	-	counterfactual-run-failed	stat += (table[[k, a]] - expected) ** 2 / expected if expected > 0
corpus/15-data/survey_crosstab.rb	(54,29)-(54,30):failed to resolve overloads	failed@V11	-	counterfactual-run-failed	stat += (table[[k, a]] - expected) ** 2 / expected if expected > 0
corpus/15-data/survey_crosstab.rb	(83,96)-(83,97):failed to resolve overloads	failed@V11	-	counterfactual-run-failed	yes_rate = bands.map { |b| n = answers.sum { |a| by_age[[b, a]] }; [b, by_age[[b, "yes"]] * 1.0 / n] }
corpus/15-data/table_renderer.rb	(36,10)-(36,13):undefined method: String#abs	residual	-	shared-field-union	out = n.abs.to_s.reverse.scan(/\d{1,3}/).join(",").reverse
corpus/15-data/table_renderer.rb	(36,10)-(36,13):undefined method: nil#abs	V7	-	nil?-no-narrow	out = n.abs.to_s.reverse.scan(/\d{1,3}/).join(",").reverse
corpus/15-data/table_renderer.rb	(37,4)-(37,5):undefined method: nil#<	V7	-	nil?-no-narrow	n < 0 ? "-" + out : out
corpus/15-data/table_renderer.rb	(43,7)-(43,12):undefined method: nil#split	V7	-	nil?-no-narrow	text.split(" ").each do |word|
corpus/15-data/table_renderer.rb	(43,7)-(43,12):undefined method: Integer#split	residual	-	unclassified	text.split(" ").each do |word|
corpus/15-data/table_renderer.rb	(43,7)-(43,12):undefined method: Float#split	residual	-	unclassified	text.split(" ").each do |word|
corpus/15-data/table_renderer.rb	(105,28)-(105,29):undefined method: nil#-@	V10	-	user-nil	sorted = rows.sort_by { |r| -r[:density] }
corpus/15-data/table_renderer.rb	(106,0)-(106,4):wrong type of arguments	V1	-	interface-nominal	puts render(columns, sorted, totals)
corpus/14-errors/order_lifecycle.rb	(53,69)-(53,75):undefined method: Integer#empty?	residual	-	unclassified	raise GuardFailed.new("no tracking number", "tracking") if arg.empty?
corpus/14-errors/param_coercion.rb	(79,61)-(79,62):undefined method: true#>	residual	-	unclassified	errors << "min_price is above max_price" if lo && hi && lo > hi
corpus/14-errors/param_coercion.rb	(79,61)-(79,62):undefined method: false#>	residual	-	unclassified	errors << "min_price is above max_price" if lo && hi && lo > hi
corpus/14-errors/param_coercion.rb	(79,61)-(79,62):undefined method: Array[untyped]#>	residual	-	unclassified	errors << "min_price is above max_price" if lo && hi && lo > hi
corpus/14-errors/registration_form.rb	(64,16)-(64,17):undefined method: nil#<	V7	-	nil?-no-narrow	elsif value < 13
corpus/14-errors/registration_form.rb	(66,16)-(66,17):undefined method: nil#>	V7	-	nil?-no-narrow	elsif value > 120
corpus/14-errors/registration_form.rb	(89,8)-(89,16):undefined method: singleton(Rules)#username	V5	module_function	module_function	Rules.username(s, errors)
corpus/14-errors/registration_form.rb	(90,8)-(90,13):undefined method: singleton(Rules)#email	V5	module_function	module_function	Rules.email(s, errors)
corpus/14-errors/registration_form.rb	(91,8)-(91,11):undefined method: singleton(Rules)#age	V5	module_function	module_function	Rules.age(s, errors)
corpus/14-errors/registration_form.rb	(92,8)-(92,16):undefined method: singleton(Rules)#password	V5	module_function	module_function	Rules.password(s, errors)
corpus/14-errors/registration_form.rb	(93,8)-(93,15):undefined method: singleton(Rules)#country	V5	module_function	module_function	Rules.country(s, errors)
corpus/06-linked/sparse_matrix_rows.rb	(127,0)-(127,4):wrong type of arguments	V1	-	interface-nominal	puts a
corpus/06-linked/sparse_matrix_rows.rb	(129,0)-(129,4):wrong type of arguments	V1	-	interface-nominal	puts a.transpose
corpus/06-linked/sparse_matrix_rows.rb	(131,0)-(131,4):wrong type of arguments	V1	-	interface-nominal	puts a * b
corpus/06-linked/sparse_matrix_rows.rb	(133,0)-(133,4):wrong type of arguments	V1	-	interface-nominal	puts a + a
corpus/06-linked/sparse_matrix_rows.rb	(138,0)-(138,4):wrong type of arguments	V1	-	interface-nominal	puts a
corpus/06-linked/sparse_matrix_rows.rb	(141,2)-(141,6):wrong type of arguments	V1	-	interface-nominal	puts a * a
corpus/06-linked/sparse_matrix_rows.rb	(146,2)-(146,6):wrong type of arguments	V1	-	interface-nominal	puts a + b
corpus/06-linked/sparse_polynomial.rb	(30,16)-(30,20):undefined method: nil#next	V10	-	user-nil	cur = cur.next
corpus/06-linked/sparse_polynomial.rb	(71,50)-(71,51):undefined method: Numeric#*	V2	-	numeric-catchall-overload	other.each_term { |c2, e2| out.add_term!(c1 * c2, e1 + e2) }
corpus/06-linked/sparse_polynomial.rb	(80,29)-(80,31):failed to resolve overloads	V11	-	empty-arg	each_term { |c, e| total += c * x**e }
corpus/06-linked/sparse_polynomial.rb	(80,34)-(80,35):failed to resolve overloads	V11	-	empty-arg	each_term { |c, e| total += c * x**e }
corpus/06-linked/sparse_polynomial.rb	(80,34)-(80,35):undefined method: Numeric#*	V2	-	numeric-catchall-overload	each_term { |c, e| total += c * x**e }
corpus/06-linked/sparse_polynomial.rb	(86,39)-(86,40):undefined method: Numeric#*	V2	-	numeric-catchall-overload	each_term { |c, e| out.add_term!(c * e, e - 1) if e > 0 }
corpus/06-linked/triage_priority_list.rb	(48,39)-(48,46):undefined method: nil#patient	V7	-	nil?-no-narrow	if @first.nil? || patient < @first.patient
corpus/06-linked/triage_priority_list.rb	(53,31)-(53,35):undefined method: nil#next	V10	-	user-nil	cur = cur.next while cur.next && cur.next.patient <= patient
corpus/06-linked/triage_priority_list.rb	(53,48)-(53,55):undefined method: nil#patient	V10	-	user-nil	cur = cur.next while cur.next && cur.next.patient <= patient
corpus/06-linked/triage_priority_list.rb	(53,43)-(53,47):undefined method: nil#next	V10	-	user-nil	cur = cur.next while cur.next && cur.next.patient <= patient
corpus/06-linked/triage_priority_list.rb	(53,16)-(53,20):undefined method: nil#next	V10	-	user-nil	cur = cur.next while cur.next && cur.next.patient <= patient
corpus/06-linked/triage_priority_list.rb	(54,22)-(54,26):undefined method: nil#next	V10	-	user-nil	slot.next = cur.next
corpus/06-linked/triage_priority_list.rb	(55,10)-(55,14):undefined method: nil#next=	V10	-	user-nil	cur.next = slot
corpus/06-linked/triage_priority_list.rb	(137,33)-(137,37):undefined method: nil#name	V8	-	assign-in-cond-no-narrow	wait = t - arrived_at[pt.name]
corpus/06-linked/two_stack_print_queue.rb	(45,19)-(45,23):undefined method: nil#rest	V7	-	nil?-no-narrow	@outbox = link.rest
corpus/06-linked/two_stack_print_queue.rb	(47,9)-(47,13):undefined method: nil#item	V7	-	nil?-no-narrow	link.item
corpus/06-linked/two_stack_print_queue.rb	(62,30)-(62,34):undefined method: nil#item	V10	-	user-nil	@outbox = Link.new(link.item, @outbox)
corpus/06-linked/two_stack_print_queue.rb	(63,20)-(63,24):undefined method: nil#rest	V10	-	user-nil	@inbox = link.rest
corpus/06-linked/two_stack_print_queue.rb	(88,21)-(88,25):undefined method: nil#cost	V7	-	nil?-no-narrow	cost = job.cost
corpus/06-linked/two_stack_print_queue.rb	(89,34)-(89,39):undefined method: nil#owner	V7	-	nil?-no-narrow	left = budget.fetch(job.owner, 0) - per_owner[job.owner]
corpus/06-linked/two_stack_print_queue.rb	(89,60)-(89,65):undefined method: nil#owner	V7	-	nil?-no-narrow	left = budget.fetch(job.owner, 0) - per_owner[job.owner]
corpus/06-linked/two_stack_print_queue.rb	(93,26)-(93,31):undefined method: nil#owner	V7	-	nil?-no-narrow	per_owner[job.owner] += cost
corpus/06-linked/two_stack_print_queue.rb	(93,26)-(93,31):undefined method: nil#owner	V7	-	nil?-no-narrow	per_owner[job.owner] += cost
corpus/06-linked/two_stack_print_queue.rb	(93,33)-(93,35):failed to resolve overloads	V11	-	empty-arg	per_owner[job.owner] += cost
corpus/06-linked/undo_redo_editor.rb	(63,30)-(63,35):wrong type of arguments	V11	-	empty-arg	while (j = @text[start..].index(from))
corpus/06-linked/undo_redo_editor.rb	(63,30)-(63,35):undefined method: nil#index	V9	-	lib-nilable-return	while (j = @text[start..].index(from))
corpus/06-linked/undo_redo_editor.rb	(66,16)-(66,17):failed to resolve overloads	V11	-	empty-arg	start = i + to.size
corpus/06-linked/undo_redo_editor.rb	(95,51)-(95,52):undefined method: nil#+	V9	-	lib-nilable-return	def splice(pos, len, s) = @text = @text[0...pos] + s + @text[(pos + len)..]
corpus/06-linked/undo_redo_editor.rb	(100,49)-(100,53):undefined method: nil#size	V9	-	lib-nilable-return	when Delete then splice(cmd.pos, cmd.removed.size, "")
corpus/15-data/access_log_report.rb	(46,16)-(46,19):undefined method: nil#sub	failed@V6	-	counterfactual-run-failed	path = m[4].sub(/\?.*\z/, "")
corpus/15-data/access_log_report.rb	(46,12)-(46,15):undefined method: nil#[]	failed@V6	-	counterfactual-run-failed	path = m[4].sub(/\?.*\z/, "")
corpus/15-data/access_log_report.rb	(47,25)-(47,28):undefined method: nil#[]	failed@V6	-	counterfactual-run-failed	good << Request.new(m[1], m[2].to_i, m[3], path, m[5].to_i, m[6].to_i, m[7].to_i)
corpus/15-data/access_log_report.rb	(47,31)-(47,34):undefined method: nil#[]	failed@V6	-	counterfactual-run-failed	good << Request.new(m[1], m[2].to_i, m[3], path, m[5].to_i, m[6].to_i, m[7].to_i)
corpus/15-data/access_log_report.rb	(47,42)-(47,45):undefined method: nil#[]	failed@V6	-	counterfactual-run-failed	good << Request.new(m[1], m[2].to_i, m[3], path, m[5].to_i, m[6].to_i, m[7].to_i)
corpus/15-data/access_log_report.rb	(47,54)-(47,57):undefined method: nil#[]	failed@V6	-	counterfactual-run-failed	good << Request.new(m[1], m[2].to_i, m[3], path, m[5].to_i, m[6].to_i, m[7].to_i)
corpus/15-data/access_log_report.rb	(47,65)-(47,68):undefined method: nil#[]	failed@V6	-	counterfactual-run-failed	good << Request.new(m[1], m[2].to_i, m[3], path, m[5].to_i, m[6].to_i, m[7].to_i)
corpus/15-data/access_log_report.rb	(47,76)-(47,79):undefined method: nil#[]	failed@V6	-	counterfactual-run-failed	good << Request.new(m[1], m[2].to_i, m[3], path, m[5].to_i, m[6].to_i, m[7].to_i)
corpus/15-data/access_log_report.rb	(87,12)-(87,13):wrong type of arguments	failed@V6	-	counterfactual-run-failed	bar = "#" * (list.size * 20 / peak)
corpus/15-data/access_log_report.rb	(87,30)-(87,31):failed to resolve overloads	failed@V6	-	counterfactual-run-failed	bar = "#" * (list.size * 20 / peak)
corpus/15-data/access_log_report.rb	(110,33)-(110,34):expected: Comparable | Array[...]; actual: nil	failed@V6	block-param-shadow	counterfactual-run-failed	busiest = by_ip.max_by { |ip, n| n }
corpus/15-data/bank_reconcile.rb	(52,11)-(52,16):undefined method: Array[String]#match	V3	-	masgn-from-Array	m = date.match(/\A(\d{4})-(\d\d)-(\d\d)\z/)
corpus/15-data/bank_reconcile.rb	(54,11)-(54,14):failed to resolve overloads	V3	-	masgn-from-Array	t = Time.new(m[1].to_i, m[2].to_i, m[3].to_i)
corpus/15-data/clickstream_sessions.rb	(53,16)-(53,21):undefined method: nil#split	V9	-	lib-nilable-return	h, m, s = hms.split(":").map(&:to_i)
corpus/15-data/clickstream_sessions.rb	(54,20)-(54,21):wrong type of arguments	V3	-	masgn-from-Array	h * 3600 + m * 60 + s
corpus/15-data/clickstream_sessions.rb	(54,11)-(54,12):wrong type of arguments	V3	-	masgn-from-Array	h * 3600 + m * 60 + s
corpus/15-data/clickstream_sessions.rb	(57,41)-(57,42):undefined method: Array[untyped]#/	V3	-	masgn-from-Array	def clock(sec) = format("%02d:%02d", sec / 3600, sec % 3600 / 60)
corpus/15-data/clickstream_sessions.rb	(57,53)-(57,54):undefined method: Array[untyped]#%	V3	-	masgn-from-Array	def clock(sec) = format("%02d:%02d", sec / 3600, sec % 3600 / 60)
corpus/15-data/clickstream_sessions.rb	(65,52)-(65,58):undefined method: nil#to_sym	V9	-	lib-nilable-return	events << Event.new(m[2], seconds(m[1]), m[3].to_sym, m[4])
corpus/15-data/clickstream_sessions.rb	(78,47)-(78,48):undefined method: Array[untyped]#>	V3	-	masgn-from-Array	if current.nil? || e.at - current.finish > gap
corpus/15-data/clickstream_sessions.rb	(78,40)-(78,46):undefined method: nil#finish	V7	-	nil?-no-narrow	if current.nil? || e.at - current.finish > gap
corpus/15-data/clickstream_sessions.rb	(82,14)-(82,20):undefined method: nil#events	V7	-	nil?-no-narrow	current.events << e
corpus/15-data/clickstream_sessions.rb	(105,20)-(105,21):undefined method: Array[untyped]#/	V3	-	masgn-from-Array	mins = s.duration / 60.0
corpus/15-data/cohort_retention.rb	(76,17)-(76,18):wrong type of arguments	V11	-	empty-arg	if start + k > last_month
corpus/15-data/cohort_retention.rb	(90,71)-(90,73):wrong type of arguments	V11	-	empty-arg	members = by_plan.fetch(plan).select { |u| month_index(u.signup) + 1 <= last_month }
corpus/15-data/cohort_retention.rb	(101,28)-(101,29):undefined method: nil#<	V9	-	lib-nilable-return	months.nil? || months.max < last_month - 1
corpus/15-data/cohort_retention.rb	(101,28)-(101,29):wrong type of arguments	V11	-	empty-arg	months.nil? || months.max < last_month - 1
corpus/11-simulation/packet_network.rb	(80,22)-(80,23):failed to resolve overloads	V5	-	module_function	alt = dist[u] + w
corpus/11-simulation/packet_network.rb	(106,17)-(106,22):undefined method: singleton(Routing)#table	V5	module_function	module_function	routes = Routing.table(links, nodes)
corpus/11-simulation/packet_network.rb	(118,30)-(118,32):undefined method: nil#up=	V9	-	lib-nilable-return	link_between(links, a, b).up = up
corpus/11-simulation/packet_network.rb	(119,21)-(119,26):undefined method: singleton(Routing)#table	V5	module_function	module_function	routes = Routing.table(links, nodes)
corpus/11-simulation/packet_network.rb	(153,75)-(153,80):undefined method: nil#delay	V9	-	lib-nilable-return	in_flight << InFlight.new(pkt, hop, t + link_between(links, name, hop).delay)
corpus/11-simulation/packet_network.rb	(161,41)-(161,42):failed to resolve overloads	V11	block-param-shadow	empty-arg	latencies = delivered.map { |pkt, at| at - pkt.born }
corpus/11-simulation/ring_road_traffic.rb	(27,17)-(27,18):undefined method: Numeric#*	V2	-	numeric-catchall-overload	@rng = (@rng * 69069 + 1) % 4294967296
corpus/11-simulation/ring_road_traffic.rb	(28,9)-(28,10):undefined method: Numeric#/	V2	-	numeric-catchall-overload	@rng / 4294967296.0
corpus/11-simulation/ring_road_traffic.rb	(84,31)-(84,35):undefined method: Integer#laps	V4	-	sig-vertex-sharing	slowest = cars.min_by { |c| [c.laps, c.pos] }
corpus/11-simulation/ring_road_traffic.rb	(84,39)-(84,42):undefined method: Integer#pos	V4	-	sig-vertex-sharing	slowest = cars.min_by { |c| [c.laps, c.pos] }
corpus/11-simulation/ring_road_traffic.rb	(85,31)-(85,35):undefined method: Integer#laps	V4	-	sig-vertex-sharing	fastest = cars.max_by { |c| [c.laps, c.pos] }
corpus/11-simulation/ring_road_traffic.rb	(85,39)-(85,42):undefined method: Integer#pos	V4	-	sig-vertex-sharing	fastest = cars.max_by { |c| [c.laps, c.pos] }
corpus/11-simulation/ring_road_traffic.rb	(86,28)-(86,30):undefined method: nil#id	V9	-	lib-nilable-return	puts "leader: car #{fastest.id} (#{fastest.laps} laps), last: car #{slowest.id} (#{slowest.laps} laps)"
corpus/11-simulation/ring_road_traffic.rb	(86,28)-(86,30):undefined method: Integer#id	V4	-	sig-vertex-sharing	puts "leader: car #{fastest.id} (#{fastest.laps} laps), last: car #{slowest.id} (#{slowest.laps} laps)"
corpus/11-simulation/ring_road_traffic.rb	(86,43)-(86,47):undefined method: nil#laps	V9	-	lib-nilable-return	puts "leader: car #{fastest.id} (#{fastest.laps} laps), last: car #{slowest.id} (#{slowest.laps} laps)"
corpus/11-simulation/ring_road_traffic.rb	(86,43)-(86,47):undefined method: Integer#laps	V4	-	sig-vertex-sharing	puts "leader: car #{fastest.id} (#{fastest.laps} laps), last: car #{slowest.id} (#{slowest.laps} laps)"
corpus/11-simulation/ring_road_traffic.rb	(86,76)-(86,78):undefined method: nil#id	V9	-	lib-nilable-return	puts "leader: car #{fastest.id} (#{fastest.laps} laps), last: car #{slowest.id} (#{slowest.laps} laps)"
corpus/11-simulation/ring_road_traffic.rb	(86,76)-(86,78):undefined method: Integer#id	V4	-	sig-vertex-sharing	puts "leader: car #{fastest.id} (#{fastest.laps} laps), last: car #{slowest.id} (#{slowest.laps} laps)"
corpus/11-simulation/ring_road_traffic.rb	(86,91)-(86,95):undefined method: nil#laps	V9	-	lib-nilable-return	puts "leader: car #{fastest.id} (#{fastest.laps} laps), last: car #{slowest.id} (#{slowest.laps} laps)"
corpus/11-simulation/ring_road_traffic.rb	(86,91)-(86,95):undefined method: Integer#laps	V4	-	sig-vertex-sharing	puts "leader: car #{fastest.id} (#{fastest.laps} laps), last: car #{slowest.id} (#{slowest.laps} laps)"
corpus/11-simulation/runway_ops.rb	(30,14)-(30,16):undefined method: nil#op	V7	-	nil?-no-narrow	base = prev.op == cur.op ? 2 : 1
corpus/11-simulation/runway_ops.rb	(31,20)-(31,25):undefined method: nil#heavy	V7	-	nil?-no-narrow	base += 2 if prev.heavy && !cur.heavy
corpus/11-simulation/runway_ops.rb	(92,36)-(92,37):undefined method: nil#-	V10	-	user-nil	delays = done.map { |f| f.done_at - f.scheduled }
corpus/11-simulation/runway_ops.rb	(96,34)-(96,35):undefined method: nil#-	V10	-	user-nil	d = group.map { |f| f.done_at - f.scheduled }
corpus/11-simulation/runway_ops.rb	(100,38)-(100,39):undefined method: nil#-	V10	-	user-nil	worst = done.max_by { |f| f.done_at - f.scheduled }
corpus/11-simulation/runway_ops.rb	(101,50)-(101,51):undefined method: nil#-	V10	-	user-nil	puts "  worst: #{worst} delayed #{worst.done_at - worst.scheduled}" if worst
corpus/11-simulation/sandpile.rb	(68,15)-(68,16):undefined method: Numeric#*	V2	-	numeric-catchall-overload	seed = (seed * 75 + 74) % 65537
corpus/11-simulation/sandpile.rb	(70,29)-(70,30):undefined method: Numeric#/	V2	-	numeric-catchall-overload	y = i % 5 == 0 ? 4 : (seed / 9) % 9
corpus/11-simulation/sandpile.rb	(89,74)-(89,75):undefined method: nil#+	V9	-	lib-nilable-return	puts "largest avalanche: #{biggest} topples (grain #{sizes.index(biggest) + 1}), widest area #{area_max} cells"
corpus/05-sorting/quicksort_median3.rb	(32,14)-(32,15):undefined method: Product#<	residual	-	unclassified	yield(a[i]) < yield(a[j])
corpus/05-sorting/quicksort_median3.rb	(32,2)-(32,13):undefined method: :price#call	residual	-	unclassified	yield(a[i]) < yield(a[j])
corpus/05-sorting/quicksort_median3.rb	(32,2)-(32,13):undefined method: :name#call	residual	-	symbol-proc-block-yield	yield(a[i]) < yield(a[j])
corpus/05-sorting/quicksort_median3.rb	(32,2)-(32,13):undefined method: :stock#call	residual	-	unclassified	yield(a[i]) < yield(a[j])
corpus/05-sorting/quicksort_median3.rb	(32,16)-(32,27):undefined method: :price#call	residual	-	unclassified	yield(a[i]) < yield(a[j])
corpus/05-sorting/quicksort_median3.rb	(32,16)-(32,27):undefined method: :name#call	residual	-	unclassified	yield(a[i]) < yield(a[j])
corpus/05-sorting/quicksort_median3.rb	(32,16)-(32,27):undefined method: :stock#call	residual	-	symbol-proc-block-yield	yield(a[i]) < yield(a[j])
corpus/05-sorting/quicksort_median3.rb	(86,40)-(86,42):undefined method: Product#<=	residual	-	unclassified	a.each_cons(2).all? { |x, y| yield(x) <= yield(y) }
corpus/05-sorting/quicksort_median3.rb	(106,57)-(106,60):undefined method: Integer#sku	residual	-	unclassified	by_price.each { |pr| puts format("  %-5s %-8s %7.2f", pr.sku, pr.name, pr.price) }
corpus/05-sorting/quicksort_median3.rb	(106,57)-(106,60):undefined method: Numeric#sku	V2	-	numeric-catchall-overload	by_price.each { |pr| puts format("  %-5s %-8s %7.2f", pr.sku, pr.name, pr.price) }
corpus/05-sorting/quicksort_median3.rb	(106,65)-(106,69):undefined method: Integer#name	residual	-	unclassified	by_price.each { |pr| puts format("  %-5s %-8s %7.2f", pr.sku, pr.name, pr.price) }
corpus/05-sorting/quicksort_median3.rb	(106,65)-(106,69):undefined method: Numeric#name	V2	-	numeric-catchall-overload	by_price.each { |pr| puts format("  %-5s %-8s %7.2f", pr.sku, pr.name, pr.price) }
corpus/05-sorting/quicksort_median3.rb	(106,74)-(106,79):undefined method: Integer#price	residual	-	unclassified	by_price.each { |pr| puts format("  %-5s %-8s %7.2f", pr.sku, pr.name, pr.price) }
corpus/05-sorting/quicksort_median3.rb	(106,74)-(106,79):undefined method: Numeric#price	V2	-	numeric-catchall-overload	by_price.each { |pr| puts format("  %-5s %-8s %7.2f", pr.sku, pr.name, pr.price) }
corpus/05-sorting/quicksort_median3.rb	(114,42)-(114,46):undefined method: Integer#name	residual	-	unclassified	puts "  out of stock first: #{by_stock[0].name}; most stocked: #{by_stock.last.name}"
corpus/05-sorting/quicksort_median3.rb	(114,42)-(114,46):undefined method: Numeric#name	V2	-	numeric-catchall-overload	puts "  out of stock first: #{by_stock[0].name}; most stocked: #{by_stock.last.name}"
corpus/05-sorting/quicksort_median3.rb	(114,79)-(114,83):undefined method: Integer#name	residual	-	unclassified	puts "  out of stock first: #{by_stock[0].name}; most stocked: #{by_stock.last.name}"
corpus/05-sorting/quicksort_median3.rb	(114,79)-(114,83):undefined method: Numeric#name	V2	-	numeric-catchall-overload	puts "  out of stock first: #{by_stock[0].name}; most stocked: #{by_stock.last.name}"
corpus/05-sorting/quicksort_median3.rb	(119,9)-(119,10):undefined method: Numeric#*	V2	-	numeric-catchall-overload	x = (x * 1103 + 12345) % 1000
corpus/05-sorting/quicksort_median3.rb	(128,42)-(128,43):undefined method: Product#-@	residual	-	unclassified	desc, st = sort_by_key(sorted_nums) { |n| -n }
corpus/05-sorting/quicksort_median3.rb	(130,54)-(130,55):undefined method: Product#-@	residual	-	unclassified	puts "  top3=#{desc.take(3)} ok=#{sorted?(desc) { |n| -n }}"
corpus/05-sorting/radix_order_ids.rb	(16,19)-(16,40):failed to resolve overloads	V11	-	empty-arg	items.each { |x| counts[yield(x)] += 1 }
corpus/05-sorting/radix_order_ids.rb	(16,19)-(16,40):failed to resolve overloads	V11	-	empty-arg	items.each { |x| counts[yield(x)] += 1 }
corpus/05-sorting/radix_order_ids.rb	(16,26)-(16,34):undefined method: :zone#call	residual	-	unclassified	items.each { |x| counts[yield(x)] += 1 }
corpus/05-sorting/radix_order_ids.rb	(16,26)-(16,34):undefined method: :zone#call	residual	-	unclassified	items.each { |x| counts[yield(x)] += 1 }
corpus/05-sorting/radix_order_ids.rb	(26,8)-(26,16):undefined method: :zone#call	residual	-	unclassified	k = yield(x)
corpus/05-sorting/radix_order_ids.rb	(40,46)-(40,47):undefined method: Shipment#/	residual	-	unclassified	a = counting_sort_by(a, base - 1) { |n| n / exp % base }
corpus/05-sorting/radix_order_ids.rb	(86,7)-(86,8):undefined method: Shipment#-	residual	-	unclassified	if b - a > largest_gap
corpus/05-sorting/radix_order_ids.rb	(87,20)-(87,21):undefined method: Shipment#-	residual	-	unclassified	largest_gap = b - a
corpus/05-sorting/sensor_quickselect.rb	(21,20)-(21,24):undefined method: nil#sort	V9	-	lib-nilable-return	group = a[lo..hi].sort
corpus/05-sorting/sensor_quickselect.rb	(56,56)-(56,57):undefined method: Numeric#/	V2	-	numeric-catchall-overload	(quickselect(a, n / 2 - 1) + quickselect(a, n / 2)) / 2.0
corpus/05-sorting/sensor_quickselect.rb	(102,9)-(102,10):undefined method: Numeric#*	V2	-	numeric-catchall-overload	x = (x * 7919 + 17) % 100003
corpus/05-sorting/shell_sort_gaps.rb	(20,12)-(20,13):wrong type of arguments	V5	-	module_function	while g < n
corpus/05-sorting/shell_sort_gaps.rb	(28,53)-(28,54):wrong type of arguments	V5	-	module_function	[701, 301, 132, 57, 23, 10, 4, 1].select { |g| g < n }
corpus/05-sorting/shell_sort_gaps.rb	(47,14)-(47,16):wrong type of arguments	V5	-	module_function	while j >= gap
corpus/05-sorting/shell_sort_gaps.rb	(49,22)-(49,31):failed to resolve overloads	V5	-	module_function	break unless a[j - gap] > x
corpus/05-sorting/shell_sort_gaps.rb	(49,22)-(49,31):failed to resolve overloads	V5	-	module_function	break unless a[j - gap] > x
corpus/05-sorting/shell_sort_gaps.rb	(49,22)-(49,31):failed to resolve overloads	V5	-	module_function	break unless a[j - gap] > x
corpus/05-sorting/shell_sort_gaps.rb	(49,22)-(49,31):failed to resolve overloads	V5	-	module_function	break unless a[j - gap] > x
corpus/05-sorting/shell_sort_gaps.rb	(49,22)-(49,31):failed to resolve overloads	V5	-	module_function	break unless a[j - gap] > x
corpus/05-sorting/shell_sort_gaps.rb	(49,25)-(49,26):failed to resolve overloads	V5	-	module_function	break unless a[j - gap] > x
corpus/05-sorting/shell_sort_gaps.rb	(50,16)-(50,25):failed to resolve overloads	V5	-	module_function	a[j] = a[j - gap]
corpus/05-sorting/shell_sort_gaps.rb	(50,16)-(50,25):failed to resolve overloads	V5	-	module_function	a[j] = a[j - gap]
corpus/05-sorting/shell_sort_gaps.rb	(50,16)-(50,25):failed to resolve overloads	V5	-	module_function	a[j] = a[j - gap]
corpus/05-sorting/shell_sort_gaps.rb	(50,16)-(50,25):failed to resolve overloads	V5	-	module_function	a[j] = a[j - gap]
corpus/05-sorting/shell_sort_gaps.rb	(50,16)-(50,25):failed to resolve overloads	V5	-	module_function	a[j] = a[j - gap]
corpus/05-sorting/shell_sort_gaps.rb	(50,19)-(50,20):failed to resolve overloads	V5	-	module_function	a[j] = a[j - gap]
corpus/05-sorting/shell_sort_gaps.rb	(51,10)-(51,12):failed to resolve overloads	V5	-	module_function	j -= gap
corpus/05-sorting/shell_sort_gaps.rb	(62,11)-(62,12):undefined method: Numeric#*	V2	-	numeric-catchall-overload	x = (x * 1664525 + 1013904223) % 4294967296
corpus/05-sorting/shell_sort_gaps.rb	(88,45)-(88,53):undefined method: singleton(Gaps)#sequence	V5	module_function	module_function	sorted, compares = shell_sort(data, Gaps.sequence(name, n))
corpus/05-sorting/shell_sort_gaps.rb	(96,36)-(96,41):undefined method: singleton(Gaps)#knuth	V5	module_function	module_function	puts "gaps for n=#{n}: knuth=#{Gaps.knuth(n)} ciura=#{Gaps.ciura(n)}"
corpus/05-sorting/shell_sort_gaps.rb	(96,59)-(96,64):undefined method: singleton(Gaps)#ciura	V5	module_function	module_function	puts "gaps for n=#{n}: knuth=#{Gaps.knuth(n)} ciura=#{Gaps.ciura(n)}"
corpus/05-sorting/shell_sort_gaps.rb	(100,41)-(100,46):undefined method: singleton(Gaps)#ciura	V5	module_function	module_function	sorted_words, c = shell_sort(words, Gaps.ciura(words.size))
corpus/20-business/ticket_helpdesk.rb	(23,68)-(23,69):undefined method: Numeric#/	V2	-	numeric-catchall-overload	def stamp(min) = format("d%d %02d:%02d", min / 1440 + 1, min % 1440 / 60, min % 60)
corpus/20-business/ticket_helpdesk.rb	(135,39)-(135,40):undefined method: nil#-	V10	-	user-nil	times = resolved.map { |t| t.closed_at - t.opened_at }.sort
corpus/20-business/timesheet.rb	(54,18)-(54,21):undefined method: nil#sum	residual	-	unclassified	worked = shifts.sum(&:minutes)
corpus/20-business/timesheet.rb	(55,23)-(55,32):undefined method: nil#each_cons	residual	-	nil-cascade-other	longest_gap = shifts.each_cons(2).map { |a, b| b.start - a.finish }.max || 0
corpus/20-business/timesheet.rb	(82,9)-(82,11):failed to resolve overloads	V11	-	empty-arg	week += paid
corpus/20-business/timesheet.rb	(84,19)-(84,22):undefined method: nil#map	residual	-	unclassified	spans = shifts.map { |s| "#{fmt_hours(s.start)}-#{fmt_hours(s.finish)}" }
corpus/20-business/timesheet.rb	(86,43)-(86,48):undefined method: nil#first	residual	-	unclassified	puts format("  %s %-24s %6s%s", shifts.first.day, spans.join(" "), fmt_hours(paid), note)
corpus/20-business/timesheet.rb	(99,68)-(99,69):failed to resolve overloads	V11	-	empty-arg	puts format("%-5s %6s %8.2f %5.1f%%", e, fmt_hours(w), p, p * 100 / total_pay)
corpus/20-business/todo_list.rb	(63,48)-(63,56):undefined method: Integer#priority	failed@V3	-	counterfactual-run-failed	@items.sort_by { |t| [PRIORITY_RANK.fetch(t.priority), t.due, t.id] }
corpus/20-business/todo_list.rb	(63,61)-(63,64):undefined method: Integer#due	failed@V3	-	counterfactual-run-failed	@items.sort_by { |t| [PRIORITY_RANK.fetch(t.priority), t.due, t.id] }
corpus/20-business/todo_list.rb	(63,68)-(63,70):undefined method: Integer#id	failed@V3	-	counterfactual-run-failed	@items.sort_by { |t| [PRIORITY_RANK.fetch(t.priority), t.due, t.id] }
corpus/20-business/todo_list.rb	(68,43)-(68,47):undefined method: Integer#tags	failed@V3	-	counterfactual-run-failed	def tagged(tag) = ordered.select { |t| t.tags.include?(tag) }
corpus/20-business/vendor_quotes.rb	(15,44)-(15,46):wrong type of arguments	failed@V3	-	counterfactual-run-failed	tier = tiers.select { |min, _price| qty >= min }.last
corpus/20-business/vendor_quotes.rb	(24,11)-(24,12):undefined method: nil#*	failed@V3	-	counterfactual-run-failed	(price * qty + shipping) * FX.fetch(currency)
corpus/20-business/vendor_quotes.rb	(43,9)-(43,13):undefined method: Array[String]#to_i	failed@V3	-	counterfactual-run-failed	[min.to_i, price.to_f]
corpus/20-business/vendor_quotes.rb	(86,23)-(86,29):undefined method: nil#vendor	failed@V3	-	counterfactual-run-failed	awards[item] = [best.vendor, cost]
corpus/20-business/vendor_quotes.rb	(87,60)-(87,66):undefined method: nil#vendor	failed@V3	-	counterfactual-run-failed	puts format("%-10s %6d  %-8s %10.2f  %s", item, qty, best.vendor, cost, others.join(", "))
corpus/20-business/vendor_quotes.rb	(100,27)-(100,30):undefined method: nil#qty	failed@V3	-	counterfactual-run-failed	q ? q.landed_cost(need.qty) : nil
corpus/20-business/warehouse_picking.rb	(37,22)-(37,25):undefined method: nil#ord	V9	-	lib-nilable-return	Location.new(m[1].ord - "A".ord + 1, m[2].to_i, m[3].to_i)
corpus/20-business/warehouse_picking.rb	(59,40)-(59,47):undefined method: String#expires	V4	-	sig-vertex-sharing	ordered = candidates.sort_by { |b| [b.expires || "9999-99-99", b.location] }
corpus/20-business/warehouse_picking.rb	(59,40)-(59,47):undefined method: Array[String]#expires	V3	-	masgn-from-Array	ordered = candidates.sort_by { |b| [b.expires || "9999-99-99", b.location] }
corpus/20-business/warehouse_picking.rb	(59,67)-(59,75):undefined method: String#location	V4	-	sig-vertex-sharing	ordered = candidates.sort_by { |b| [b.expires || "9999-99-99", b.location] }
corpus/20-business/warehouse_picking.rb	(59,67)-(59,75):undefined method: Array[String]#location	V3	-	masgn-from-Array	ordered = candidates.sort_by { |b| [b.expires || "9999-99-99", b.location] }
corpus/20-business/warehouse_picking.rb	(64,20)-(64,23):undefined method: String#qty	V4	-	sig-vertex-sharing	take = [left, b.qty].min
corpus/20-business/warehouse_picking.rb	(64,20)-(64,23):undefined method: Array[String]#qty	V3	-	masgn-from-Array	take = [left, b.qty].min
corpus/20-business/warehouse_picking.rb	(65,6)-(65,9):undefined method: String#qty=	V4	-	sig-vertex-sharing	b.qty -= take
corpus/20-business/warehouse_picking.rb	(65,6)-(65,9):undefined method: Array[String]#qty=	V3	-	masgn-from-Array	b.qty -= take
corpus/20-business/warehouse_picking.rb	(65,6)-(65,9):undefined method: String#qty	V4	-	sig-vertex-sharing	b.qty -= take
corpus/20-business/warehouse_picking.rb	(65,6)-(65,9):undefined method: Array[String]#qty	V3	-	masgn-from-Array	b.qty -= take
corpus/20-business/warehouse_picking.rb	(67,39)-(67,47):undefined method: String#location	V4	-	sig-vertex-sharing	picks << Pick.new(order_id, sku, b.location, take)
corpus/20-business/warehouse_picking.rb	(67,39)-(67,47):undefined method: Array[String]#location	V3	-	masgn-from-Array	picks << Pick.new(order_id, sku, b.location, take)
corpus/20-business/warehouse_picking.rb	(123,65)-(123,66):undefined method: nil#<	V10	-	user-nil	expiring = bins.select { |b| b.qty > 0 && b.expires && b.expires < "2026-12-31" }
corpus/05-sorting/autocomplete_msd.rb	(6,7)-(6,10):undefined method: nil#ord	V9	-	lib-nilable-return	s[d].ord - 96
corpus/05-sorting/autocomplete_msd.rb	(37,38)-(37,42):undefined method: nil#take	V9	-	lib-nilable-return	[stop - start, sorted[start...stop].take(limit)]
corpus/05-sorting/autocomplete_msd.rb	(37,38)-(37,42):undefined method: String#take	residual	-	unclassified	[stop - start, sorted[start...stop].take(limit)]
corpus/05-sorting/autocomplete_msd.rb	(72,44)-(72,47):undefined method: nil#[]	V9	-	lib-nilable-return	puts "largest initial-letter group: #{widest[0][0]} (#{widest.size} words)"
corpus/05-sorting/autocomplete_msd.rb	(72,62)-(72,66):undefined method: nil#size	V9	-	lib-nilable-return	puts "largest initial-letter group: #{widest[0][0]} (#{widest.size} words)"
corpus/05-sorting/autocomplete_msd.rb	(76,20)-(76,24):undefined method: nil#size	V9	-	lib-nilable-return	best_lcp = l if l.size > best_lcp.size
corpus/05-sorting/autocomplete_msd.rb	(76,36)-(76,40):undefined method: nil#size	V9	-	lib-nilable-return	best_lcp = l if l.size > best_lcp.size
corpus/05-sorting/bisect_on_answer.rb	(33,11)-(33,12):wrong type of arguments	V11	-	empty-arg	while lo < hi
corpus/05-sorting/bisect_on_answer.rb	(34,14)-(34,15):failed to resolve overloads	V11	-	empty-arg	mid = (lo + hi) / 2
corpus/05-sorting/bisect_on_answer.rb	(60,11)-(60,12):wrong type of arguments	V11	-	empty-arg	while lo < hi
corpus/05-sorting/bisect_on_answer.rb	(61,14)-(61,15):failed to resolve overloads	V11	-	empty-arg	mid = (lo + hi) / 2
corpus/05-sorting/bisect_on_answer.rb	(103,30)-(103,31):failed to resolve overloads	V11	-	empty-arg	pl.capacity * pl.loads.size - used
corpus/05-sorting/bisect_on_answer.rb	(105,30)-(105,34):undefined method: nil#days	V9	-	lib-nilable-return	puts "least slack: #{tightest.days} days, loads #{tightest.loads.map(&:sum)}"
corpus/05-sorting/bisect_on_answer.rb	(105,59)-(105,64):undefined method: nil#loads	V9	-	lib-nilable-return	puts "least slack: #{tightest.days} days, loads #{tightest.loads.map(&:sum)}"
corpus/05-sorting/bucket_sort_ratings.rb	(19,22)-(19,26):wrong type of arguments	V1	-	interface-nominal	margin = z * Math.sqrt(mean * (1.0 - mean) / votes + z * z / (4.0 * votes * votes))
corpus/05-sorting/bucket_sort_ratings.rb	(29,20)-(29,31):undefined method: :score#call	residual	-	unclassified	while j >= 0 && yield(a[j]) > yield(x)
corpus/05-sorting/bucket_sort_ratings.rb	(29,34)-(29,42):undefined method: :score#call	residual	-	unclassified	while j >= 0 && yield(a[j]) > yield(x)
corpus/05-sorting/bucket_sort_ratings.rb	(41,11)-(41,43):failed to resolve overloads	V11	-	empty-arg	buckets[(key.call(x) * nbuckets).floor] << x
corpus/05-sorting/bucket_sort_ratings.rb	(41,17)-(41,21):undefined method: :score#call	residual	-	unclassified	buckets[(key.call(x) * nbuckets).floor] << x
corpus/05-sorting/bucket_sort_ratings.rb	(63,9)-(63,10):failed to resolve overloads	V11	-	empty-arg	target - before <= after - target ? before : after
corpus/05-sorting/external_sort_sim.rb	(16,17)-(16,18):undefined method: nil#>	residual	-	unclassified	return score > other.score if score != other.score
corpus/05-sorting/gift_two_pointers.rb	(5,36)-(5,37):undefined method: nil#/	V10	-	user-nil	def price(c) = format("$%d.%02d", c / 100, c % 100)
corpus/05-sorting/gift_two_pointers.rb	(5,45)-(5,46):undefined method: nil#%	V10	-	user-nil	def price(c) = format("$%d.%02d", c / 100, c % 100)
corpus/05-sorting/gift_two_pointers.rb	(116,45)-(116,48):undefined method: nil#map	V10	-	user-nil	puts "bundle near #{price(target)}: #{trio.map(&:name).join(", ")} = #{price(trio.sum(&:cents))} (off by #{price(diff)})"
corpus/05-sorting/gift_two_pointers.rb	(116,84)-(116,87):undefined method: nil#sum	V10	-	user-nil	puts "bundle near #{price(target)}: #{trio.map(&:name).join(", ")} = #{price(trio.sum(&:cents))} (off by #{price(diff)})"
corpus/06-linked/ring_buffer_metrics.rb	(96,27)-(96,28):undefined method: nil#<	residual	-	unclassified	strict.push(v * 10) if v < 3.0
corpus/06-linked/ring_buffer_metrics.rb	(96,16)-(96,17):undefined method: nil#*	residual	-	unclassified	strict.push(v * 10) if v < 3.0
corpus/06-linked/rpn_stack_calculator.rb	(46,16)-(46,21):undefined method: nil#below	V7	-	nil?-no-narrow	@top = cell.below
corpus/06-linked/rpn_stack_calculator.rb	(48,9)-(48,14):undefined method: nil#value	V7	-	nil?-no-narrow	cell.value
corpus/06-linked/rpn_stack_calculator.rb	(78,18)-(78,19):undefined method: nil#+	residual	-	unclassified	when "+" then a + b
corpus/06-linked/rpn_stack_calculator.rb	(79,18)-(79,19):undefined method: nil#-	residual	-	unclassified	when "-" then a - b
corpus/06-linked/rpn_stack_calculator.rb	(80,18)-(80,19):undefined method: nil#*	residual	-	unclassified	when "*" then a * b
corpus/06-linked/rpn_stack_calculator.rb	(80,18)-(80,19):undefined method: Numeric#*	residual	-	unclassified	when "*" then a * b
corpus/06-linked/rpn_stack_calculator.rb	(81,70)-(81,71):undefined method: nil#/	residual	-	unclassified	when "/" then b == 0 ? raise(ZeroDivisionError, "divided by 0") : a / b
corpus/06-linked/rpn_stack_calculator.rb	(81,70)-(81,71):undefined method: Numeric#/	residual	-	unclassified	when "/" then b == 0 ? raise(ZeroDivisionError, "divided by 0") : a / b
corpus/06-linked/rpn_stack_calculator.rb	(82,18)-(82,19):undefined method: nil#%	residual	-	unclassified	when "%" then a % b
corpus/06-linked/rpn_stack_calculator.rb	(83,17)-(83,19):undefined method: nil#**	residual	-	unclassified	when "^" then a**b
corpus/06-linked/rpn_stack_calculator.rb	(83,17)-(83,19):undefined method: Numeric#**	residual	-	unclassified	when "^" then a**b
corpus/06-linked/rpn_stack_calculator.rb	(108,17)-(108,18):undefined method: nil#-@	residual	-	unclassified	stack.push(-stack.pop(tok))
corpus/06-linked/singly_linked_list.rb	(110,53)-(110,58):undefined method: nil#value	V7	-	nil?-no-narrow	return push_front(v) if @head.nil? || v <= @head.value
corpus/06-linked/singly_linked_list.rb	(112,32)-(112,36):undefined method: nil#next	V10	-	user-nil	node = node.next while node.next && node.next.value < v
corpus/06-linked/singly_linked_list.rb	(112,50)-(112,55):undefined method: nil#value	V10	-	user-nil	node = node.next while node.next && node.next.value < v
corpus/06-linked/singly_linked_list.rb	(112,45)-(112,49):undefined method: nil#next	V10	-	user-nil	node = node.next while node.next && node.next.value < v
corpus/06-linked/singly_linked_list.rb	(112,16)-(112,20):undefined method: nil#next	V10	-	user-nil	node = node.next while node.next && node.next.value < v
corpus/06-linked/singly_linked_list.rb	(113,29)-(113,33):undefined method: nil#next	V10	-	user-nil	fresh = Node.new(v, node.next)
corpus/06-linked/singly_linked_list.rb	(114,9)-(114,13):undefined method: nil#next=	V10	-	user-nil	node.next = fresh
corpus/06-linked/singly_linked_list.rb	(133,50)-(133,55):undefined method: nil#value	V10	-	user-nil	puts "after push_back 6: #{list} tail=#{list.tail.value}"
corpus/06-linked/singly_linked_list.rb	(135,41)-(135,46):undefined method: nil#value	V10	-	user-nil	puts "reversed: #{list} tail=#{list.tail.value}"
corpus/06-linked/skip_list_index.rb	(60,21)-(60,23):undefined method: nil#<=	V10	-	user-nil	while x && x.key <= hi
corpus/06-linked/skip_list_index.rb	(84,21)-(84,22):undefined method: Numeric#*	V2	-	numeric-catchall-overload	@seed = (@seed * 1103515245 + 12345) % 2147483648
corpus/06-linked/skip_list_index.rb	(85,26)-(85,28):undefined method: Numeric#>>	V2	-	numeric-catchall-overload	break unless (@seed >> 16) % 4 == 0 && lvl < @max_level
corpus/06-linked/skip_list_index.rb	(95,44)-(95,45):undefined method: nil#<	V10	-	user-nil	while (nxt = x.forward[i]) && nxt.key < key
corpus/13-polymorphism/matrix_ops.rb	(31,23)-(31,27):undefined method: nil#size	residual	-	unclassified	def ncols = @rows[0].size
corpus/13-polymorphism/matrix_ops.rb	(43,22)-(43,27):undefined method: Float#nrows	residual	-	shared-field-union	unless nrows == b.nrows && ncols == b.ncols
corpus/13-polymorphism/matrix_ops.rb	(43,22)-(43,27):undefined method: Rational#nrows	residual	-	unclassified	unless nrows == b.nrows && ncols == b.ncols
corpus/13-polymorphism/matrix_ops.rb	(43,22)-(43,27):undefined method: Integer#nrows	V11	-	empty-arg	unless nrows == b.nrows && ncols == b.ncols
corpus/13-polymorphism/matrix_ops.rb	(43,22)-(43,27):... and other 1 errors	V9	-	lib-nilable-return	unless nrows == b.nrows && ncols == b.ncols
corpus/13-polymorphism/matrix_ops.rb	(43,42)-(43,47):undefined method: Float#ncols	residual	-	unclassified	unless nrows == b.nrows && ncols == b.ncols
corpus/13-polymorphism/matrix_ops.rb	(43,42)-(43,47):undefined method: Rational#ncols	residual	-	unclassified	unless nrows == b.nrows && ncols == b.ncols
corpus/13-polymorphism/matrix_ops.rb	(43,42)-(43,47):undefined method: Integer#ncols	V11	-	empty-arg	unless nrows == b.nrows && ncols == b.ncols
corpus/13-polymorphism/matrix_ops.rb	(43,42)-(43,47):... and other 1 errors	V9	-	lib-nilable-return	unless nrows == b.nrows && ncols == b.ncols
corpus/13-polymorphism/matrix_ops.rb	(44,64)-(44,69):undefined method: Float#nrows	residual	-	unclassified	raise DimensionError.new("#{op}: #{nrows}x#{ncols} vs #{b.nrows}x#{b.ncols}", op)
corpus/13-polymorphism/matrix_ops.rb	(44,64)-(44,69):undefined method: Rational#nrows	residual	-	unclassified	raise DimensionError.new("#{op}: #{nrows}x#{ncols} vs #{b.nrows}x#{b.ncols}", op)
corpus/13-polymorphism/matrix_ops.rb	(44,64)-(44,69):undefined method: Integer#nrows	V11	-	empty-arg	raise DimensionError.new("#{op}: #{nrows}x#{ncols} vs #{b.nrows}x#{b.ncols}", op)
corpus/13-polymorphism/matrix_ops.rb	(44,64)-(44,69):... and other 1 errors	V9	-	lib-nilable-return	raise DimensionError.new("#{op}: #{nrows}x#{ncols} vs #{b.nrows}x#{b.ncols}", op)
corpus/13-polymorphism/matrix_ops.rb	(44,75)-(44,80):undefined method: Float#ncols	residual	-	unclassified	raise DimensionError.new("#{op}: #{nrows}x#{ncols} vs #{b.nrows}x#{b.ncols}", op)
corpus/13-polymorphism/matrix_ops.rb	(44,75)-(44,80):undefined method: Rational#ncols	residual	-	unclassified	raise DimensionError.new("#{op}: #{nrows}x#{ncols} vs #{b.nrows}x#{b.ncols}", op)
corpus/13-polymorphism/matrix_ops.rb	(44,75)-(44,80):undefined method: Integer#ncols	V11	-	empty-arg	raise DimensionError.new("#{op}: #{nrows}x#{ncols} vs #{b.nrows}x#{b.ncols}", op)
corpus/13-polymorphism/matrix_ops.rb	(44,75)-(44,80):... and other 1 errors	V9	-	lib-nilable-return	raise DimensionError.new("#{op}: #{nrows}x#{ncols} vs #{b.nrows}x#{b.ncols}", op)
corpus/13-polymorphism/matrix_ops.rb	(50,51)-(50,52):undefined method: nil#+	V9	-	lib-nilable-return	Matrix.build(nrows, ncols) { |i, j| self[i, j] + b[i, j] }
corpus/13-polymorphism/matrix_ops.rb	(50,54)-(50,60):undefined method: Rational#[]	residual	-	unclassified	Matrix.build(nrows, ncols) { |i, j| self[i, j] + b[i, j] }
corpus/13-polymorphism/matrix_ops.rb	(50,54)-(50,60):undefined method: nil#[]	V9	-	lib-nilable-return	Matrix.build(nrows, ncols) { |i, j| self[i, j] + b[i, j] }
corpus/13-polymorphism/matrix_ops.rb	(50,54)-(50,60):undefined method: Float#[]	residual	-	unclassified	Matrix.build(nrows, ncols) { |i, j| self[i, j] + b[i, j] }
corpus/13-polymorphism/matrix_ops.rb	(55,51)-(55,52):undefined method: nil#-	V9	-	lib-nilable-return	Matrix.build(nrows, ncols) { |i, j| self[i, j] - b[i, j] }
corpus/13-polymorphism/matrix_ops.rb	(55,54)-(55,60):undefined method: Float#[]	residual	-	unclassified	Matrix.build(nrows, ncols) { |i, j| self[i, j] - b[i, j] }
corpus/13-polymorphism/matrix_ops.rb	(55,54)-(55,60):undefined method: Rational#[]	residual	-	shared-field-union	Matrix.build(nrows, ncols) { |i, j| self[i, j] - b[i, j] }
corpus/13-polymorphism/matrix_ops.rb	(55,54)-(55,60):undefined method: nil#[]	V9	-	lib-nilable-return	Matrix.build(nrows, ncols) { |i, j| self[i, j] - b[i, j] }
corpus/13-polymorphism/matrix_ops.rb	(61,89)-(61,94):undefined method: Integer#nrows	residual	case-in-no-narrow	case-in-no-narrow	raise DimensionError.new("*: #{ncols} cols vs #{b.nrows} rows", "*") if ncols != b.nrows
corpus/13-polymorphism/matrix_ops.rb	(61,89)-(61,94):undefined method: Float#nrows	residual	case-in-no-narrow	case-in-no-narrow	raise DimensionError.new("*: #{ncols} cols vs #{b.nrows} rows", "*") if ncols != b.nrows
corpus/13-polymorphism/matrix_ops.rb	(61,89)-(61,94):undefined method: Rational#nrows	residual	case-in-no-narrow	case-in-no-narrow	raise DimensionError.new("*: #{ncols} cols vs #{b.nrows} rows", "*") if ncols != b.nrows
corpus/13-polymorphism/matrix_ops.rb	(61,89)-(61,94):... and other 1 errors	V9	case-in-no-narrow	lib-nilable-return	raise DimensionError.new("*: #{ncols} cols vs #{b.nrows} rows", "*") if ncols != b.nrows
corpus/13-polymorphism/matrix_ops.rb	(61,56)-(61,61):undefined method: Integer#nrows	residual	case-in-no-narrow	case-in-no-narrow	raise DimensionError.new("*: #{ncols} cols vs #{b.nrows} rows", "*") if ncols != b.nrows
corpus/13-polymorphism/matrix_ops.rb	(61,56)-(61,61):undefined method: Float#nrows	residual	case-in-no-narrow	case-in-no-narrow	raise DimensionError.new("*: #{ncols} cols vs #{b.nrows} rows", "*") if ncols != b.nrows
corpus/13-polymorphism/matrix_ops.rb	(61,56)-(61,61):undefined method: Rational#nrows	residual	case-in-no-narrow	case-in-no-narrow	raise DimensionError.new("*: #{ncols} cols vs #{b.nrows} rows", "*") if ncols != b.nrows
corpus/13-polymorphism/matrix_ops.rb	(61,56)-(61,61):... and other 1 errors	V9	case-in-no-narrow	lib-nilable-return	raise DimensionError.new("*: #{ncols} cols vs #{b.nrows} rows", "*") if ncols != b.nrows
corpus/13-polymorphism/matrix_ops.rb	(62,28)-(62,33):undefined method: Integer#ncols	residual	case-in-no-narrow	case-in-no-narrow	Matrix.build(nrows, b.ncols) do |i, j|
corpus/13-polymorphism/matrix_ops.rb	(62,28)-(62,33):undefined method: Float#ncols	residual	case-in-no-narrow	case-in-no-narrow	Matrix.build(nrows, b.ncols) do |i, j|
corpus/13-polymorphism/matrix_ops.rb	(62,28)-(62,33):undefined method: Rational#ncols	residual	case-in-no-narrow	case-in-no-narrow	Matrix.build(nrows, b.ncols) do |i, j|
corpus/13-polymorphism/matrix_ops.rb	(62,28)-(62,33):... and other 1 errors	V9	case-in-no-narrow	lib-nilable-return	Matrix.build(nrows, b.ncols) do |i, j|
corpus/13-polymorphism/matrix_ops.rb	(64,44)-(64,45):undefined method: nil#*	V9	case-in-no-narrow	lib-nilable-return	ncols.times { |k| sum += self[i, k] * b[k, j] }
corpus/13-polymorphism/matrix_ops.rb	(64,47)-(64,53):undefined method: Float#[]	residual	case-in-no-narrow	case-in-no-narrow	ncols.times { |k| sum += self[i, k] * b[k, j] }
corpus/13-polymorphism/matrix_ops.rb	(64,47)-(64,53):undefined method: Rational#[]	residual	case-in-no-narrow	case-in-no-narrow	ncols.times { |k| sum += self[i, k] * b[k, j] }
corpus/13-polymorphism/matrix_ops.rb	(64,47)-(64,53):undefined method: nil#[]	V9	case-in-no-narrow	lib-nilable-return	ncols.times { |k| sum += self[i, k] * b[k, j] }
corpus/13-polymorphism/matrix_ops.rb	(68,53)-(68,54):undefined method: nil#*	V9	case-in-no-narrow	lib-nilable-return	Matrix.build(nrows, ncols) { |i, j| self[i, j] * b }
corpus/13-polymorphism/matrix_ops.rb	(97,12)-(97,14):undefined method: nil#*	V9	-	lib-nilable-return	det *= -1
corpus/13-polymorphism/matrix_ops.rb	(99,10)-(99,12):undefined method: nil#*	V9	-	lib-nilable-return	det *= m[col, col]
corpus/13-polymorphism/matrix_ops.rb	(101,22)-(101,23):undefined method: nil#/	V9	-	lib-nilable-return	f = m[r, col] / m[col, col]
corpus/13-polymorphism/matrix_ops.rb	(101,22)-(101,23):undefined method: Matrix#/	residual	-	shared-field-union	f = m[r, col] / m[col, col]
corpus/13-polymorphism/matrix_ops.rb	(102,47)-(102,48):undefined method: nil#-	V9	-	lib-nilable-return	(col...n).each { |c| m[r, c] = m[r, c] - f * m[col, c] }
corpus/13-polymorphism/matrix_ops.rb	(117,52)-(117,53):undefined method: nil#/	V9	-	lib-nilable-return	(2 * n).times { |c| aug[col, c] = aug[col, c] / pv }
corpus/13-polymorphism/matrix_ops.rb	(117,52)-(117,53):undefined method: Matrix#/	residual	-	shared-field-union	(2 * n).times { |c| aug[col, c] = aug[col, c] / pv }
corpus/13-polymorphism/matrix_ops.rb	(121,50)-(121,51):undefined method: nil#-	V9	-	lib-nilable-return	(2 * n).times { |c| aug[r, c] = aug[r, c] - f * aug[col, c] }
corpus/13-polymorphism/matrix_ops.rb	(121,54)-(121,55):undefined method: nil#*	V9	-	lib-nilable-return	(2 * n).times { |c| aug[r, c] = aug[r, c] - f * aug[col, c] }
corpus/13-polymorphism/matrix_ops.rb	(129,23)-(129,34):undefined method: nil#denominator	V9	case-in-no-narrow	lib-nilable-return	in Rational then x.denominator == 1 ? x.numerator.to_s : x.to_s
corpus/13-polymorphism/matrix_ops.rb	(129,23)-(129,34):undefined method: Matrix#denominator	residual	case-in-no-narrow	case-in-no-narrow	in Rational then x.denominator == 1 ? x.numerator.to_s : x.to_s
corpus/13-polymorphism/matrix_ops.rb	(129,44)-(129,53):undefined method: nil#numerator	V9	case-in-no-narrow	lib-nilable-return	in Rational then x.denominator == 1 ? x.numerator.to_s : x.to_s
corpus/13-polymorphism/matrix_ops.rb	(129,44)-(129,53):undefined method: Matrix#numerator	residual	case-in-no-narrow	case-in-no-narrow	in Rational then x.denominator == 1 ? x.numerator.to_s : x.to_s
corpus/13-polymorphism/matrix_ops.rb	(138,53)-(138,58):wrong type of arguments	V11	-	empty-arg	lines = cells.map { |row| "[ " + row.map { |s| s.rjust(width) }.join(" ") + " ]" }
corpus/13-polymorphism/matrix_ops.rb	(147,0)-(147,4):wrong type of arguments	V1	-	interface-nominal	puts a
corpus/13-polymorphism/matrix_ops.rb	(149,0)-(149,4):wrong type of arguments	V1	-	interface-nominal	puts a + b
corpus/13-polymorphism/matrix_ops.rb	(151,0)-(151,4):wrong type of arguments	V1	-	interface-nominal	puts a - b
corpus/13-polymorphism/matrix_ops.rb	(153,0)-(153,4):wrong type of arguments	V1	-	interface-nominal	puts a * b
corpus/13-polymorphism/matrix_ops.rb	(155,0)-(155,4):wrong type of arguments	V1	-	interface-nominal	puts a * 3
corpus/13-polymorphism/matrix_ops.rb	(157,0)-(157,4):wrong type of arguments	V1	-	interface-nominal	puts a.transpose * 0.5
corpus/13-polymorphism/matrix_ops.rb	(163,0)-(163,4):wrong type of arguments	V1	-	interface-nominal	puts inv
corpus/13-polymorphism/matrix_ops.rb	(165,0)-(165,4):wrong type of arguments	V1	-	interface-nominal	puts a * inv
corpus/13-polymorphism/matrix_ops.rb	(174,0)-(174,4):wrong type of arguments	V1	-	interface-nominal	puts rect
corpus/13-polymorphism/matrix_ops.rb	(176,0)-(176,4):wrong type of arguments	V1	-	interface-nominal	puts rect * rect.transpose
corpus/13-polymorphism/matrix_ops.rb	(179,2)-(179,6):wrong type of arguments	V1	-	interface-nominal	puts rect * rect
corpus/13-polymorphism/matrix_ops.rb	(184,2)-(184,6):wrong type of arguments	V1	-	interface-nominal	puts a + rect
corpus/13-polymorphism/matrix_ops.rb	(199,8)-(199,10):undefined method: nil#+	V9	-	lib-nilable-return	m[2, 0] += 7
corpus/13-polymorphism/matrix_ops.rb	(201,0)-(201,4):wrong type of arguments	V1	-	interface-nominal	puts m
corpus/13-polymorphism/modint_combinatorics.rb	(26,35)-(26,36):undefined method: ModInt#%	residual	-	unclassified	def self.of(v, m) = ModInt.new(v % m, m)
corpus/13-polymorphism/modint_combinatorics.rb	(32,73)-(32,74):undefined method: Integer#m	residual	case-in-no-narrow	case-in-no-narrow	raise ModulusMismatch.new("mod #{@m} vs mod #{b.m}", @m, b.m) if b.m != @m
corpus/13-polymorphism/modint_combinatorics.rb	(32,54)-(32,55):undefined method: Integer#m	residual	case-in-no-narrow	case-in-no-narrow	raise ModulusMismatch.new("mod #{@m} vs mod #{b.m}", @m, b.m) if b.m != @m
corpus/13-polymorphism/modint_combinatorics.rb	(32,65)-(32,66):undefined method: Integer#m	residual	case-in-no-narrow	case-in-no-narrow	raise ModulusMismatch.new("mod #{@m} vs mod #{b.m}", @m, b.m) if b.m != @m
corpus/13-polymorphism/modint_combinatorics.rb	(37,37)-(37,38):undefined method: Integer#v	residual	-	unclassified	def +(b) = ModInt.of(@v + other(b).v, @m)
corpus/13-polymorphism/modint_combinatorics.rb	(38,37)-(38,38):undefined method: Integer#v	residual	-	unclassified	def -(b) = ModInt.of(@v - other(b).v, @m)
corpus/13-polymorphism/modint_combinatorics.rb	(39,26)-(39,27):undefined method: Numeric#*	V2	-	numeric-catchall-overload	def *(b) = ModInt.of(@v * other(b).v, @m)
corpus/13-polymorphism/modint_combinatorics.rb	(39,37)-(39,38):undefined method: Integer#v	residual	-	unclassified	def *(b) = ModInt.of(@v * other(b).v, @m)
corpus/13-polymorphism/modint_combinatorics.rb	(40,28)-(40,31):undefined method: Numeric#pow	V2	-	numeric-catchall-overload	def **(e) = ModInt.new(@v.pow(e, @m), @m)
corpus/13-polymorphism/modint_combinatorics.rb	(43,11)-(43,14):undefined method: Numeric#gcd	V2	-	numeric-catchall-overload	g = @v.gcd(@m)
corpus/13-polymorphism/modint_combinatorics.rb	(49,16)-(49,17):undefined method: Numeric#/	V2	-	numeric-catchall-overload	q = old_r / r
corpus/13-polymorphism/modint_combinatorics.rb	(56,29)-(56,36):undefined method: Integer#inverse	residual	-	unclassified	def /(b) = self * other(b).inverse
corpus/13-polymorphism/modint_combinatorics.rb	(132,2)-(132,6):wrong type of arguments	V1	-	interface-nominal	puts a + ModInt.of(1, 19)
corpus/13-polymorphism/money_ledger.rb	(43,21)-(43,22):failed to resolve overloads	V11	-	empty-arg	Money.new(@cents - b.cents, @currency)
corpus/13-polymorphism/money_ledger.rb	(57,50)-(57,51):failed to resolve overloads	V11	-	empty-arg	parts = ratios.map { |r| Money.new(@cents * r / total, @currency) }
corpus/13-polymorphism/money_ledger.rb	(58,23)-(58,24):failed to resolve overloads	V11	-	empty-arg	remainder = @cents - parts.sum(&:cents)
corpus/13-polymorphism/notify_channels.rb	(93,47)-(93,48):undefined method: nil#+	V9	-	lib-nilable-return	def truncate(s, n) = s.size > n ? s[0...n - 1] + "~" : s
corpus/13-polymorphism/payroll.rb	(18,41)-(18,42):undefined method: nil#>	V7	-	nil?-no-narrow	tax += (top - lower) * rate if top > lower
corpus/13-polymorphism/payroll.rb	(18,18)-(18,19):undefined method: nil#-	V7	-	nil?-no-narrow	tax += (top - lower) * rate if top > lower
corpus/17-encodings/transposition.rb	(10,13)-(10,14):undefined method: nil#>	V6	-	block-param-shadow	if rails > 1
corpus/17-encodings/transposition.rb	(12,33)-(12,34):undefined method: nil#-	V6	-	block-param-shadow	step = -1 if rail == rails - 1
corpus/17-encodings/transposition.rb	(66,48)-(66,56):undefined method: nil#include?	V6	-	block-param-shadow	def score(text) = COMMON_WORDS.count { |w| text.include?(w) }
corpus/17-encodings/vigenere.rb	(6,74)-(6,77):undefined method: Numeric#chr	V2	-	numeric-catchall-overload	def shift(c, k, dir) = ((c.ord - 65 + dir * (k.ord - 65) + 26) % 26 + 65).chr
corpus/17-encodings/vigenere.rb	(6,47)-(6,50):undefined method: nil#ord	V9	-	lib-nilable-return	def shift(c, k, dir) = ((c.ord - 65 + dir * (k.ord - 65) + 26) % 26 + 65).chr
corpus/17-encodings/vigenere.rb	(55,35)-(55,38):undefined method: Numeric#chr	V2	-	numeric-catchall-overload	letter = ((j + k) % 26 + 65).chr
corpus/12-parsers/assembler.rb	(38,8)-(38,13):undefined method: nil#match	residual	-	unclassified	m = s.match(/\Ar([0-7])\z/)
corpus/12-parsers/assembler.rb	(50,76)-(50,79):undefined method: nil#[]	V8	-	assign-in-cond-no-narrow	raise AsmError.new("duplicate label '#{m[1]}'", line) if labels.key?(m[1])
corpus/12-parsers/assembler.rb	(50,46)-(50,49):undefined method: nil#[]	V8	-	assign-in-cond-no-narrow	raise AsmError.new("duplicate label '#{m[1]}'", line) if labels.key?(m[1])
corpus/12-parsers/assembler.rb	(51,14)-(51,17):undefined method: nil#[]	V8	-	assign-in-cond-no-narrow	labels[m[1]] = stmts.size
corpus/12-parsers/assembler.rb	(52,13)-(52,16):undefined method: nil#[]	V8	-	assign-in-cond-no-narrow	src = m[2]
corpus/12-parsers/assembler.rb	(54,16)-(54,22):undefined method: nil#empty?	V9	-	lib-nilable-return	next if src.empty?
corpus/12-parsers/assembler.rb	(55,19)-(55,24):undefined method: nil#split	V9	-	lib-nilable-return	mn, rest = src.split(/\s+/, 2)
corpus/12-parsers/assembler.rb	(72,9)-(72,11):wrong type of arguments	V11	-	empty-arg	word |= register(ops[0], line) << 16
corpus/12-parsers/assembler.rb	(74,11)-(74,22):undefined method: nil#start_with?	residual	-	unclassified	if src.start_with?("#")
corpus/12-parsers/assembler.rb	(75,13)-(75,18):undefined method: nil#[]	residual	-	unclassified	v = src[1..].to_i
corpus/12-parsers/assembler.rb	(77,24)-(77,25):wrong type of arguments	V11	-	empty-arg	word |= (1 << 19) | (v & 0xFFFF)
corpus/12-parsers/assembler.rb	(79,11)-(79,13):wrong type of arguments	V11	-	empty-arg	word |= register(src, line)
corpus/12-parsers/assembler.rb	(85,24)-(85,26):wrong type of arguments	V11	-	empty-arg	when :unary then word |= register(ops[0], line) << 16
corpus/12-parsers/assembler.rb	(125,7)-(125,9):undefined method: nil#+	V9	-	lib-nilable-return	pc += 1
corpus/12-parsers/assembler.rb	(130,26)-(130,28):undefined method: nil#+	V9	-	lib-nilable-return	when 2 then regs[dst] += value
corpus/12-parsers/assembler.rb	(131,26)-(131,28):undefined method: nil#-	V9	-	lib-nilable-return	when 3 then regs[dst] -= value
corpus/12-parsers/assembler.rb	(132,26)-(132,28):undefined method: nil#*	V9	-	lib-nilable-return	when 4 then regs[dst] *= value
corpus/12-parsers/assembler.rb	(132,26)-(132,28):undefined method: Numeric#*	V2	-	numeric-catchall-overload	when 4 then regs[dst] *= value
corpus/12-parsers/assembler.rb	(133,26)-(133,28):undefined method: nil#%	V9	-	lib-nilable-return	when 5 then regs[dst] %= value
corpus/12-parsers/assembler.rb	(138,35)-(138,36):undefined method: nil#<	V9	-	lib-nilable-return	when 10 then pc = addr if flag < 0
corpus/12-parsers/brainfuck.rb	(44,35)-(44,38):undefined method: Numeric#chr	V2	-	numeric-catchall-overload	when "." then out << tape[ptr].chr
corpus/12-parsers/brainfuck.rb	(52,7)-(52,9):undefined method: nil#+	V7	-	nil?-no-narrow	pc += 1
corpus/12-parsers/calc_rd.rb	(47,25)-(47,30):undefined method: nil#match	V9	-	lib-nilable-return	if (m = @src[@pos..].match(/\A([a-z_][a-z0-9_]*)\s*=(?!=)/))
corpus/12-parsers/calc_rd.rb	(48,14)-(48,17):undefined method: nil#[]	V8	-	assign-in-cond-no-narrow	name = m[1]
corpus/12-parsers/calc_rd.rb	(63,10)-(63,12):undefined method: nil#+	V9	-	lib-nilable-return	v += term
corpus/12-parsers/calc_rd.rb	(80,10)-(80,12):undefined method: nil#*	V9	-	lib-nilable-return	v *= power
corpus/12-parsers/calc_rd.rb	(80,10)-(80,12):undefined method: Numeric#*	residual	-	integer-pow-numeric	v *= power
corpus/12-parsers/calc_rd.rb	(98,18)-(98,20):undefined method: nil#**	V9	-	lib-nilable-return	return base ** power
corpus/12-parsers/calc_rd.rb	(98,18)-(98,20):undefined method: Numeric#**	residual	-	unclassified	return base ** power
corpus/12-parsers/calc_rd.rb	(106,13)-(106,14):undefined method: nil#-@	V9	-	lib-nilable-return	return -unary
corpus/12-parsers/calc_rd.rb	(121,17)-(121,22):undefined method: nil#match	V9	-	lib-nilable-return	if (m = rest.match(/\A\d+(\.\d+)?/))
corpus/12-parsers/calc_rd.rb	(124,14)-(124,17):undefined method: nil#[]	V8	-	assign-in-cond-no-narrow	return m[1] ? Float(text) : Integer(text)
corpus/12-parsers/calc_rd.rb	(126,13)-(126,18):undefined method: nil#match	V9	-	lib-nilable-return	m = rest.match(/\A[a-z_][a-z0-9_]*/)
corpus/12-parsers/calc_rd.rb	(149,28)-(149,31):undefined method: nil#abs	V9	-	lib-nilable-return	when "abs" then args[0].abs
corpus/12-parsers/calc_rd.rb	(150,26)-(150,30):wrong type of arguments	V1	-	interface-nominal	when "sqrt" then Math.sqrt(args[0])
corpus/12-parsers/cmdline_parser.rb	(39,26)-(39,30):undefined method: nil#type	V7	-	nil?-no-narrow	return value unless opt.type == :int
corpus/12-parsers/cmdline_parser.rb	(40,91)-(40,97):undefined method: nil#match?	V9	-	lib-nilable-return	raise UsageError.new("--#{opt.long} needs an integer, got '#{value}'", arg) unless value.match?(/\A-?\d+\z/)
corpus/12-parsers/cmdline_parser.rb	(40,32)-(40,36):undefined method: nil#long	V7	-	nil?-no-narrow	raise UsageError.new("--#{opt.long} needs an integer, got '#{value}'", arg) unless value.match?(/\A-?\d+\z/)
corpus/12-parsers/cmdline_parser.rb	(45,11)-(45,15):undefined method: nil#type	V7	-	nil?-no-narrow	case opt.type
corpus/12-parsers/cmdline_parser.rb	(46,35)-(46,37):undefined method: true#<<	residual	-	unclassified	when :list then result[opt.long] << value
corpus/12-parsers/cmdline_parser.rb	(46,35)-(46,37):undefined method: nil#<<	V10	-	user-nil	when :list then result[opt.long] << value
corpus/12-parsers/cmdline_parser.rb	(46,35)-(46,37):undefined method: false#<<	residual	-	heterogeneous-container	when :list then result[opt.long] << value
corpus/12-parsers/cmdline_parser.rb	(46,29)-(46,33):undefined method: nil#long	V7	-	nil?-no-narrow	when :list then result[opt.long] << value
corpus/12-parsers/cmdline_parser.rb	(47,30)-(47,34):undefined method: nil#long	V7	-	nil?-no-narrow	when :count then result[opt.long] += 1
corpus/12-parsers/cmdline_parser.rb	(47,30)-(47,34):undefined method: nil#long	V7	-	nil?-no-narrow	when :count then result[opt.long] += 1
corpus/12-parsers/cmdline_parser.rb	(47,36)-(47,38):wrong type of arguments	residual	-	heterogeneous-container	when :count then result[opt.long] += 1
corpus/12-parsers/cmdline_parser.rb	(47,36)-(47,38):wrong type of arguments	residual	-	heterogeneous-container	when :count then result[opt.long] += 1
corpus/12-parsers/cmdline_parser.rb	(47,36)-(47,38):wrong type of arguments	residual	-	heterogeneous-container	when :count then result[opt.long] += 1
corpus/12-parsers/cmdline_parser.rb	(47,36)-(47,38):undefined method: true#+	residual	-	unclassified	when :count then result[opt.long] += 1
corpus/12-parsers/cmdline_parser.rb	(47,36)-(47,38):undefined method: nil#+	V10	-	user-nil	when :count then result[opt.long] += 1
corpus/12-parsers/cmdline_parser.rb	(47,36)-(47,38):undefined method: false#+	residual	-	unclassified	when :count then result[opt.long] += 1
corpus/12-parsers/cmdline_parser.rb	(48,18)-(48,22):undefined method: nil#long	V7	-	nil?-no-narrow	else result[opt.long] = value
corpus/12-parsers/cmdline_parser.rb	(65,34)-(65,43):undefined method: nil#partition	V9	-	lib-nilable-return	name, eq, inline = arg[2..].partition("=")
corpus/12-parsers/cmdline_parser.rb	(70,35)-(70,39):undefined method: nil#type	V7	-	nil?-no-narrow	negated = !opt.nil? && opt.type == :flag
corpus/12-parsers/cmdline_parser.rb	(74,13)-(74,25):undefined method: nil#takes_value?	V7	-	nil?-no-narrow	if opt.takes_value?
corpus/12-parsers/cmdline_parser.rb	(92,15)-(92,27):undefined method: nil#takes_value?	V7	-	nil?-no-narrow	if opt.takes_value?
corpus/12-parsers/cmdline_parser.rb	(94,19)-(94,25):undefined method: nil#empty?	V9	-	lib-nilable-return	if value.empty?
corpus/20-business/restaurant_orders.rb	(27,25)-(27,26):failed to resolve overloads	V11	-	empty-arg	def price = item.price + mods.sum { |m| modifier_price(m) }
corpus/20-business/restaurant_orders.rb	(104,69)-(104,70):wrong type of arguments	V11	-	empty-arg	seats.times { |i| puts "  guest #{i + 1} pays #{money(share + (i < extra ? 1 : 0))}" }
corpus/20-business/restaurant_orders.rb	(146,14)-(146,18):undefined method: nil#mods	V9	-	lib-nilable-return	extra = l.mods.empty? ? "" : " [#{l.mods.join(", ")}]"
corpus/20-business/restaurant_orders.rb	(146,40)-(146,44):undefined method: nil#mods	V9	-	lib-nilable-return	extra = l.mods.empty? ? "" : " [#{l.mods.join(", ")}]"
corpus/20-business/restaurant_orders.rb	(147,50)-(147,55):undefined method: nil#table	V9	-	lib-nilable-return	puts format("  %-5s t%d s%d %s%s", station, l.table, l.seat, l.item.name, extra)
corpus/20-business/restaurant_orders.rb	(147,59)-(147,63):undefined method: nil#seat	V9	-	lib-nilable-return	puts format("  %-5s t%d s%d %s%s", station, l.table, l.seat, l.item.name, extra)
corpus/20-business/restaurant_orders.rb	(147,67)-(147,71):undefined method: nil#item	V9	-	lib-nilable-return	puts format("  %-5s t%d s%d %s%s", station, l.table, l.seat, l.item.name, extra)
corpus/20-business/restaurant_orders.rb	(156,10)-(156,12):failed to resolve overloads	V11	-	empty-arg	takings += bill(r.table(n), split)
corpus/20-business/room_reservations.rb	(96,59)-(96,63):undefined method: Integer#slot	V4	-	sig-vertex-sharing	@bookings.select { |b| b.day == day }.sort_by { |b| [b.slot.begin, b.id] }
corpus/20-business/room_reservations.rb	(96,73)-(96,75):undefined method: Integer#id	V4	-	sig-vertex-sharing	@bookings.select { |b| b.day == day }.sort_by { |b| [b.slot.begin, b.id] }
corpus/20-business/room_reservations.rb	(153,57)-(153,61):undefined method: Integer#slot	V4	block-param-shadow	sig-vertex-sharing	puts format("  %s %-8s %-5s %2d people", show_slot(b.slot), b.room, b.who, b.people)
corpus/20-business/room_reservations.rb	(153,66)-(153,70):undefined method: Integer#room	V4	block-param-shadow	sig-vertex-sharing	puts format("  %s %-8s %-5s %2d people", show_slot(b.slot), b.room, b.who, b.people)
corpus/20-business/room_reservations.rb	(153,74)-(153,77):undefined method: Integer#who	V4	block-param-shadow	sig-vertex-sharing	puts format("  %s %-8s %-5s %2d people", show_slot(b.slot), b.room, b.who, b.people)
corpus/20-business/room_reservations.rb	(153,81)-(153,87):undefined method: Integer#people	V4	block-param-shadow	sig-vertex-sharing	puts format("  %s %-8s %-5s %2d people", show_slot(b.slot), b.room, b.who, b.people)
corpus/20-business/sales_report.rb	(40,33)-(40,34):wrong type of arguments	V11	-	empty-arg	def bar(value, max, width) = "*" * (value / max * width).round
corpus/20-business/sales_report.rb	(67,46)-(67,48):failed to resolve overloads	V11	-	empty-arg	sales.each { |s| cells[[s.region, s.quarter]] += s.revenue }
corpus/20-business/sales_report.rb	(90,42)-(90,49):undefined method: nil#product	V9	-	lib-nilable-return	[rep, total, commission(total), "#{best.product} #{best.date}"]
corpus/20-business/sales_report.rb	(90,58)-(90,62):undefined method: nil#date	V9	-	lib-nilable-return	[rep, total, commission(total), "#{best.product} #{best.date}"]
corpus/20-business/shopping_cart.rb	(197,60)-(197,64):undefined method: nil#name	V9	-	lib-nilable-return	puts "Most expensive item: #{catalog.values.max_by(&:price).name}"
corpus/20-business/subscription_billing.rb	(117,21)-(117,23):failed to resolve overloads	V11	-	empty-arg	revenue[month] += paid
corpus/08-graphs/astar_terrain.rb	(59,33)-(59,34):undefined method: nil#-	V10	-	user-nil	def heuristic(x, y, gx, gy) = (x - gx).abs + (y - gy).abs
corpus/08-graphs/astar_terrain.rb	(79,14)-(79,15):undefined method: nil#+	V10	-	user-nil	nb = [x + dx, y + dy]
corpus/08-graphs/astar_terrain.rb	(118,21)-(118,25):wrong type of arguments	V11	-	empty-arg	t.cells.each { |r| puts r.join }
corpus/08-graphs/bellman_ford.rb	(24,13)-(24,16):undefined method: nil#[]	V7	-	nil?-no-narrow	Arc.new(m[1], m[2], m[3].to_i)
corpus/08-graphs/bellman_ford.rb	(24,19)-(24,22):undefined method: nil#[]	V7	-	nil?-no-narrow	Arc.new(m[1], m[2], m[3].to_i)
corpus/08-graphs/bellman_ford.rb	(24,25)-(24,28):undefined method: nil#[]	V7	-	nil?-no-narrow	Arc.new(m[1], m[2], m[3].to_i)
corpus/08-graphs/bellman_ford.rb	(95,69)-(95,73):undefined method: nil#join	V10	-	user-nil	puts format("  %-6s %5d  via %s", v, d, route(pred, source, v).join(">"))
corpus/08-graphs/centrality.rb	(75,6)-(75,7):failed to resolve overloads	V11	-	empty-arg	2.0 * links / (k * (k - 1))
corpus/08-graphs/course_schedule.rb	(34,17)-(34,22):undefined method: Array[String]#strip	V3	-	masgn-from-Array	courses[code.strip] = Course.new(code.strip, credits_s.to_i, prereqs)
corpus/08-graphs/course_schedule.rb	(34,42)-(34,47):undefined method: Array[String]#strip	V3	-	masgn-from-Array	courses[code.strip] = Course.new(code.strip, credits_s.to_i, prereqs)
corpus/08-graphs/course_schedule.rb	(90,34)-(90,38):undefined method: nil#size	V9	-	lib-nilable-return	puts "widest term has #{heavy.size} courses"
corpus/08-graphs/critical_links.rb	(79,4)-(79,5):undefined method: Array[String]#<	V3	-	masgn-from-Array	x < y ? "#{x}--#{y}" : "#{y}--#{x}"
corpus/17-encodings/ascii85.rb	(22,41)-(22,44):undefined method: Numeric#chr	V2	-	numeric-catchall-overload	digits.unshift((value % 85 + 33).chr)
corpus/17-encodings/ascii85.rb	(34,35)-(34,39):undefined method: nil#gsub	V9	-	lib-nilable-return	body = body[2...(body.size - 2)].gsub(/\s/, "")
corpus/17-encodings/base32_ids.rb	(6,15)-(6,20):undefined method: Base32#chars	residual	-	unclassified	alphabet = chars
corpus/17-encodings/base32_ids.rb	(19,4)-(19,7):undefined method: Base32#pad	residual	-	unclassified	pad(out)
corpus/17-encodings/base32_ids.rb	(26,4)-(26,13):undefined method: Base32#normalize	residual	-	unclassified	normalize(text).each_char do |c|
corpus/17-encodings/base32_ids.rb	(39,20)-(39,25):undefined method: Base32#chars	residual	-	unclassified	def value_of(c) = chars.index(c)
corpus/17-encodings/base32_ids.rb	(83,13)-(83,22):undefined method: nil#each_char	V9	-	lib-nilable-return	n = body.each_char.reduce(0) do |acc, ch|
corpus/17-encodings/base64_codec.rb	(49,27)-(49,28):wrong type of arguments	V11	-	empty-arg	buffer = (buffer << 6) | v
corpus/17-encodings/bloom_filter.rb	(40,40)-(40,41):undefined method: Numeric#/	V2	-	numeric-catchall-overload	positions(item).each { |p| @words[p / 32] |= 1 << (p % 32) }
corpus/17-encodings/bloom_filter.rb	(40,40)-(40,41):undefined method: Numeric#/	V2	-	numeric-catchall-overload	positions(item).each { |p| @words[p / 32] |= 1 << (p % 32) }
corpus/17-encodings/bloom_filter.rb	(45,41)-(45,42):undefined method: Numeric#/	V2	-	numeric-catchall-overload	positions(item).all? { |p| (@words[p / 32] >> (p % 32)) & 1 == 1 }
corpus/17-encodings/bloom_filter.rb	(50,32)-(50,35):wrong type of arguments	V1	-	interface-nominal	def expected_fp = (1.0 - Math.exp(-@hashes * @count / @size.to_f)) ** @hashes
corpus/14-errors/job_queue.rb	(50,34)-(50,40):undefined method: nil#run_at	V9	-	lib-nilable-return	due = @pending.select { |j| j.run_at <= @clock }
corpus/14-errors/job_queue.rb	(50,34)-(50,40):undefined method: Integer#run_at	V4	-	sig-vertex-sharing	due = @pending.select { |j| j.run_at <= @clock }
corpus/14-errors/job_queue.rb	(50,34)-(50,40):undefined method: String#run_at	V4	-	sig-vertex-sharing	due = @pending.select { |j| j.run_at <= @clock }
corpus/14-errors/job_queue.rb	(52,30)-(52,36):undefined method: nil#run_at	V9	-	lib-nilable-return	job = due.min_by { |j| [j.run_at, j.id] }
corpus/14-errors/job_queue.rb	(52,30)-(52,36):undefined method: Integer#run_at	V4	-	sig-vertex-sharing	job = due.min_by { |j| [j.run_at, j.id] }
corpus/14-errors/job_queue.rb	(52,30)-(52,36):undefined method: String#run_at	V4	-	sig-vertex-sharing	job = due.min_by { |j| [j.run_at, j.id] }
corpus/14-errors/job_queue.rb	(52,40)-(52,42):undefined method: nil#id	V9	-	lib-nilable-return	job = due.min_by { |j| [j.run_at, j.id] }
corpus/14-errors/job_queue.rb	(52,40)-(52,42):undefined method: Integer#id	V4	-	sig-vertex-sharing	job = due.min_by { |j| [j.run_at, j.id] }
corpus/14-errors/job_queue.rb	(52,40)-(52,42):undefined method: String#id	V4	-	sig-vertex-sharing	job = due.min_by { |j| [j.run_at, j.id] }
corpus/14-errors/job_queue.rb	(60,16)-(60,23):undefined method: nil#payload	V7	-	nil?-no-narrow	payload = job.payload
corpus/14-errors/job_queue.rb	(60,16)-(60,23):undefined method: Integer#payload	V4	-	sig-vertex-sharing	payload = job.payload
corpus/14-errors/job_queue.rb	(60,16)-(60,23):undefined method: String#payload	V4	-	sig-vertex-sharing	payload = job.payload
corpus/14-errors/job_queue.rb	(61,16)-(61,24):undefined method: nil#attempts	V7	-	nil?-no-narrow	attempt = job.attempts
corpus/14-errors/job_queue.rb	(61,16)-(61,24):undefined method: Integer#attempts	V4	-	sig-vertex-sharing	attempt = job.attempts
corpus/14-errors/job_queue.rb	(61,16)-(61,24):undefined method: String#attempts	V4	-	sig-vertex-sharing	attempt = job.attempts
corpus/14-errors/job_queue.rb	(62,11)-(62,15):undefined method: nil#kind	V7	-	nil?-no-narrow	case job.kind
corpus/14-errors/job_queue.rb	(62,11)-(62,15):undefined method: Integer#kind	V4	-	sig-vertex-sharing	case job.kind
corpus/14-errors/job_queue.rb	(62,11)-(62,15):undefined method: String#kind	V4	-	sig-vertex-sharing	case job.kind
corpus/14-errors/job_queue.rb	(64,72)-(64,80):undefined method: nil#include?	residual	-	nested-destructure-param	raise PermanentFailure.new("bad address", "invalid") unless payload.include?("@")
corpus/14-errors/job_queue.rb	(69,60)-(69,61):undefined method: nil#>	V9	-	lib-nilable-return	raise TemporaryFailure.new("no worker free", 1) if size > 1000 && attempt < 3
corpus/14-errors/job_queue.rb	(70,23)-(70,24):undefined method: nil#/	V9	-	lib-nilable-return	"resized to #{size / 2}"
corpus/14-errors/job_queue.rb	(87,8)-(87,16):undefined method: nil#attempts=	V7	-	nil?-no-narrow	job.attempts += 1
corpus/14-errors/job_queue.rb	(87,8)-(87,16):undefined method: Integer#attempts=	V4	-	sig-vertex-sharing	job.attempts += 1
corpus/14-errors/job_queue.rb	(87,8)-(87,16):undefined method: String#attempts=	V4	-	sig-vertex-sharing	job.attempts += 1
corpus/14-errors/job_queue.rb	(87,8)-(87,16):undefined method: nil#attempts	V7	-	nil?-no-narrow	job.attempts += 1
corpus/14-errors/job_queue.rb	(87,8)-(87,16):undefined method: Integer#attempts	V4	-	sig-vertex-sharing	job.attempts += 1
corpus/14-errors/job_queue.rb	(87,8)-(87,16):undefined method: String#attempts	V4	-	sig-vertex-sharing	job.attempts += 1
corpus/14-errors/job_queue.rb	(92,27)-(92,35):undefined method: nil#describe	V7	-	nil?-no-narrow	puts "t=#{now} #{job.describe} ok: #{result}"
corpus/14-errors/job_queue.rb	(92,27)-(92,35):undefined method: Integer#describe	V4	-	sig-vertex-sharing	puts "t=#{now} #{job.describe} ok: #{result}"
corpus/14-errors/job_queue.rb	(92,27)-(92,35):undefined method: String#describe	V4	-	sig-vertex-sharing	puts "t=#{now} #{job.describe} ok: #{result}"
corpus/14-errors/job_queue.rb	(94,10)-(94,16):undefined method: nil#errors	V7	-	nil?-no-narrow	job.errors << e.message
corpus/14-errors/job_queue.rb	(94,10)-(94,16):undefined method: Integer#errors	V4	-	sig-vertex-sharing	job.errors << e.message
corpus/14-errors/job_queue.rb	(94,10)-(94,16):undefined method: String#errors	V4	-	sig-vertex-sharing	job.errors << e.message
corpus/14-errors/job_queue.rb	(95,13)-(95,21):undefined method: nil#attempts	V7	-	nil?-no-narrow	if job.attempts >= MAX_ATTEMPTS
corpus/14-errors/job_queue.rb	(95,13)-(95,21):undefined method: Integer#attempts	V4	-	sig-vertex-sharing	if job.attempts >= MAX_ATTEMPTS
corpus/14-errors/job_queue.rb	(95,13)-(95,21):undefined method: String#attempts	V4	-	sig-vertex-sharing	if job.attempts >= MAX_ATTEMPTS
corpus/14-errors/job_queue.rb	(97,29)-(97,37):undefined method: nil#describe	V7	-	nil?-no-narrow	puts "t=#{now} #{job.describe} dead after #{job.attempts} attempts"
corpus/14-errors/job_queue.rb	(97,29)-(97,37):undefined method: Integer#describe	V4	-	sig-vertex-sharing	puts "t=#{now} #{job.describe} dead after #{job.attempts} attempts"
corpus/14-errors/job_queue.rb	(97,29)-(97,37):undefined method: String#describe	V4	-	sig-vertex-sharing	puts "t=#{now} #{job.describe} dead after #{job.attempts} attempts"
corpus/14-errors/job_queue.rb	(97,56)-(97,64):undefined method: nil#attempts	V7	-	nil?-no-narrow	puts "t=#{now} #{job.describe} dead after #{job.attempts} attempts"
corpus/14-errors/job_queue.rb	(97,56)-(97,64):undefined method: Integer#attempts	V4	-	sig-vertex-sharing	puts "t=#{now} #{job.describe} dead after #{job.attempts} attempts"
corpus/14-errors/job_queue.rb	(97,56)-(97,64):undefined method: String#attempts	V4	-	sig-vertex-sharing	puts "t=#{now} #{job.describe} dead after #{job.attempts} attempts"
corpus/14-errors/job_queue.rb	(99,12)-(99,18):undefined method: nil#run_at=	V7	-	nil?-no-narrow	job.run_at = now + e.retry_after
corpus/14-errors/job_queue.rb	(99,12)-(99,18):undefined method: Integer#run_at=	V4	-	sig-vertex-sharing	job.run_at = now + e.retry_after
corpus/14-errors/job_queue.rb	(99,12)-(99,18):undefined method: String#run_at=	V4	-	sig-vertex-sharing	job.run_at = now + e.retry_after
corpus/14-errors/job_queue.rb	(101,29)-(101,37):undefined method: nil#describe	V7	-	nil?-no-narrow	puts "t=#{now} #{job.describe} retry at t=#{job.run_at}: #{e.message}"
corpus/14-errors/job_queue.rb	(101,29)-(101,37):undefined method: Integer#describe	V4	-	sig-vertex-sharing	puts "t=#{now} #{job.describe} retry at t=#{job.run_at}: #{e.message}"
corpus/14-errors/job_queue.rb	(101,29)-(101,37):undefined method: String#describe	V4	-	sig-vertex-sharing	puts "t=#{now} #{job.describe} retry at t=#{job.run_at}: #{e.message}"
corpus/14-errors/job_queue.rb	(101,56)-(101,62):undefined method: nil#run_at	V7	-	nil?-no-narrow	puts "t=#{now} #{job.describe} retry at t=#{job.run_at}: #{e.message}"
corpus/14-errors/job_queue.rb	(101,56)-(101,62):undefined method: Integer#run_at	V4	-	sig-vertex-sharing	puts "t=#{now} #{job.describe} retry at t=#{job.run_at}: #{e.message}"
corpus/14-errors/job_queue.rb	(101,56)-(101,62):undefined method: String#run_at	V4	-	sig-vertex-sharing	puts "t=#{now} #{job.describe} retry at t=#{job.run_at}: #{e.message}"
corpus/14-errors/job_queue.rb	(104,10)-(104,16):undefined method: nil#errors	V7	-	nil?-no-narrow	job.errors << "#{e.reason}: #{e.message}"
corpus/14-errors/job_queue.rb	(104,10)-(104,16):undefined method: Integer#errors	V4	-	sig-vertex-sharing	job.errors << "#{e.reason}: #{e.message}"
corpus/14-errors/job_queue.rb	(104,10)-(104,16):undefined method: String#errors	V4	-	sig-vertex-sharing	job.errors << "#{e.reason}: #{e.message}"
corpus/14-errors/job_queue.rb	(106,27)-(106,35):undefined method: nil#describe	V7	-	nil?-no-narrow	puts "t=#{now} #{job.describe} failed permanently: #{e.message}"
corpus/14-errors/job_queue.rb	(106,27)-(106,35):undefined method: Integer#describe	V4	-	sig-vertex-sharing	puts "t=#{now} #{job.describe} failed permanently: #{e.message}"
corpus/14-errors/job_queue.rb	(106,27)-(106,35):undefined method: String#describe	V4	-	sig-vertex-sharing	puts "t=#{now} #{job.describe} failed permanently: #{e.message}"
corpus/14-errors/job_queue.rb	(122,14)-(122,22):undefined method: nil#describe	V7	-	nil?-no-narrow	puts "  #{j.describe} attempts=#{j.attempts} last=#{j.errors.last}"
corpus/14-errors/job_queue.rb	(122,14)-(122,22):undefined method: Integer#describe	V4	-	sig-vertex-sharing	puts "  #{j.describe} attempts=#{j.attempts} last=#{j.errors.last}"
corpus/14-errors/job_queue.rb	(122,14)-(122,22):undefined method: String#describe	V4	-	sig-vertex-sharing	puts "  #{j.describe} attempts=#{j.attempts} last=#{j.errors.last}"
corpus/14-errors/job_queue.rb	(122,37)-(122,45):undefined method: nil#attempts	V7	-	nil?-no-narrow	puts "  #{j.describe} attempts=#{j.attempts} last=#{j.errors.last}"
corpus/14-errors/job_queue.rb	(122,37)-(122,45):undefined method: Integer#attempts	V4	-	sig-vertex-sharing	puts "  #{j.describe} attempts=#{j.attempts} last=#{j.errors.last}"
corpus/14-errors/job_queue.rb	(122,37)-(122,45):undefined method: String#attempts	V4	-	sig-vertex-sharing	puts "  #{j.describe} attempts=#{j.attempts} last=#{j.errors.last}"
corpus/14-errors/job_queue.rb	(122,56)-(122,62):undefined method: nil#errors	V7	-	nil?-no-narrow	puts "  #{j.describe} attempts=#{j.attempts} last=#{j.errors.last}"
corpus/14-errors/job_queue.rb	(122,56)-(122,62):undefined method: Integer#errors	V4	-	sig-vertex-sharing	puts "  #{j.describe} attempts=#{j.attempts} last=#{j.errors.last}"
corpus/14-errors/job_queue.rb	(122,56)-(122,62):undefined method: String#errors	V4	-	sig-vertex-sharing	puts "  #{j.describe} attempts=#{j.attempts} last=#{j.errors.last}"
corpus/14-errors/ledger_reconcile.rb	(53,15)-(53,16):undefined method: nil#<	V7	-	nil?-no-narrow	sign = cents < 0 ? "-" : ""
corpus/14-errors/ledger_reconcile.rb	(54,12)-(54,15):undefined method: nil#abs	V7	-	nil?-no-narrow	a = cents.abs
corpus/14-errors/ledger_reconcile.rb	(66,19)-(66,20):undefined method: nil#-	V7	-	nil?-no-narrow	diff = b.cents - l.cents
corpus/14-errors/log_triage.rb	(53,15)-(53,19):undefined method: nil#scan	V9	-	lib-nilable-return	attrs = m[4].scan(/(\w+)=(\S+)/).to_h
corpus/14-errors/log_triage.rb	(54,14)-(54,18):undefined method: nil#gsub	V9	-	lib-nilable-return	text = m[4].gsub(/\w+=\S+/, "").strip
corpus/14-errors/log_triage.rb	(55,17)-(55,22):undefined method: nil#split	V9	-	lib-nilable-return	Entry.new(m[1].split("T")[1], level, m[3], text, attrs)
corpus/14-errors/log_triage.rb	(71,55)-(71,57):undefined method: nil#>=	V9	-	lib-nilable-return	serious = entries.select { |e| LEVELS.index(e.level) >= 3 }
corpus/14-errors/log_triage.rb	(79,73)-(79,78):undefined method: nil#level	V9	-	lib-nilable-return	puts format("  %-7s %d  worst=%-5s codes=%s", comp, list.size, worst.level, codes.empty? ? "-" : codes.join(","))
corpus/14-errors/matrix_checks.rb	(42,74)-(42,75):undefined method: nil#+	V1	-	interface-nominal	Matrix.new(@rows.zip(other.rows).map { |r, s| r.zip(s).map { |x, y| x + y } })
corpus/14-errors/matrix_checks.rb	(47,74)-(47,75):undefined method: nil#-	V1	-	interface-nominal	Matrix.new(@rows.zip(other.rows).map { |r, s| r.zip(s).map { |x, y| x - y } })
corpus/14-errors/matrix_checks.rb	(56,39)-(56,40):undefined method: nil#*	V9	-	lib-nilable-return	(0...k).sum { |t| self[[i, t]] * other[[t, j]] }
corpus/14-errors/matrix_checks.rb	(70,32)-(70,33):undefined method: nil#-	V9	-	lib-nilable-return	self[[0, 0]] * self[[1, 1]] - self[[0, 1]] * self[[1, 0]]
corpus/14-errors/matrix_checks.rb	(70,17)-(70,18):undefined method: nil#*	V9	-	lib-nilable-return	self[[0, 0]] * self[[1, 1]] - self[[0, 1]] * self[[1, 0]]
corpus/14-errors/matrix_checks.rb	(70,47)-(70,48):undefined method: nil#*	V9	-	lib-nilable-return	self[[0, 0]] * self[[1, 1]] - self[[0, 1]] * self[[1, 0]]
corpus/14-errors/matrix_checks.rb	(78,30)-(78,31):undefined method: nil#*	V9	-	lib-nilable-return	Matrix.new([[self[[1, 1]] * r, -self[[0, 1]] * r], [-self[[1, 0]] * r, self[[0, 0]] * r]])
corpus/14-errors/matrix_checks.rb	(78,35)-(78,36):undefined method: nil#-@	V9	-	lib-nilable-return	Matrix.new([[self[[1, 1]] * r, -self[[0, 1]] * r], [-self[[1, 0]] * r, self[[0, 0]] * r]])
corpus/14-errors/matrix_checks.rb	(78,56)-(78,57):undefined method: nil#-@	V9	-	lib-nilable-return	Matrix.new([[self[[1, 1]] * r, -self[[0, 1]] * r], [-self[[1, 0]] * r, self[[0, 0]] * r]])
corpus/14-errors/matrix_checks.rb	(78,88)-(78,89):undefined method: nil#*	V9	-	lib-nilable-return	Matrix.new([[self[[1, 1]] * r, -self[[0, 1]] * r], [-self[[1, 0]] * r, self[[0, 0]] * r]])
corpus/14-errors/matrix_checks.rb	(119,8)-(119,10):failed to resolve overloads	V11	-	empty-arg	total += (x * y).rows.sum(&:sum)
corpus/13-polymorphism/duration_timesheet.rb	(39,37)-(39,38):failed to resolve overloads	V1	-	interface-nominal	def *(k) = Duration.new((@secs * k * 1.0).round)
corpus/13-polymorphism/duration_timesheet.rb	(43,27)-(43,28):undefined method: Array[untyped]#/	V3	case-in-no-narrow	masgn-from-Array	in Duration then @secs / (b.secs * 1.0)
corpus/13-polymorphism/duration_timesheet.rb	(43,27)-(43,28):undefined method: Array[untyped]#/	V3	case-in-no-narrow	masgn-from-Array	in Duration then @secs / (b.secs * 1.0)
corpus/13-polymorphism/duration_timesheet.rb	(43,27)-(43,28):undefined method: Array[untyped]#/	V3	case-in-no-narrow	masgn-from-Array	in Duration then @secs / (b.secs * 1.0)
corpus/13-polymorphism/duration_timesheet.rb	(43,37)-(43,38):failed to resolve overloads	V1	case-in-no-narrow	interface-nominal	in Duration then @secs / (b.secs * 1.0)
corpus/13-polymorphism/duration_timesheet.rb	(43,37)-(43,38):failed to resolve overloads	V1	case-in-no-narrow	interface-nominal	in Duration then @secs / (b.secs * 1.0)
corpus/13-polymorphism/duration_timesheet.rb	(43,37)-(43,38):failed to resolve overloads	V1	case-in-no-narrow	interface-nominal	in Duration then @secs / (b.secs * 1.0)
corpus/13-polymorphism/duration_timesheet.rb	(43,32)-(43,36):undefined method: Integer#secs	residual	case-in-no-narrow	case-in-no-narrow	in Duration then @secs / (b.secs * 1.0)
corpus/13-polymorphism/duration_timesheet.rb	(44,39)-(44,40):undefined method: Array[untyped]#/	V3	case-in-no-narrow	masgn-from-Array	in Integer then Duration.new(@secs / b)
corpus/13-polymorphism/duration_timesheet.rb	(44,39)-(44,40):undefined method: Array[untyped]#/	V3	case-in-no-narrow	masgn-from-Array	in Integer then Duration.new(@secs / b)
corpus/13-polymorphism/duration_timesheet.rb	(44,39)-(44,40):undefined method: Array[untyped]#/	V3	case-in-no-narrow	masgn-from-Array	in Integer then Duration.new(@secs / b)
corpus/13-polymorphism/duration_timesheet.rb	(49,20)-(49,21):undefined method: Array[untyped]#/	V3	-	masgn-from-Array	def hours = @secs / 3600.0
corpus/13-polymorphism/duration_timesheet.rb	(49,20)-(49,21):undefined method: Array[untyped]#/	V3	-	masgn-from-Array	def hours = @secs / 3600.0
corpus/13-polymorphism/duration_timesheet.rb	(49,20)-(49,21):undefined method: Array[untyped]#/	V3	-	masgn-from-Array	def hours = @secs / 3600.0
corpus/13-polymorphism/duration_timesheet.rb	(52,17)-(52,18):undefined method: Array[untyped]#<	V3	-	masgn-from-Array	sign = @secs < 0 ? "-" : ""
corpus/13-polymorphism/duration_timesheet.rb	(52,17)-(52,18):undefined method: Array[untyped]#<	V3	-	masgn-from-Array	sign = @secs < 0 ? "-" : ""
corpus/13-polymorphism/duration_timesheet.rb	(52,17)-(52,18):undefined method: Array[untyped]#<	V3	-	masgn-from-Array	sign = @secs < 0 ? "-" : ""
corpus/13-polymorphism/duration_timesheet.rb	(53,14)-(53,17):undefined method: Array[untyped]#abs	V3	-	masgn-from-Array	s = @secs.abs
corpus/13-polymorphism/duration_timesheet.rb	(53,14)-(53,17):undefined method: Array[untyped]#abs	V3	-	masgn-from-Array	s = @secs.abs
corpus/13-polymorphism/duration_timesheet.rb	(53,14)-(53,17):undefined method: Array[untyped]#abs	V3	-	masgn-from-Array	s = @secs.abs
corpus/13-polymorphism/duration_timesheet.rb	(76,21)-(76,22):wrong type of arguments	V3	-	masgn-from-Array	Clock.new(h * 60 + m)
corpus/13-polymorphism/duration_timesheet.rb	(79,45)-(79,46):undefined method: Array[untyped]#%	V3	-	masgn-from-Array	def +(d) = Clock.new((@mins + d.secs / 60) % 1440)
corpus/13-polymorphism/duration_timesheet.rb	(79,30)-(79,31):wrong type of arguments	V3	-	masgn-from-Array	def +(d) = Clock.new((@mins + d.secs / 60) % 1440)
corpus/13-polymorphism/duration_timesheet.rb	(79,39)-(79,40):undefined method: Array[untyped]#/	V3	-	masgn-from-Array	def +(d) = Clock.new((@mins + d.secs / 60) % 1440)
corpus/13-polymorphism/duration_timesheet.rb	(79,39)-(79,40):undefined method: Array[untyped]#/	V3	-	masgn-from-Array	def +(d) = Clock.new((@mins + d.secs / 60) % 1440)
corpus/13-polymorphism/duration_timesheet.rb	(79,39)-(79,40):undefined method: Array[untyped]#/	V3	-	masgn-from-Array	def +(d) = Clock.new((@mins + d.secs / 60) % 1440)
corpus/13-polymorphism/duration_timesheet.rb	(84,23)-(84,27):undefined method: Duration#mins	residual	case-in-no-narrow	case-in-no-narrow	diff = @mins - b.mins
corpus/13-polymorphism/duration_timesheet.rb	(85,27)-(85,28):undefined method: Array[untyped]#<	V3	-	masgn-from-Array	diff += 1440 if diff < 0
corpus/13-polymorphism/duration_timesheet.rb	(85,11)-(85,13):wrong type of arguments	V3	-	masgn-from-Array	diff += 1440 if diff < 0
corpus/13-polymorphism/duration_timesheet.rb	(87,53)-(87,54):undefined method: Array[untyped]#%	V3	case-in-no-narrow	masgn-from-Array	in Duration then Clock.new((@mins - b.secs / 60) % 1440)
corpus/13-polymorphism/duration_timesheet.rb	(87,38)-(87,39):wrong type of arguments	V3	case-in-no-narrow	masgn-from-Array	in Duration then Clock.new((@mins - b.secs / 60) % 1440)
corpus/13-polymorphism/duration_timesheet.rb	(87,47)-(87,48):undefined method: Array[untyped]#/	V3	case-in-no-narrow	masgn-from-Array	in Duration then Clock.new((@mins - b.secs / 60) % 1440)
corpus/13-polymorphism/duration_timesheet.rb	(87,47)-(87,48):undefined method: Array[untyped]#/	V3	case-in-no-narrow	masgn-from-Array	in Duration then Clock.new((@mins - b.secs / 60) % 1440)
corpus/13-polymorphism/duration_timesheet.rb	(87,47)-(87,48):undefined method: Array[untyped]#/	V3	case-in-no-narrow	masgn-from-Array	in Duration then Clock.new((@mins - b.secs / 60) % 1440)
corpus/13-polymorphism/duration_timesheet.rb	(87,42)-(87,46):undefined method: Clock#secs	residual	case-in-no-narrow	case-in-no-narrow	in Duration then Clock.new((@mins - b.secs / 60) % 1440)
corpus/13-polymorphism/duration_timesheet.rb	(92,39)-(92,40):undefined method: Array[untyped]#/	V3	-	masgn-from-Array	def to_s = format("%02d:%02d", @mins / 60, @mins % 60)
corpus/13-polymorphism/duration_timesheet.rb	(92,51)-(92,52):undefined method: Array[untyped]#%	V3	-	masgn-from-Array	def to_s = format("%02d:%02d", @mins / 60, @mins % 60)
corpus/13-polymorphism/duration_timesheet.rb	(140,28)-(140,29):undefined method: Array[untyped]#-@	V3	-	masgn-from-Array	by_project.sort_by { |p, d| -d.secs }.each do |project, d|
corpus/13-polymorphism/duration_timesheet.rb	(140,28)-(140,29):undefined method: Array[untyped]#-@	V3	-	masgn-from-Array	by_project.sort_by { |p, d| -d.secs }.each do |project, d|
corpus/13-polymorphism/duration_timesheet.rb	(140,28)-(140,29):undefined method: Array[untyped]#-@	V3	-	masgn-from-Array	by_project.sort_by { |p, d| -d.secs }.each do |project, d|
corpus/13-polymorphism/fraction_math.rb	(20,10)-(20,13):undefined method: Numeric#gcd	V11	-	empty-arg	g = n.gcd(d)
corpus/13-polymorphism/fraction_math.rb	(22,15)-(22,16):undefined method: Numeric#/	residual	-	unclassified	Frac.new(n / g, d / g)
corpus/13-polymorphism/fraction_math.rb	(22,22)-(22,23):undefined method: Numeric#/	residual	-	unclassified	Frac.new(n / g, d / g)
corpus/13-polymorphism/fraction_math.rb	(28,9)-(28,12):undefined method: nil#[]	V7	-	nil?-no-narrow	d = m[2]
corpus/13-polymorphism/fraction_math.rb	(29,8)-(29,11):undefined method: nil#[]	V7	-	nil?-no-narrow	of(m[1].to_i, d ? d.to_i : 1)
corpus/13-polymorphism/interval_arith.rb	(38,14)-(38,15):undefined method: Numeric#*	residual	-	unclassified	ps = [@lo * b.lo, @lo * b.hi, @hi * b.lo, @hi * b.hi]
corpus/13-polymorphism/interval_arith.rb	(38,26)-(38,27):undefined method: Numeric#*	residual	-	unclassified	ps = [@lo * b.lo, @lo * b.hi, @hi * b.lo, @hi * b.hi]
corpus/13-polymorphism/interval_arith.rb	(38,38)-(38,39):undefined method: Numeric#*	residual	-	unclassified	ps = [@lo * b.lo, @lo * b.hi, @hi * b.lo, @hi * b.hi]
corpus/13-polymorphism/interval_arith.rb	(38,50)-(38,51):undefined method: Numeric#*	residual	-	unclassified	ps = [@lo * b.lo, @lo * b.hi, @hi * b.lo, @hi * b.hi]
corpus/13-polymorphism/interval_arith.rb	(53,23)-(53,25):undefined method: Numeric#**	residual	-	unclassified	Interval.new(@lo ** n, @hi ** n)
corpus/13-polymorphism/interval_arith.rb	(53,33)-(53,35):undefined method: Numeric#**	residual	-	unclassified	Interval.new(@lo ** n, @hi ** n)
corpus/13-polymorphism/interval_arith.rb	(55,23)-(55,25):undefined method: Numeric#**	residual	-	unclassified	Interval.new(@hi ** n, @lo ** n)
corpus/13-polymorphism/interval_arith.rb	(55,33)-(55,35):undefined method: Numeric#**	residual	-	unclassified	Interval.new(@hi ** n, @lo ** n)
corpus/13-polymorphism/interval_arith.rb	(57,27)-(57,29):undefined method: Numeric#**	residual	-	unclassified	Interval.new(0, [@lo ** n, @hi ** n].max)
corpus/13-polymorphism/interval_arith.rb	(57,37)-(57,39):undefined method: Numeric#**	residual	-	unclassified	Interval.new(0, [@lo ** n, @hi ** n].max)
corpus/13-polymorphism/interval_arith.rb	(62,24)-(62,25):undefined method: Numeric#/	residual	-	unclassified	def mid = (@lo + @hi) / 2.0
corpus/13-polymorphism/interval_arith.rb	(97,22)-(97,31):undefined method: Numeric#contains?	residual	-	unclassified	return out unless y.contains?(0)
corpus/13-polymorphism/interval_arith.rb	(97,22)-(97,31):undefined method: Float#contains?	residual	-	unclassified	return out unless y.contains?(0)
corpus/13-polymorphism/interval_arith.rb	(118,2)-(118,6):wrong type of arguments	V1	-	interface-nominal	puts a / b
corpus/13-polymorphism/interval_arith.rb	(157,48)-(157,52):undefined method: nil#hull	residual	-	unclassified	hull = roots.reduce(roots[0]) { |acc, iv| acc.hull(iv) }
corpus/13-polymorphism/interval_arith.rb	(159,34)-(159,37):undefined method: nil#mid	residual	-	unclassified	puts format("root ~ %.5f", hull.mid)
corpus/13-polymorphism/life_grid.rb	(4,4)-(4,13):undefined method: CellSet#each_cell	residual	-	unclassified	each_cell { |r, c, alive| n += 1 if alive }
corpus/13-polymorphism/life_grid.rb	(11,4)-(11,13):undefined method: CellSet#each_cell	residual	-	unclassified	each_cell do |r, c, alive|
corpus/13-polymorphism/life_grid.rb	(32,61)-(32,64):failed to resolve overloads	V11	-	empty-arg	def self.blank(h, w) = Grid.new(h, w, Array.new(h) { Array.new(w, false) })
corpus/13-polymorphism/life_grid.rb	(45,18)-(45,26):failed to resolve overloads	V11	-	empty-arg	@cells[r % @h][c % @w]
corpus/13-polymorphism/life_grid.rb	(50,7)-(50,15):failed to resolve overloads	V11	-	empty-arg	row[c % @w] = v
corpus/13-polymorphism/life_grid.rb	(93,2)-(93,6):wrong type of arguments	V1	-	interface-nominal	puts g
corpus/13-polymorphism/life_grid.rb	(107,2)-(107,6):wrong type of arguments	V1	-	interface-nominal	puts g
corpus/03-numtheory/happy_cycles.rb	(8,6)-(8,8):failed to resolve overloads	V11	-	empty-arg	s += d**k
corpus/03-numtheory/happy_cycles.rb	(8,10)-(8,12):undefined method: Numeric#**	V2	-	numeric-catchall-overload	s += d**k
corpus/03-numtheory/integer_partitions.rb	(83,16)-(83,19):wrong type of arguments	V1	-	interface-nominal	approx = Math.exp(Math::PI * Math.sqrt(2.0 * n / 3)) / (4 * n * Math.sqrt(3))
corpus/03-numtheory/integer_partitions.rb	(83,36)-(83,40):wrong type of arguments	V1	-	interface-nominal	approx = Math.exp(Math::PI * Math.sqrt(2.0 * n / 3)) / (4 * n * Math.sqrt(3))
corpus/03-numtheory/integer_partitions.rb	(83,71)-(83,75):wrong type of arguments	V1	-	interface-nominal	approx = Math.exp(Math::PI * Math.sqrt(2.0 * n / 3)) / (4 * n * Math.sqrt(3))
corpus/03-numtheory/linear_diophantine.rb	(43,66)-(43,67):failed to resolve overloads	V11	-	empty-arg	raise NoSolution.new("#{g} does not divide #{c}", a, b, c) if c % g != 0
corpus/03-numtheory/linear_diophantine.rb	(44,8)-(44,9):failed to resolve overloads	V11	-	empty-arg	k = c / g
corpus/03-numtheory/linear_diophantine.rb	(45,32)-(45,33):failed to resolve overloads	V11	-	empty-arg	{ x0: x * k, y0: y * k, dx: b / g, dy: a / g }
corpus/03-numtheory/linear_diophantine.rb	(45,43)-(45,44):failed to resolve overloads	V11	-	empty-arg	{ x0: x * k, y0: y * k, dx: b / g, dy: a / g }
corpus/12-parsers/tiny_basic.rb	(106,10)-(106,12):undefined method: Numeric#*	V2	-	numeric-catchall-overload	v *= atom(t)
corpus/12-parsers/tiny_basic.rb	(110,10)-(110,12):undefined method: Numeric#/	V2	-	numeric-catchall-overload	v /= d
corpus/12-parsers/tiny_basic.rb	(128,27)-(128,33):undefined method: Array[String?]#match?	V9	-	lib-nilable-return	return tok.to_i if tok.match?(/\A\d+\z/)
corpus/12-parsers/tiny_basic.rb	(128,15)-(128,19):undefined method: Array[String?]#to_i	V9	-	lib-nilable-return	return tok.to_i if tok.match?(/\A\d+\z/)
corpus/12-parsers/tiny_basic.rb	(129,42)-(129,48):undefined method: Array[String?]#match?	V9	-	lib-nilable-return	error!("bad token #{tok}") unless tok.match?(/\A[A-Z]\z/)
corpus/12-parsers/tiny_basic.rb	(141,47)-(141,53):undefined method: Array[String?]#match?	V9	-	lib-nilable-return	error!("expected a variable") unless name&.match?(/\A[A-Z]\z/)
corpus/12-parsers/tiny_basic.rb	(155,15)-(155,26):undefined method: Array[String?]#start_with?	V9	-	lib-nilable-return	if tok.start_with?("\"")
corpus/12-parsers/tiny_basic.rb	(226,14)-(226,15):undefined method: nil#<	V9	-	lib-nilable-return	while @pc < @numbers.size
corpus/12-parsers/tiny_basic.rb	(231,10)-(231,12):undefined method: nil#+	V9	-	lib-nilable-return	@pc += 1
corpus/12-parsers/tiny_basic.rb	(232,29)-(232,33):undefined method: nil#scan	V9	-	lib-nilable-return	statement(Toks.new(src.scan(/"[^"]*"|\d+|[A-Za-z]+|<>|<=|>=|\S/)))
corpus/12-parsers/tokenizer.rb	(20,29)-(20,35):undefined method: nil#match?	V7	-	nil?-no-narrow	def digit?(c) = !c.nil? && c.match?(/\A[0-9]\z/)
corpus/12-parsers/tokenizer.rb	(21,35)-(21,41):undefined method: nil#match?	V7	-	nil?-no-narrow	def ident_start?(c) = !c.nil? && c.match?(/\A[A-Za-z_]\z/)
corpus/12-parsers/tokenizer.rb	(22,34)-(22,40):undefined method: nil#match?	V7	-	nil?-no-narrow	def ident_char?(c) = !c.nil? && c.match?(/\A[A-Za-z0-9_]\z/)
corpus/09-dp/sequence_alignment.rb	(42,67)-(42,68):undefined method: nil#+	V6	block-param-shadow	block-param-shadow	h = Array.new(n + 1) { |i| Array.new(m + 1) { |j| local ? 0 : (i + j) * gap } }
corpus/09-dp/sequence_alignment.rb	(48,14)-(48,21):failed to resolve overloads	V6	block-param-shadow	block-param-shadow	diag = h[i - 1][j - 1] + pair_score(sc, s[i - 1], t[j - 1])
corpus/09-dp/sequence_alignment.rb	(48,17)-(48,18):undefined method: nil#-	V6	block-param-shadow	block-param-shadow	diag = h[i - 1][j - 1] + pair_score(sc, s[i - 1], t[j - 1])
corpus/09-dp/sequence_alignment.rb	(48,24)-(48,25):undefined method: nil#-	V6	block-param-shadow	block-param-shadow	diag = h[i - 1][j - 1] + pair_score(sc, s[i - 1], t[j - 1])
corpus/09-dp/sequence_alignment.rb	(48,47)-(48,54):failed to resolve overloads	V6	block-param-shadow	block-param-shadow	diag = h[i - 1][j - 1] + pair_score(sc, s[i - 1], t[j - 1])
corpus/09-dp/sequence_alignment.rb	(48,50)-(48,51):undefined method: nil#-	V6	block-param-shadow	block-param-shadow	diag = h[i - 1][j - 1] + pair_score(sc, s[i - 1], t[j - 1])
corpus/09-dp/sequence_alignment.rb	(48,57)-(48,64):failed to resolve overloads	V6	block-param-shadow	block-param-shadow	diag = h[i - 1][j - 1] + pair_score(sc, s[i - 1], t[j - 1])
corpus/09-dp/sequence_alignment.rb	(48,60)-(48,61):undefined method: nil#-	V6	block-param-shadow	block-param-shadow	diag = h[i - 1][j - 1] + pair_score(sc, s[i - 1], t[j - 1])
corpus/09-dp/sequence_alignment.rb	(49,12)-(49,19):failed to resolve overloads	V6	block-param-shadow	block-param-shadow	up = h[i - 1][j] + gap
corpus/09-dp/sequence_alignment.rb	(49,15)-(49,16):undefined method: nil#-	V6	block-param-shadow	block-param-shadow	up = h[i - 1][j] + gap
corpus/09-dp/sequence_alignment.rb	(50,14)-(50,17):failed to resolve overloads	V6	block-param-shadow	block-param-shadow	left = h[i][j - 1] + gap
corpus/09-dp/sequence_alignment.rb	(50,20)-(50,21):undefined method: nil#-	V6	block-param-shadow	block-param-shadow	left = h[i][j - 1] + gap
corpus/09-dp/sequence_alignment.rb	(65,7)-(65,10):failed to resolve overloads	V6	block-param-shadow	block-param-shadow	h[i][j] = v
corpus/09-dp/sequence_alignment.rb	(66,10)-(66,13):failed to resolve overloads	V6	block-param-shadow	block-param-shadow	move[i][j] = dir
corpus/09-dp/sequence_alignment.rb	(76,22)-(76,23):undefined method: nil#-	V6	-	block-param-shadow	top.prepend(s[i - 1])
corpus/09-dp/sequence_alignment.rb	(77,25)-(77,26):undefined method: nil#-	V6	-	block-param-shadow	bottom.prepend(t[j - 1])
corpus/09-dp/sequence_alignment.rb	(78,8)-(78,10):undefined method: nil#-	V6	-	block-param-shadow	i -= 1
corpus/09-dp/sequence_alignment.rb	(79,8)-(79,10):undefined method: nil#-	V6	-	block-param-shadow	j -= 1
corpus/09-dp/stock_trading.rb	(21,17)-(21,24):failed to resolve overloads	V6	block-param-shadow	block-param-shadow	hold = profit[t - 1][0] - prices[0]
corpus/09-dp/stock_trading.rb	(21,20)-(21,21):undefined method: nil#-	V6	block-param-shadow	block-param-shadow	hold = profit[t - 1][0] - prices[0]
corpus/09-dp/stock_trading.rb	(23,12)-(23,15):failed to resolve overloads	V6	block-param-shadow	block-param-shadow	profit[t][d] = [profit[t][d - 1], prices[d] + hold].max
corpus/09-dp/stock_trading.rb	(23,28)-(23,31):failed to resolve overloads	V6	block-param-shadow	block-param-shadow	profit[t][d] = [profit[t][d - 1], prices[d] + hold].max
corpus/09-dp/stock_trading.rb	(23,34)-(23,35):undefined method: nil#-	V6	block-param-shadow	block-param-shadow	profit[t][d] = [profit[t][d - 1], prices[d] + hold].max
corpus/09-dp/stock_trading.rb	(23,50)-(23,51):failed to resolve overloads	V6	block-param-shadow	block-param-shadow	profit[t][d] = [profit[t][d - 1], prices[d] + hold].max
corpus/09-dp/stock_trading.rb	(24,26)-(24,33):failed to resolve overloads	V6	block-param-shadow	block-param-shadow	hold = [hold, profit[t - 1][d] - prices[d]].max
corpus/09-dp/stock_trading.rb	(24,29)-(24,30):undefined method: nil#-	V6	block-param-shadow	block-param-shadow	hold = [hold, profit[t - 1][d] - prices[d]].max
corpus/09-dp/stock_trading.rb	(30,19)-(30,20):undefined method: nil#>	V9	-	lib-nilable-return	while t > 0 && d > 0
corpus/09-dp/stock_trading.rb	(31,35)-(31,36):undefined method: nil#-	V9	-	lib-nilable-return	if profit[t][d] == profit[t][d - 1]
corpus/09-dp/stock_trading.rb	(32,8)-(32,10):undefined method: nil#-	V9	-	lib-nilable-return	d -= 1
corpus/09-dp/stock_trading.rb	(36,15)-(36,16):undefined method: nil#-	V9	-	lib-nilable-return	b = (0..(d - 1)).find { |b| profit[t - 1][b] - prices[b] + prices[d] == profit[t][d] }
corpus/09-dp/stock_trading.rb	(51,32)-(51,33):undefined method: nil#+	V7	-	nil?-no-narrow	sold = hold.nil? ? 0 : hold + p
corpus/09-dp/stock_trading.rb	(95,44)-(95,45):wrong type of arguments	V11	-	empty-arg	puts format("  %d %3d %s", k, profit, "#" * (profit / 2))
corpus/09-dp/subset_partition.rb	(5,16)-(5,19):undefined method: nil#sum	V6	-	block-param-shadow	total = items.sum
corpus/09-dp/subset_partition.rb	(6,20)-(6,23):failed to resolve overloads	V11	-	empty-arg	reachable = Array.new(total + 1, false)
corpus/09-dp/subset_partition.rb	(7,14)-(7,17):failed to resolve overloads	V11	-	empty-arg	via = Array.new(total + 1)
corpus/09-dp/subset_partition.rb	(9,8)-(9,23):undefined method: nil#each_with_index	V6	-	block-param-shadow	items.each_with_index do |w, idx|
corpus/09-dp/subset_partition.rb	(11,19)-(11,22):failed to resolve overloads	V11	-	empty-arg	if !reachable[s] && reachable[s - w]
corpus/09-dp/subset_partition.rb	(11,35)-(11,42):failed to resolve overloads	V11	-	empty-arg	if !reachable[s] && reachable[s - w]
corpus/09-dp/subset_partition.rb	(12,17)-(12,20):failed to resolve overloads	V11	-	empty-arg	reachable[s] = true
corpus/09-dp/subset_partition.rb	(13,11)-(13,14):failed to resolve overloads	V11	-	empty-arg	via[s] = idx
corpus/09-dp/subset_partition.rb	(24,13)-(24,16):failed to resolve overloads	V11	-	empty-arg	idx = via[s]
corpus/09-dp/subset_partition.rb	(26,14)-(26,19):undefined method: nil#[]	V6	-	block-param-shadow	s -= items[idx]
corpus/09-dp/subset_partition.rb	(32,16)-(32,19):undefined method: nil#sum	V6	-	block-param-shadow	total = items.sum
corpus/09-dp/subset_partition.rb	(35,29)-(35,37):failed to resolve overloads	V11	-	empty-arg	target -= 1 until reachable[target]
corpus/09-dp/subset_partition.rb	(37,22)-(37,26):undefined method: nil#size	V6	-	block-param-shadow	side_b = (0...items.size).reject { |i| side_a.include?(i) }
corpus/09-dp/subset_partition.rb	(38,33)-(38,36):undefined method: nil#[]	V6	-	block-param-shadow	a_vals = side_a.map { |i| items[i] }
corpus/09-dp/subset_partition.rb	(39,33)-(39,36):undefined method: nil#[]	V6	-	block-param-shadow	b_vals = side_b.map { |i| items[i] }
corpus/09-dp/subset_partition.rb	(40,19)-(40,20):failed to resolve overloads	V11	-	empty-arg	diff = total - 2 * target
corpus/09-dp/viterbi.rb	(73,27)-(73,28):failed to resolve overloads	V11	-	empty-arg	share = total > 0 ? prob / total * 100 : 0.0
corpus/09-dp/viterbi.rb	(75,52)-(75,55):undefined method: nil#[]	V9	-	lib-nilable-return	puts format("  best: %s  p=%.6f", path.map { |s| s[0] }.join, prob)
corpus/09-dp/word_break.rb	(14,12)-(14,13):failed to resolve overloads	V11	-	empty-arg	lo = [i - longest, 0].max
corpus/09-dp/word_break.rb	(47,6)-(47,10):failed to resolve overloads	V6	block-param-shadow	block-param-shadow	0.upto(i - 1) do |j|
corpus/09-dp/word_break.rb	(47,13)-(47,14):undefined method: nil#-	V6	block-param-shadow	block-param-shadow	0.upto(i - 1) do |j|
corpus/09-dp/word_break.rb	(48,17)-(48,20):failed to resolve overloads	V6	block-param-shadow	block-param-shadow	prev = best[j]
corpus/09-dp/word_break.rb	(51,16)-(51,19):failed to resolve overloads	V6	block-param-shadow	block-param-shadow	cur = best[i]
corpus/09-dp/word_break.rb	(53,12)-(53,15):failed to resolve overloads	V6	block-param-shadow	block-param-shadow	best[i] = prev + 1
corpus/09-dp/word_break.rb	(54,11)-(54,14):failed to resolve overloads	V6	block-param-shadow	block-param-shadow	cut[i] = j
corpus/09-dp/word_break.rb	(85,13)-(85,14):wrong type of arguments	V1	-	interface-nominal	extra = dict | Set["love", "s"]
corpus/13-polymorphism/physical_quantities.rb	(42,16)-(42,20):undefined method: Array[String]#to_f	V3	-	masgn-from-Array	value = num.to_f
corpus/13-polymorphism/physical_quantities.rb	(96,12)-(96,16):undefined method: Float#dims	residual	case-in-no-narrow	case-in-no-narrow	d = b.dims
corpus/13-polymorphism/physical_quantities.rb	(97,25)-(97,30):undefined method: Float#value	residual	case-in-no-narrow	case-in-no-narrow	Qty.new(@value * b.value, [@dims[0] + d[0], @dims[1] + d[1], @dims[2] + d[2]])
corpus/13-polymorphism/polynomial.rb	(29,40)-(29,41):undefined method: nil#+	V9	-	lib-nilable-return	Poly.make((0...n).map { |i| coef(i) + b.coef(i) })
corpus/13-polymorphism/polynomial.rb	(35,40)-(35,41):undefined method: nil#-	V9	-	lib-nilable-return	Poly.make((0...n).map { |i| coef(i) - b.coef(i) })
corpus/13-polymorphism/polynomial.rb	(43,52)-(43,53):undefined method: nil#*	V9	-	lib-nilable-return	bc.each_with_index { |cb, j| out[i + j] += ca * cb }
corpus/13-polymorphism/polynomial.rb	(60,22)-(60,23):undefined method: nil#/	V9	-	lib-nilable-return	factor = r.lead / Rational(b.lead, 1)
corpus/13-polymorphism/polynomial.rb	(70,65)-(70,66):undefined method: nil#+	V9	-	lib-nilable-return	def evaluate(x) = @coeffs.reverse.reduce(0) { |acc, c| acc * x + c }
corpus/13-polymorphism/polynomial.rb	(72,69)-(72,70):undefined method: nil#*	V9	-	lib-nilable-return	def derivative = Poly.make((1...@coeffs.size).map { |i| @coeffs[i] * i })
corpus/13-polymorphism/polynomial.rb	(76,23)-(76,34):undefined method: nil#denominator	V9	case-in-no-narrow	lib-nilable-return	in Rational then c.denominator == 1 ? c.numerator.to_s : "(#{c})"
corpus/13-polymorphism/polynomial.rb	(76,44)-(76,53):undefined method: nil#numerator	V9	case-in-no-narrow	lib-nilable-return	in Rational then c.denominator == 1 ? c.numerator.to_s : "(#{c})"
corpus/13-polymorphism/polynomial.rb	(87,14)-(87,15):undefined method: nil#<	V9	-	lib-nilable-return	neg = c < 0
corpus/13-polymorphism/polynomial.rb	(88,18)-(88,19):undefined method: nil#-@	V9	-	lib-nilable-return	mag = neg ? -c : c
corpus/13-polymorphism/quaternion_rotation.rb	(11,25)-(11,26):failed to resolve overloads	V11	-	empty-arg	def +(b) = Vec3.new(@x + b.x, @y + b.y, @z + b.z)
corpus/13-polymorphism/quaternion_rotation.rb	(11,35)-(11,36):failed to resolve overloads	V11	-	empty-arg	def +(b) = Vec3.new(@x + b.x, @y + b.y, @z + b.z)
corpus/13-polymorphism/quaternion_rotation.rb	(11,45)-(11,46):failed to resolve overloads	V11	-	empty-arg	def +(b) = Vec3.new(@x + b.x, @y + b.y, @z + b.z)
corpus/13-polymorphism/quaternion_rotation.rb	(20,20)-(20,24):wrong type of arguments	V1	-	interface-nominal	def length = Math.sqrt(dot(self))
corpus/13-polymorphism/quaternion_rotation.rb	(38,13)-(38,16):wrong type of arguments	V1	-	interface-nominal	s = Math.sin(angle / 2.0) / n
corpus/13-polymorphism/quaternion_rotation.rb	(39,18)-(39,21):wrong type of arguments	V1	-	interface-nominal	Quat.new(Math.cos(angle / 2.0), axis.x * s, axis.y * s, axis.z * s)
corpus/13-polymorphism/quaternion_rotation.rb	(48,13)-(48,14):undefined method: Float#w	residual	case-in-no-narrow	case-in-no-narrow	bw = b.w
corpus/13-polymorphism/quaternion_rotation.rb	(48,13)-(48,14):undefined method: Integer#w	residual	case-in-no-narrow	case-in-no-narrow	bw = b.w
corpus/13-polymorphism/quaternion_rotation.rb	(49,13)-(49,14):undefined method: Float#x	residual	case-in-no-narrow	case-in-no-narrow	bx = b.x
corpus/13-polymorphism/quaternion_rotation.rb	(49,13)-(49,14):undefined method: Integer#x	residual	case-in-no-narrow	case-in-no-narrow	bx = b.x
corpus/13-polymorphism/quaternion_rotation.rb	(50,13)-(50,14):undefined method: Float#y	residual	case-in-no-narrow	case-in-no-narrow	by = b.y
corpus/13-polymorphism/quaternion_rotation.rb	(50,13)-(50,14):undefined method: Integer#y	residual	case-in-no-narrow	case-in-no-narrow	by = b.y
corpus/13-polymorphism/quaternion_rotation.rb	(51,13)-(51,14):undefined method: Float#z	residual	case-in-no-narrow	case-in-no-narrow	bz = b.z
corpus/13-polymorphism/quaternion_rotation.rb	(51,13)-(51,14):undefined method: Integer#z	residual	case-in-no-narrow	case-in-no-narrow	bz = b.z
corpus/13-polymorphism/quaternion_rotation.rb	(63,18)-(63,22):wrong type of arguments	V1	-	interface-nominal	def norm = Math.sqrt(dot(self))
corpus/13-polymorphism/quaternion_rotation.rb	(72,23)-(72,28):wrong type of arguments	V1	-	interface-nominal	def angle = 2 * Math.atan2(vector.length, @w)
corpus/13-polymorphism/quaternion_rotation.rb	(81,17)-(81,21):wrong type of arguments	V1	-	interface-nominal	theta = Math.acos(d)
corpus/13-polymorphism/quaternion_rotation.rb	(82,14)-(82,17):wrong type of arguments	V1	-	interface-nominal	sa = Math.sin((1 - t) * theta) / Math.sin(theta)
corpus/13-polymorphism/quaternion_rotation.rb	(82,42)-(82,45):wrong type of arguments	V1	-	interface-nominal	sa = Math.sin((1 - t) * theta) / Math.sin(theta)
corpus/13-polymorphism/quaternion_rotation.rb	(83,14)-(83,17):wrong type of arguments	V1	-	interface-nominal	sb = Math.sin(t * theta) / Math.sin(theta)
corpus/13-polymorphism/quaternion_rotation.rb	(83,36)-(83,39):wrong type of arguments	V1	-	interface-nominal	sb = Math.sin(t * theta) / Math.sin(theta)
corpus/13-polymorphism/shapes_area.rb	(49,9)-(49,13):wrong type of arguments	V1	-	interface-nominal	Math.sqrt(s * (s - @a) * (s - @b) * (s - @c))
corpus/13-polymorphism/shapes_area.rb	(64,48)-(64,51):wrong type of arguments	V1	-	interface-nominal	def area = @sides * @len * @len / (4.0 * Math.tan(Math::PI / @sides))
corpus/13-polymorphism/sparse_vector.rb	(48,18)-(48,22):wrong type of arguments	V1	-	interface-nominal	def norm = Math.sqrt(dot(self))
corpus/03-numtheory/quadratic_residues.rb	(15,14)-(15,17):undefined method: Numeric#pow	V2	-	numeric-catchall-overload	r = (a % p).pow((p - 1) / 2, p)
corpus/03-numtheory/quadratic_residues.rb	(24,12)-(24,17):undefined method: Numeric#even?	V2	-	numeric-catchall-overload	while a.even?
corpus/03-numtheory/quadratic_residues.rb	(25,8)-(25,10):undefined method: Numeric#/	V2	-	numeric-catchall-overload	a /= 2
corpus/03-numtheory/quadratic_residues.rb	(39,11)-(39,14):undefined method: Numeric#pow	V2	-	numeric-catchall-overload	return a.pow((p + 1) / 4, p) if p % 4 == 3
corpus/03-numtheory/quadratic_residues.rb	(50,8)-(50,11):undefined method: Numeric#pow	V2	-	numeric-catchall-overload	t = a.pow(q, p)
corpus/03-numtheory/quadratic_residues.rb	(51,8)-(51,11):undefined method: Numeric#pow	V2	-	numeric-catchall-overload	r = a.pow((q + 1) / 2, p)
corpus/03-numtheory/quadratic_residues.rb	(56,14)-(56,15):undefined method: Numeric#*	V2	-	numeric-catchall-overload	t2 = t2 * t2 % p
corpus/03-numtheory/quadratic_residues.rb	(59,10)-(59,13):failed to resolve overloads	residual	-	unclassified	b = c.pow(2**(m - i - 1), p)
corpus/03-numtheory/quadratic_residues.rb	(62,10)-(62,11):failed to resolve overloads	V11	-	empty-arg	t = t * c % p
corpus/03-numtheory/quadratic_residues.rb	(63,10)-(63,11):failed to resolve overloads	V11	-	empty-arg	r = r * b % p
corpus/03-numtheory/quadratic_residues.rb	(74,25)-(74,26):undefined method: Numeric#*	V2	-	numeric-catchall-overload	c = Integer.sqrt(p - b * b)
corpus/03-numtheory/quadratic_residues.rb	(113,64)-(113,65):undefined method: Numeric#*	V2	-	numeric-catchall-overload	puts "  sqrt(#{a}) mod #{pr} = #{lo}, #{pr - lo}  (check #{lo * lo % pr})"
corpus/03-numtheory/repeating_decimals.rb	(11,8)-(11,10):undefined method: Numeric#*	V2	-	numeric-catchall-overload	rem *= 10
corpus/03-numtheory/repeating_decimals.rb	(26,28)-(26,34):undefined method: nil#empty?	V9	-	lib-nilable-return	return int.to_s if prefix.empty? && cycle.empty?
corpus/03-numtheory/repeating_decimals.rb	(26,44)-(26,50):undefined method: nil#empty?	V9	-	lib-nilable-return	return int.to_s if prefix.empty? && cycle.empty?
corpus/03-numtheory/repeating_decimals.rb	(27,37)-(27,43):undefined method: nil#empty?	V9	-	lib-nilable-return	return "#{int}.#{prefix}" if cycle.empty?
corpus/03-numtheory/repeating_decimals.rb	(36,10)-(36,11):undefined method: Numeric#*	V2	-	numeric-catchall-overload	x = x * base % n
corpus/03-numtheory/repeating_decimals.rb	(43,17)-(43,18):undefined method: nil#%	V9	-	lib-nilable-return	n /= 2 while n % 2 == 0
corpus/03-numtheory/repeating_decimals.rb	(43,4)-(43,6):undefined method: nil#/	V9	-	lib-nilable-return	n /= 2 while n % 2 == 0
corpus/03-numtheory/repeating_decimals.rb	(44,17)-(44,18):undefined method: nil#%	V9	-	lib-nilable-return	n /= 5 while n % 5 == 0
corpus/03-numtheory/repeating_decimals.rb	(44,4)-(44,6):undefined method: nil#/	V9	-	lib-nilable-return	n /= 5 while n % 5 == 0
corpus/03-numtheory/repeating_decimals.rb	(56,24)-(56,25):undefined method: nil#+	V9	-	lib-nilable-return	shown = shown[0...40] + "..." if shown.length > 40
corpus/03-numtheory/repeating_decimals.rb	(61,55)-(61,61):undefined method: nil#length	V9	-	lib-nilable-return	mismatches = (2..300).count { |d| expand(1, d)[:cycle].length != period(d) }
corpus/03-numtheory/repeating_decimals.rb	(85,15)-(85,21):undefined method: nil#length	V9	-	lib-nilable-return	half = cycle.length / 2
corpus/03-numtheory/repeating_decimals.rb	(86,11)-(86,21):undefined method: nil#[]	V9	-	lib-nilable-return	a = cycle[0...half].to_i
corpus/03-numtheory/repeating_decimals.rb	(87,11)-(87,19):undefined method: nil#[]	V9	-	lib-nilable-return	b = cycle[half..].to_i
corpus/03-numtheory/repeating_decimals.rb	(88,25)-(88,35):undefined method: nil#[]	V9	-	lib-nilable-return	puts "  1/#{p}: #{cycle[0...half]} + #{cycle[half..]} = #{a + b}"
corpus/03-numtheory/repeating_decimals.rb	(88,46)-(88,54):undefined method: nil#[]	V9	-	lib-nilable-return	puts "  1/#{p}: #{cycle[0...half]} + #{cycle[half..]} = #{a + b}"
corpus/03-numtheory/rsa_toy.rb	(27,18)-(27,21):undefined method: Numeric#pow	V2	-	numeric-catchall-overload	def sign(h) = h.pow(@d, @n)
corpus/03-numtheory/rsa_toy.rb	(44,11)-(44,12):undefined method: nil#-	V8	-	assign-in-cond-no-narrow	phi = (p - 1) * (q - 1)
corpus/03-numtheory/rsa_toy.rb	(45,12)-(45,13):undefined method: nil#*	V8	-	assign-in-cond-no-narrow	Key.new(p * q, e, inverse(e, phi), p, q)
corpus/03-numtheory/rsa_toy.rb	(58,30)-(58,33):undefined method: Numeric#chr	V2	-	numeric-catchall-overload	chars.unshift((v % 256).chr)
corpus/03-numtheory/rsa_toy.rb	(66,54)-(66,55):undefined method: Numeric#*	V2	-	numeric-catchall-overload	def toy_hash(text) = text.bytes.reduce(7) { |h, b| (h * 31 + b) % 1000003 }
corpus/03-numtheory/rsa_toy.rb	(79,30)-(79,31):undefined method: Numeric#*	V2	-	numeric-catchall-overload	puts "d * e mod phi = #{key.d * key.e % ((key.p - 1) * (key.q - 1))}"
corpus/03-numtheory/rsa_toy.rb	(79,48)-(79,49):undefined method: nil#-	V8	-	assign-in-cond-no-narrow	puts "d * e mod phi = #{key.d * key.e % ((key.p - 1) * (key.q - 1))}"
corpus/03-numtheory/sieve_primes.rb	(40,24)-(40,31):failed to resolve overloads	V4	-	sig-vertex-sharing	gaps.sort_by { |g| [-g[:size], g[:from]] }.take(k)
corpus/03-numtheory/sieve_primes.rb	(40,34)-(40,41):failed to resolve overloads	V4	-	sig-vertex-sharing	gaps.sort_by { |g| [-g[:size], g[:from]] }.take(k)
corpus/03-numtheory/sieve_primes.rb	(79,13)-(79,20):failed to resolve overloads	V4	-	sig-vertex-sharing	puts "  #{g[:from]} -> #{g[:to]}: #{g[:size]}"
corpus/03-numtheory/sieve_primes.rb	(79,28)-(79,33):failed to resolve overloads	V4	-	sig-vertex-sharing	puts "  #{g[:from]} -> #{g[:to]}: #{g[:size]}"
corpus/03-numtheory/sieve_primes.rb	(79,39)-(79,46):failed to resolve overloads	V4	-	sig-vertex-sharing	puts "  #{g[:from]} -> #{g[:to]}: #{g[:size]}"
corpus/03-numtheory/sieve_primes.rb	(82,71)-(82,75):undefined method: nil#join	residual	-	unclassified	puts "Mersenne prime exponents <= 30: #{mersenne_exponents(primes, 30).join(", ")}"
